#,Unknown0
0.0,0
1000000.0,0
1000001.0,0
1000002.0,0
1000003.0,0
1000010.0,1
1000010.1,2
1000010.2,3
1000010.3,4
1000010.4,5
1000010.5,6
1000010.6,7
1000010.7,8
1000010.8,30
1000010.9,31
1000010.10,36
1000010.11,37
1000010.12,72
1000010.13,73
1000010.14,74
1000010.15,75
1000010.16,94
1000010.17,95
1000010.18,96
1000010.19,110
1000010.20,111
1000010.21,127
1000010.22,128
1000010.23,129
1000010.24,130
1000010.25,131
1000010.26,140
1000010.27,141
1000010.28,142
1000010.29,143
1000010.30,145
1000010.31,146
1000010.32,147
1000010.33,148
1000010.34,149
1000010.35,150
1000010.36,152
1000010.37,153
1000010.38,174
1000010.39,175
1000010.40,176
1000010.41,178
1000010.42,180
1000010.43,184
1000010.44,186
1000010.45,190
1000010.46,193
1000010.47,204
1000010.48,205
1000010.49,206
1000010.50,207
1000010.51,241
1000010.52,243
1000010.53,247
1000010.54,248
1000010.55,249
1000010.56,250
1000010.57,251
1000010.58,252
1000010.59,253
1000010.60,254
1000010.61,267
1000010.62,268
1000010.63,273
1000010.64,274
1000010.65,422
1000010.66,423
1000010.67,424
1000010.68,425
1000010.69,426
1000010.70,427
1000010.71,428
1000010.72,429
1000010.73,430
1000010.74,431
1000010.75,432
1000010.76,433
1000010.77,434
1000010.78,435
1000010.79,436
1000010.80,437
1000010.81,438
1000010.82,439
1000010.83,440
1000010.84,441
1000010.85,442
1000010.86,443
1000010.87,444
1000010.88,445
1000010.89,446
1000010.90,447
1000010.91,448
1000010.92,449
1000010.93,450
1000010.94,451
1000010.95,452
1000010.96,453
1000010.97,454
1000010.98,455
1000010.99,456
1000010.100,457
1000010.101,458
1000010.102,459
1000010.103,460
1000010.104,461
1000010.105,462
1000010.106,463
1000010.107,464
1000010.108,465
1000010.109,466
1000010.110,467
1000010.111,468
1000010.112,469
1000010.113,470
1000010.114,471
1000010.115,472
1000010.116,473
1000010.117,474
1000010.118,475
1000010.119,476
1000010.120,701
1000010.121,703
1000010.122,709
1000010.123,730
1000010.124,739
1000010.125,743
1000010.126,744
1000010.127,759
1000010.128,761
1000010.129,762
1000010.130,795
1000010.131,805
1000010.132,825
1000010.133,852
1000010.134,856
1000010.135,858
1000010.136,859
1000010.137,874
1000010.138,877
1000010.139,939
1000010.140,994
1000010.141,995
1000010.142,996
1000010.143,997
1000010.144,998
1000010.145,999
1000010.146,1000
1000010.147,1001
1000010.148,1002
1000010.149,1003
1000010.150,1004
1000010.151,1005
1000010.152,1006
1000010.153,1007
1000010.154,1008
1000010.155,1009
1000010.156,1157
1000010.157,1182
1000010.158,1225
1000010.159,1254
1000010.160,1255
1000010.161,1256
1000010.162,1257
1000010.163,1259
1000010.164,1260
1000010.165,1261
1000010.166,1262
1000010.167,1263
1000010.168,1264
1000010.169,1265
1000010.170,1266
1000010.171,1267
1000010.172,1280
1000010.173,1281
1000010.174,1283
1000010.175,1288
1000010.176,1291
1000010.177,1292
1000010.178,1294
1000010.179,1351
1000010.180,1362
1000010.181,1363
1000010.182,1404
1000010.183,1413
1000010.184,1419
1000010.185,1432
1000010.186,1470
1000010.187,1486
1000010.188,1507
1000010.189,1508
1000010.190,1512
1000010.191,1515
1000010.192,1518
1000010.193,1519
1000010.194,1537
1000010.195,1538
1000010.196,1542
1000010.197,1547
1000010.198,1548
1000010.199,1567
1000010.200,1568
1000010.201,1570
1000010.202,1572
1000010.203,1582
1000010.204,1584
1000010.205,1585
1000010.206,1586
1000010.207,1587
1000010.208,1602
1000010.209,1608
1000010.210,1609
1000010.211,1612
1000010.212,1634
1000010.213,1644
1000010.214,1647
1000010.215,1648
1000010.216,1654
1000010.217,1657
1000010.218,1658
1000010.219,1661
1000010.220,1664
1000010.221,1673
1000010.222,1681
1000010.223,1682
1000010.224,1691
1000010.225,1692
1000010.226,1701
1000010.227,1716
1000010.228,151
1000010.229,1473
1000010.230,1592
1000010.231,1225
1000010.232,1233
1000010.233,1238
1000010.234,1244
1000010.235,1254
1000010.236,1255
1000010.237,1256
1000010.238,1257
1000010.239,1258
1000010.240,1259
1000010.241,1260
1000010.242,1261
1000010.243,1262
1000010.244,1263
1000010.245,1264
1000010.246,1265
1000010.247,1266
1000010.248,1267
1000010.249,1269
1000010.250,1272
1000010.251,1275
1000010.252,1276
1000010.253,1279
1000010.254,1280
1000010.255,1281
1000010.256,1283
1000010.257,1288
1000010.258,1291
1000010.259,1292
1000010.260,1293
1000010.261,1294
1000010.262,1351
1000010.263,1362
1000010.264,1363
1000010.265,1393
1000010.266,1395
1000010.267,1398
1000010.268,1404
1000010.269,1413
1000010.270,1419
1000010.271,1432
1000010.272,1470
1000010.273,1473
1000010.274,1486
1000010.275,1490
1000010.276,1491
1000010.277,1507
1000010.278,1508
1000010.279,1512
1000010.280,1515
1000010.281,1518
1000010.282,1519
1000010.283,1529
1000010.284,1537
1000010.285,1538
1000010.286,1542
1000010.287,1547
1000010.288,1548
1000010.289,1567
1000010.290,1568
1000010.291,1570
1000010.292,1572
1000010.293,1580
1000010.294,1582
1000010.295,1584
1000010.296,1585
1000010.297,1586
1000010.298,1587
1000010.299,1592
1000010.300,1594
1000010.301,1602
1000010.302,1605
1000010.303,1608
1000010.304,1609
1000010.305,1611
1000010.306,1612
1000010.307,1613
1000010.308,1614
1000010.309,1634
1000010.310,1644
1000010.311,1647
1000010.312,1648
1000010.313,1650
1000010.314,1654
1000010.315,1657
1000010.316,1658
1000010.317,1661
1000010.318,1664
1000010.319,1670
1000010.320,1673
1000010.321,1681
1000010.322,1682
1000010.323,1689
1000010.324,1691
1000010.325,1692
1000010.326,1701
1000010.327,1716
1000010.328,1574
1000011.0,9
1000011.1,10
1000011.2,11
1000011.3,12
1000011.4,13
1000011.5,14
1000011.6,15
1000011.7,16
1000011.8,17
1000011.9,18
1000011.10,23
1000011.11,24
1000011.12,26
1000011.13,27
1000011.14,28
1000011.15,29
1000011.16,35
1000011.17,76
1000011.18,77
1000011.19,78
1000011.20,79
1000011.21,80
1000011.22,81
1000011.23,82
1000011.24,83
1000011.25,84
1000011.26,85
1000011.27,97
1000011.28,98
1000011.29,99
1000011.30,100
1000011.31,101
1000011.32,102
1000011.33,103
1000011.34,104
1000011.35,105
1000011.36,112
1000011.37,117
1000011.38,119
1000011.39,120
1000011.40,132
1000011.41,133
1000011.42,134
1000011.43,135
1000011.44,136
1000011.45,137
1000011.46,144
1000011.47,154
1000011.48,155
1000011.49,156
1000011.50,157
1000011.51,158
1000011.52,160
1000011.53,161
1000011.54,162
1000011.55,163
1000011.56,167
1000011.57,179
1000011.58,181
1000011.59,182
1000011.60,191
1000011.61,194
1000011.62,199
1000011.63,208
1000011.64,209
1000011.65,210
1000011.66,211
1000011.67,212
1000011.68,213
1000011.69,214
1000011.70,215
1000011.71,216
1000011.72,217
1000011.73,218
1000011.74,219
1000011.75,231
1000011.76,232
1000011.77,233
1000011.78,234
1000011.79,242
1000011.80,255
1000011.81,256
1000011.82,257
1000011.83,258
1000011.84,259
1000011.85,260
1000011.86,261
1000011.87,262
1000011.88,270
1000011.89,275
1000011.90,276
1000011.91,277
1000011.92,278
1000011.93,279
1000011.94,280
1000011.95,281
1000011.96,282
1000011.97,283
1000011.98,284
1000011.99,285
1000011.100,286
1000011.101,287
1000011.102,288
1000011.103,289
1000011.104,290
1000011.105,291
1000011.106,292
1000011.107,293
1000011.108,294
1000011.109,295
1000011.110,296
1000011.111,297
1000011.112,298
1000011.113,299
1000011.114,300
1000011.115,301
1000011.116,302
1000011.117,303
1000011.118,304
1000011.119,305
1000011.120,306
1000011.121,307
1000011.122,310
1000011.123,334
1000011.124,335
1000011.125,336
1000011.126,337
1000011.127,338
1000011.128,339
1000011.129,340
1000011.130,341
1000011.131,342
1000011.132,343
1000011.133,344
1000011.134,345
1000011.135,346
1000011.136,347
1000011.137,348
1000011.138,349
1000011.139,350
1000011.140,351
1000011.141,352
1000011.142,353
1000011.143,354
1000011.144,355
1000011.145,356
1000011.146,357
1000011.147,380
1000011.148,381
1000011.149,382
1000011.150,383
1000011.151,384
1000011.152,385
1000011.153,386
1000011.154,387
1000011.155,388
1000011.156,389
1000011.157,390
1000011.158,391
1000011.159,392
1000011.160,394
1000011.161,395
1000011.162,396
1000011.163,397
1000011.164,399
1000011.165,400
1000011.166,401
1000011.167,402
1000011.168,477
1000011.169,478
1000011.170,479
1000011.171,480
1000011.172,481
1000011.173,482
1000011.174,483
1000011.175,484
1000011.176,485
1000011.177,486
1000011.178,487
1000011.179,488
1000011.180,489
1000011.181,490
1000011.182,491
1000011.183,492
1000011.184,493
1000011.185,494
1000011.186,495
1000011.187,496
1000011.188,497
1000011.189,498
1000011.190,499
1000011.191,500
1000011.192,501
1000011.193,502
1000011.194,503
1000011.195,504
1000011.196,505
1000011.197,506
1000011.198,507
1000011.199,508
1000011.200,509
1000011.201,510
1000011.202,511
1000011.203,512
1000011.204,513
1000011.205,514
1000011.206,515
1000011.207,516
1000011.208,517
1000011.209,518
1000011.210,519
1000011.211,520
1000011.212,521
1000011.213,522
1000011.214,523
1000011.215,524
1000011.216,525
1000011.217,526
1000011.218,527
1000011.219,528
1000011.220,529
1000011.221,530
1000011.222,531
1000011.223,532
1000011.224,533
1000011.225,534
1000011.226,535
1000011.227,537
1000011.228,538
1000011.229,539
1000011.230,540
1000011.231,541
1000011.232,542
1000011.233,543
1000011.234,544
1000011.235,545
1000011.236,546
1000011.237,547
1000011.238,548
1000011.239,549
1000011.240,550
1000011.241,551
1000011.242,552
1000011.243,553
1000011.244,554
1000011.245,555
1000011.246,556
1000011.247,557
1000011.248,558
1000011.249,559
1000011.250,560
1000011.251,561
1000011.252,562
1000011.253,563
1000011.254,564
1000011.255,565
1000011.256,566
1000011.257,567
1000011.258,568
1000011.259,569
1000011.260,570
1000011.261,572
1000011.262,573
1000011.263,574
1000011.264,575
1000011.265,576
1000011.266,577
1000011.267,578
1000011.268,579
1000011.269,580
1000011.270,581
1000011.271,582
1000011.272,583
1000011.273,584
1000011.274,585
1000011.275,586
1000011.276,587
1000011.277,588
1000011.278,589
1000011.279,590
1000011.280,591
1000011.281,592
1000011.282,593
1000011.283,594
1000011.284,595
1000011.285,596
1000011.286,597
1000011.287,598
1000011.288,599
1000011.289,600
1000011.290,601
1000011.291,602
1000011.292,603
1000011.293,604
1000011.294,605
1000011.295,606
1000011.296,607
1000011.297,608
1000011.298,609
1000011.299,610
1000011.300,611
1000011.301,612
1000011.302,613
1000011.303,614
1000011.304,615
1000011.305,616
1000011.306,617
1000011.307,618
1000011.308,619
1000011.309,620
1000011.310,621
1000011.311,622
1000011.312,623
1000011.313,624
1000011.314,625
1000011.315,626
1000011.316,627
1000011.317,628
1000011.318,629
1000011.319,630
1000011.320,631
1000011.321,632
1000011.322,633
1000011.323,634
1000011.324,635
1000011.325,636
1000011.326,637
1000011.327,638
1000011.328,639
1000011.329,640
1000011.330,641
1000011.331,642
1000011.332,643
1000011.333,644
1000011.334,645
1000011.335,646
1000011.336,647
1000011.337,648
1000011.338,649
1000011.339,650
1000011.340,651
1000011.341,652
1000011.342,653
1000011.343,654
1000011.344,655
1000011.345,656
1000011.346,691
1000011.347,697
1000011.348,698
1000011.349,699
1000011.350,702
1000011.351,704
1000011.352,705
1000011.353,706
1000011.354,707
1000011.355,708
1000011.356,710
1000011.357,711
1000011.358,712
1000011.359,715
1000011.360,716
1000011.361,717
1000011.362,719
1000011.363,720
1000011.364,721
1000011.365,722
1000011.366,723
1000011.367,724
1000011.368,725
1000011.369,726
1000011.370,727
1000011.371,728
1000011.372,729
1000011.373,731
1000011.374,732
1000011.375,733
1000011.376,734
1000011.377,735
1000011.378,736
1000011.379,737
1000011.380,738
1000011.381,740
1000011.382,741
1000011.383,742
1000011.384,745
1000011.385,746
1000011.386,747
1000011.387,748
1000011.388,749
1000011.389,750
1000011.390,751
1000011.391,752
1000011.392,753
1000011.393,754
1000011.394,755
1000011.395,756
1000011.396,760
1000011.397,763
1000011.398,764
1000011.399,765
1000011.400,766
1000011.401,767
1000011.402,768
1000011.403,769
1000011.404,770
1000011.405,771
1000011.406,772
1000011.407,773
1000011.408,774
1000011.409,775
1000011.410,776
1000011.411,777
1000011.412,778
1000011.413,779
1000011.414,780
1000011.415,781
1000011.416,782
1000011.417,783
1000011.418,784
1000011.419,785
1000011.420,786
1000011.421,787
1000011.422,788
1000011.423,789
1000011.424,790
1000011.425,791
1000011.426,792
1000011.427,793
1000011.428,794
1000011.429,796
1000011.430,797
1000011.431,798
1000011.432,799
1000011.433,801
1000011.434,802
1000011.435,803
1000011.436,804
1000011.437,806
1000011.438,807
1000011.439,808
1000011.440,809
1000011.441,810
1000011.442,811
1000011.443,812
1000011.444,813
1000011.445,814
1000011.446,815
1000011.447,816
1000011.448,817
1000011.449,818
1000011.450,819
1000011.451,820
1000011.452,821
1000011.453,822
1000011.454,823
1000011.455,824
1000011.456,826
1000011.457,827
1000011.458,828
1000011.459,829
1000011.460,830
1000011.461,831
1000011.462,832
1000011.463,833
1000011.464,834
1000011.465,835
1000011.466,836
1000011.467,838
1000011.468,839
1000011.469,840
1000011.470,844
1000011.471,845
1000011.472,848
1000011.473,849
1000011.474,850
1000011.475,851
1000011.476,853
1000011.477,854
1000011.478,855
1000011.479,857
1000011.480,860
1000011.481,861
1000011.482,863
1000011.483,864
1000011.484,865
1000011.485,866
1000011.486,867
1000011.487,868
1000011.488,869
1000011.489,870
1000011.490,871
1000011.491,872
1000011.492,873
1000011.493,875
1000011.494,876
1000011.495,878
1000011.496,879
1000011.497,880
1000011.498,881
1000011.499,882
1000011.500,885
1000011.501,886
1000011.502,887
1000011.503,888
1000011.504,889
1000011.505,891
1000011.506,896
1000011.507,898
1000011.508,900
1000011.509,903
1000011.510,904
1000011.511,908
1000011.512,909
1000011.513,910
1000011.514,912
1000011.515,913
1000011.516,914
1000011.517,918
1000011.518,919
1000011.519,920
1000011.520,921
1000011.521,922
1000011.522,924
1000011.523,925
1000011.524,926
1000011.525,927
1000011.526,928
1000011.527,929
1000011.528,933
1000011.529,934
1000011.530,935
1000011.531,936
1000011.532,937
1000011.533,938
1000011.534,941
1000011.535,944
1000011.536,945
1000011.537,946
1000011.538,947
1000011.539,951
1000011.540,953
1000011.541,958
1000011.542,960
1000011.543,962
1000011.544,963
1000011.545,964
1000011.546,967
1000011.547,968
1000011.548,969
1000011.549,970
1000011.550,971
1000011.551,973
1000011.552,974
1000011.553,975
1000011.554,978
1000011.555,979
1000011.556,980
1000011.557,981
1000011.558,985
1000011.559,987
1000011.560,988
1000011.561,990
1000011.562,992
1000011.563,993
1000011.564,1010
1000011.565,1011
1000011.566,1012
1000011.567,1013
1000011.568,1014
1000011.569,1015
1000011.570,1016
1000011.571,1017
1000011.572,1018
1000011.573,1020
1000011.574,1021
1000011.575,1022
1000011.576,1023
1000011.577,1024
1000011.578,1025
1000011.579,1026
1000011.580,1027
1000011.581,1028
1000011.582,1029
1000011.583,1030
1000011.584,1031
1000011.585,1032
1000011.586,1033
1000011.587,1034
1000011.588,1035
1000011.589,1037
1000011.590,1038
1000011.591,1039
1000011.592,1041
1000011.593,1042
1000011.594,1043
1000011.595,1044
1000011.596,1045
1000011.597,1046
1000011.598,1047
1000011.599,1048
1000011.600,1049
1000011.601,1050
1000011.602,1051
1000011.603,1052
1000011.604,1053
1000011.605,1054
1000011.606,1055
1000011.607,1056
1000011.608,1057
1000011.609,1058
1000011.610,1059
1000011.611,1060
1000011.612,1061
1000011.613,1062
1000011.614,1063
1000011.615,1064
1000011.616,1065
1000011.617,1066
1000011.618,1067
1000011.619,1069
1000011.620,1070
1000011.621,1071
1000011.622,1072
1000011.623,1073
1000011.624,1074
1000011.625,1075
1000011.626,1076
1000011.627,1077
1000011.628,1078
1000011.629,1079
1000011.630,1080
1000011.631,1081
1000011.632,1082
1000011.633,1083
1000011.634,1084
1000011.635,1085
1000011.636,1086
1000011.637,1087
1000011.638,1088
1000011.639,1089
1000011.640,1090
1000011.641,1091
1000011.642,1092
1000011.643,1093
1000011.644,1094
1000011.645,1095
1000011.646,1096
1000011.647,1097
1000011.648,1098
1000011.649,1099
1000011.650,1100
1000011.651,1101
1000011.652,1102
1000011.653,1103
1000011.654,1104
1000011.655,1105
1000011.656,1106
1000011.657,1107
1000011.658,1108
1000011.659,1110
1000011.660,1111
1000011.661,1112
1000011.662,1113
1000011.663,1114
1000011.664,1115
1000011.665,1116
1000011.666,1117
1000011.667,1118
1000011.668,1120
1000011.669,1121
1000011.670,1122
1000011.671,1123
1000011.672,1124
1000011.673,1126
1000011.674,1127
1000011.675,1128
1000011.676,1129
1000011.677,1130
1000011.678,1131
1000011.679,1134
1000011.680,1135
1000011.681,1136
1000011.682,1137
1000011.683,1139
1000011.684,1143
1000011.685,1145
1000011.686,1146
1000011.687,1147
1000011.688,1148
1000011.689,1149
1000011.690,1150
1000011.691,1151
1000011.692,1152
1000011.693,1153
1000011.694,1154
1000011.695,1155
1000011.696,1156
1000011.697,1158
1000011.698,1159
1000011.699,1160
1000011.700,1161
1000011.701,1162
1000011.702,1163
1000011.703,1164
1000011.704,1165
1000011.705,1166
1000011.706,1167
1000011.707,1168
1000011.708,1169
1000011.709,1170
1000011.710,1171
1000011.711,1172
1000011.712,1173
1000011.713,1174
1000011.714,1176
1000011.715,1178
1000011.716,1179
1000011.717,1180
1000011.718,1181
1000011.719,1183
1000011.720,1184
1000011.721,1185
1000011.722,1186
1000011.723,1187
1000011.724,1188
1000011.725,1189
1000011.726,1190
1000011.727,1193
1000011.728,1194
1000011.729,1196
1000011.730,1197
1000011.731,1198
1000011.732,1199
1000011.733,1200
1000011.734,1201
1000011.735,1202
1000011.736,1204
1000011.737,1206
1000011.738,1207
1000011.739,1208
1000011.740,1209
1000011.741,1212
1000011.742,1213
1000011.743,1214
1000011.744,1215
1000011.745,1217
1000011.746,1221
1000011.747,1222
1000011.748,1224
1000011.749,1227
1000011.750,1228
1000011.751,1229
1000011.752,1230
1000011.753,1231
1000011.754,1232
1000011.755,1233
1000011.756,1234
1000011.757,1235
1000011.758,1236
1000011.759,1237
1000011.760,1238
1000011.761,1239
1000011.762,1240
1000011.763,1241
1000011.764,1242
1000011.765,1243
1000011.766,1244
1000011.767,1245
1000011.768,1246
1000011.769,1247
1000011.770,1248
1000011.771,1249
1000011.772,1250
1000011.773,1251
1000011.774,1252
1000011.775,1253
1000011.776,1258
1000011.777,1268
1000011.778,1269
1000011.779,1270
1000011.780,1271
1000011.781,1272
1000011.782,1273
1000011.783,1274
1000011.784,1275
1000011.785,1276
1000011.786,1277
1000011.787,1278
1000011.788,1279
1000011.789,1282
1000011.790,1284
1000011.791,1285
1000011.792,1286
1000011.793,1287
1000011.794,1289
1000011.795,1290
1000011.796,1293
1000011.797,1296
1000011.798,1297
1000011.799,1298
1000011.800,1299
1000011.801,1300
1000011.802,1301
1000011.803,1302
1000011.804,1303
1000011.805,1304
1000011.806,1305
1000011.807,1307
1000011.808,1308
1000011.809,1311
1000011.810,1312
1000011.811,1313
1000011.812,1314
1000011.813,1315
1000011.814,1316
1000011.815,1317
1000011.816,1319
1000011.817,1320
1000011.818,1321
1000011.819,1322
1000011.820,1323
1000011.821,1325
1000011.822,1329
1000011.823,1330
1000011.824,1332
1000011.825,1333
1000011.826,1335
1000011.827,1336
1000011.828,1337
1000011.829,1338
1000011.830,1339
1000011.831,1341
1000011.832,1342
1000011.833,1343
1000011.834,1344
1000011.835,1345
1000011.836,1346
1000011.837,1347
1000011.838,1348
1000011.839,1349
1000011.840,1352
1000011.841,1353
1000011.842,1354
1000011.843,1355
1000011.844,1356
1000011.845,1358
1000011.846,1359
1000011.847,1360
1000011.848,1361
1000011.849,1364
1000011.850,1366
1000011.851,1368
1000011.852,1369
1000011.853,1370
1000011.854,1371
1000011.855,1372
1000011.856,1373
1000011.857,1374
1000011.858,1375
1000011.859,1376
1000011.860,1377
1000011.861,1378
1000011.862,1379
1000011.863,1380
1000011.864,1381
1000011.865,1382
1000011.866,1384
1000011.867,1385
1000011.868,1386
1000011.869,1387
1000011.870,1388
1000011.871,1389
1000011.872,1390
1000011.873,1391
1000011.874,1392
1000011.875,1393
1000011.876,1394
1000011.877,1395
1000011.878,1396
1000011.879,1397
1000011.880,1398
1000011.881,1399
1000011.882,1400
1000011.883,1401
1000011.884,1402
1000011.885,1403
1000011.886,1405
1000011.887,1408
1000011.888,1409
1000011.889,1410
1000011.890,1411
1000011.891,1412
1000011.892,1415
1000011.893,1416
1000011.894,1418
1000011.895,1420
1000011.896,1421
1000011.897,1422
1000011.898,1423
1000011.899,1424
1000011.900,1425
1000011.901,1426
1000011.902,1427
1000011.903,1428
1000011.904,1429
1000011.905,1430
1000011.906,1431
1000011.907,1433
1000011.908,1434
1000011.909,1435
1000011.910,1436
1000011.911,1437
1000011.912,1438
1000011.913,1439
1000011.914,1440
1000011.915,1441
1000011.916,1442
1000011.917,1443
1000011.918,1444
1000011.919,1445
1000011.920,1446
1000011.921,1447
1000011.922,1448
1000011.923,1449
1000011.924,1450
1000011.925,1451
1000011.926,1452
1000011.927,1453
1000011.928,1454
1000011.929,1455
1000011.930,1457
1000011.931,1458
1000011.932,1459
1000011.933,1460
1000011.934,1461
1000011.935,1463
1000011.936,1464
1000011.937,1465
1000011.938,1466
1000011.939,1467
1000011.940,1469
1000011.941,1471
1000011.942,1472
1000011.943,1476
1000011.944,1477
1000011.945,1479
1000011.946,1480
1000011.947,1481
1000011.948,1482
1000011.949,1483
1000011.950,1484
1000011.951,1485
1000011.952,1490
1000011.953,1491
1000011.954,1492
1000011.955,1494
1000011.956,1495
1000011.957,1498
1000011.958,1503
1000011.959,1504
1000011.960,1509
1000011.961,1510
1000011.962,1511
1000011.963,1513
1000011.964,1514
1000011.965,1516
1000011.966,1517
1000011.967,1520
1000011.968,1521
1000011.969,1522
1000011.970,1523
1000011.971,1524
1000011.972,1525
1000011.973,1526
1000011.974,1527
1000011.975,1528
1000011.976,1529
1000011.977,1536
1000011.978,1549
1000011.979,1552
1000011.980,1557
1000011.981,1558
1000011.982,1559
1000011.983,1560
1000011.984,1561
1000011.985,1563
1000011.986,1565
1000011.987,1569
1000011.988,1576
1000011.989,1577
1000011.990,1578
1000011.991,1580
1000011.992,1594
1000011.993,1599
1000011.994,1600
1000011.995,1601
1000011.996,1603
1000011.997,1605
1000011.998,1611
1000011.999,1613
1000011.1000,1615
1000011.1001,1616
1000011.1002,1618
1000011.1003,1619
1000011.1004,1620
1000011.1005,1621
1000011.1006,1622
1000011.1007,1623
1000011.1008,1626
1000011.1009,1627
1000011.1010,1628
1000011.1011,1629
1000011.1012,1630
1000011.1013,1636
1000011.1014,1646
1000011.1015,1649
1000011.1016,1650
1000011.1017,1651
1000011.1018,1659
1000011.1019,1660
1000011.1020,1663
1000011.1021,1670
1000011.1022,1671
1000011.1023,1675
1000011.1024,1677
1000011.1025,1678
1000011.1026,1680
1000011.1027,1685
1000011.1028,1689
1000011.1029,1690
1000011.1030,1693
1000011.1031,1698
1000011.1032,1708
1000011.1033,1714
1000011.1034,1717
1000011.1035,1718
1000011.1036,1719
1000011.1037,1720
1000011.1038,1723
1000011.1039,1725
1000011.1040,1727
1000011.1041,1733
1000011.1042,1736
1000011.1043,1738
1000011.1044,1740
1000011.1045,1741
1000011.1046,1742
1000011.1047,1743
1000011.1048,1744
1000011.1049,1574
1000011.1050,1861
1000011.1051,894
1000011.1052,1334
1000011.1053,1468
1000011.1054,1383
1000011.1055,1019
1000011.1056,1036
1000011.1057,1068
1000011.1058,1551
1000011.1059,69
1000011.1060,87
1000011.1061,121
1000011.1062,159
1000011.1063,308
1000011.1064,360
1000011.1065,393
1000011.1066,398
1000011.1067,404
1000011.1068,906
1000011.1069,911
1000011.1070,932
1000011.1071,1462
1000011.1072,1474
1000011.1073,1475
1000011.1074,1539
1000011.1075,1540
1000011.1076,1541
1000011.1077,1553
1000011.1078,1554
1000011.1079,1573
1000011.1080,1624
1000011.1081,34
1000011.1082,1694
1000011.1083,1707
1000011.1084,1558
1000011.1085,1559
1000011.1086,1560
1000011.1087,1561
1000011.1088,1563
1000011.1089,1565
1000011.1090,1569
1000011.1091,1573
1000011.1092,1575
1000011.1093,1576
1000011.1094,1577
1000011.1095,1578
1000011.1096,1583
1000011.1097,1599
1000011.1098,1600
1000011.1099,1601
1000011.1100,1603
1000011.1101,1606
1000011.1102,1615
1000011.1103,1616
1000011.1104,1617
1000011.1105,1618
1000011.1106,1619
1000011.1107,1620
1000011.1108,1621
1000011.1109,1622
1000011.1110,1623
1000011.1111,1624
1000011.1112,1626
1000011.1113,1627
1000011.1114,1628
1000011.1115,1629
1000011.1116,1630
1000011.1117,1636
1000011.1118,1639
1000011.1119,1645
1000011.1120,1646
1000011.1121,1649
1000011.1122,1651
1000011.1123,1659
1000011.1124,1660
1000011.1125,1663
1000011.1126,1671
1000011.1127,1672
1000011.1128,1675
1000011.1129,1677
1000011.1130,1678
1000011.1131,1680
1000011.1132,1685
1000011.1133,1690
1000011.1134,1693
1000011.1135,1694
1000011.1136,1697
1000011.1137,1698
1000011.1138,1700
1000011.1139,1707
1000011.1140,1708
1000011.1141,1713
1000011.1142,1714
1000011.1143,1717
1000011.1144,1718
1000011.1145,1719
1000011.1146,1720
1000011.1147,1722
1000011.1148,1723
1000011.1149,1725
1000011.1150,1727
1000011.1151,1733
1000011.1152,1734
1000011.1153,1735
1000011.1154,1736
1000011.1155,1737
1000011.1156,1738
1000011.1157,1739
1000011.1158,1740
1000011.1159,1741
1000011.1160,1742
1000011.1161,1743
1000011.1162,1744
1000011.1163,1534
1000011.1164,1861
1000011.1165,308
1000011.1166,894
1000011.1167,1334
1000011.1168,1468
1000011.1169,1383
1000011.1170,1019
1000011.1171,1866
1000011.1172,1036
1000011.1173,1068
1000011.1174,1551
1000011.1175,1861
1000011.1176,308
1000011.1177,894
1000012.0,19
1000012.1,20
1000012.2,21
1000012.3,22
1000012.4,25
1000012.5,71
1000012.6,86
1000012.7,88
1000012.8,89
1000012.9,106
1000012.10,113
1000012.11,118
1000012.12,122
1000012.13,139
1000012.14,164
1000012.15,165
1000012.16,166
1000012.17,183
1000012.18,187
1000012.19,188
1000012.20,192
1000012.21,195
1000012.22,196
1000012.23,197
1000012.24,200
1000012.25,220
1000012.26,221
1000012.27,222
1000012.28,223
1000012.29,236
1000012.30,237
1000012.31,238
1000012.32,244
1000012.33,245
1000012.34,246
1000012.35,264
1000012.36,265
1000012.37,271
1000012.38,272
1000012.39,309
1000012.40,311
1000012.41,312
1000012.42,313
1000012.43,314
1000012.44,315
1000012.45,316
1000012.46,317
1000012.47,318
1000012.48,319
1000012.49,320
1000012.50,321
1000012.51,322
1000012.52,323
1000012.53,324
1000012.54,325
1000012.55,326
1000012.56,327
1000012.57,328
1000012.58,329
1000012.59,330
1000012.60,331
1000012.61,358
1000012.62,359
1000012.63,361
1000012.64,362
1000012.65,363
1000012.66,364
1000012.67,365
1000012.68,366
1000012.69,367
1000012.70,368
1000012.71,369
1000012.72,370
1000012.73,371
1000012.74,372
1000012.75,373
1000012.76,374
1000012.77,375
1000012.78,376
1000012.79,377
1000012.80,379
1000012.81,403
1000012.82,405
1000012.83,406
1000012.84,407
1000012.85,408
1000012.86,409
1000012.87,410
1000012.88,411
1000012.89,412
1000012.90,413
1000012.91,414
1000012.92,415
1000012.93,416
1000012.94,417
1000012.95,418
1000012.96,419
1000012.97,657
1000012.98,658
1000012.99,659
1000012.100,660
1000012.101,661
1000012.102,662
1000012.103,663
1000012.104,664
1000012.105,665
1000012.106,666
1000012.107,667
1000012.108,668
1000012.109,669
1000012.110,670
1000012.111,671
1000012.112,672
1000012.113,673
1000012.114,674
1000012.115,675
1000012.116,677
1000012.117,678
1000012.118,679
1000012.119,680
1000012.120,681
1000012.121,682
1000012.122,683
1000012.123,684
1000012.124,685
1000012.125,686
1000012.126,687
1000012.127,688
1000012.128,689
1000012.129,693
1000012.130,695
1000012.131,696
1000012.132,700
1000012.133,713
1000012.134,714
1000012.135,718
1000012.136,757
1000012.137,758
1000012.138,800
1000012.139,837
1000012.140,841
1000012.141,862
1000012.142,883
1000012.143,884
1000012.144,890
1000012.145,893
1000012.146,895
1000012.147,897
1000012.148,899
1000012.149,901
1000012.150,902
1000012.151,905
1000012.152,915
1000012.153,923
1000012.154,930
1000012.155,931
1000012.156,940
1000012.157,942
1000012.158,948
1000012.159,949
1000012.160,950
1000012.161,954
1000012.162,955
1000012.163,956
1000012.164,957
1000012.165,959
1000012.166,961
1000012.167,965
1000012.168,966
1000012.169,972
1000012.170,976
1000012.171,977
1000012.172,983
1000012.173,984
1000012.174,986
1000012.175,989
1000012.176,991
1000012.177,1040
1000012.178,1109
1000012.179,1119
1000012.180,1125
1000012.181,1132
1000012.182,1133
1000012.183,1138
1000012.184,1140
1000012.185,1141
1000012.186,1142
1000012.187,1144
1000012.188,1175
1000012.189,1177
1000012.190,1191
1000012.191,1195
1000012.192,1203
1000012.193,1205
1000012.194,1210
1000012.195,1211
1000012.196,1216
1000012.197,1218
1000012.198,1219
1000012.199,1220
1000012.200,1223
1000012.201,1226
1000012.202,1295
1000012.203,1306
1000012.204,1309
1000012.205,1310
1000012.206,1318
1000012.207,1324
1000012.208,1326
1000012.209,1327
1000012.210,1328
1000012.211,1331
1000012.212,1340
1000012.213,1350
1000012.214,1357
1000012.215,1365
1000012.216,1367
1000012.217,1406
1000012.218,1407
1000012.219,1414
1000012.220,1417
1000012.221,1456
1000012.222,1478
1000012.223,1489
1000012.224,1496
1000012.225,1497
1000012.226,1500
1000012.227,1501
1000012.228,1502
1000012.229,1505
1000012.230,1506
1000012.231,1532
1000012.232,1533
1000012.233,1543
1000012.234,1544
1000012.235,1546
1000012.236,1555
1000012.237,1556
1000012.238,1583
1000012.239,1588
1000012.240,1593
1000012.241,1606
1000012.242,1607
1000012.243,1610
1000012.244,1617
1000012.245,1633
1000012.246,1639
1000012.247,1645
1000012.248,1652
1000012.249,1653
1000012.250,1656
1000012.251,1662
1000012.252,1665
1000012.253,1669
1000012.254,1672
1000012.255,1674
1000012.256,1679
1000012.257,1686
1000012.258,1695
1000012.259,1697
1000012.260,1700
1000012.261,1702
1000012.262,1712
1000012.263,1713
1000012.264,1721
1000012.265,1722
1000012.266,1724
1000012.267,1726
1000012.268,1728
1000012.269,1730
1000012.270,1734
1000012.271,1735
1000012.272,1737
1000012.273,1739
1000012.274,943
1000012.275,1534
1000012.276,1863
1000012.277,107
1000012.278,109
1000012.279,123
1000012.280,138
1000012.281,333
1000012.282,1866
1000012.283,1575
1000012.284,1589
1000012.285,1590
1000012.286,1591
1000012.287,32
1000012.288,1638
1000012.289,1640
1000012.290,1667
1000012.291,1696
1000012.292,1739
1000012.293,943
1000012.294,1534
1000012.295,1863
1000012.296,1866
1000013.0,91
1000013.1,108
1000013.2,169
1000013.3,170
1000013.4,171
1000013.5,173
1000013.6,177
1000013.7,224
1000013.8,226
1000013.9,227
1000013.10,228
1000013.11,230
1000013.12,235
1000013.13,239
1000013.14,240
1000013.15,1192
1000013.16,1487
1000013.17,1493
1000013.18,1564
1000013.19,1566
1000013.20,1579
1000013.21,1632
1000013.22,1637
1000013.23,1655
1000013.24,1668
1000013.25,1684
1000013.26,1688
1000013.27,1699
1000013.28,1703
1000013.29,1706
1000013.30,1709
1000013.31,1715
1000013.32,1731
1000013.33,1732
1000013.34,70
1000013.35,114
1000013.36,116
1000013.37,1862
1000013.38,189
1000013.39,198
1000013.40,225
1000013.41,1530
1000013.42,1597
1000013.43,1604
1000013.44,1631
1000013.45,1635
1000013.46,33
1000013.47,1683
1000013.48,1732
1000013.49,1862
1000013.50,33
1900000.0,0
1900010.0,38
1900010.1,39
1900010.2,40
1900010.3,41
1900010.4,42
1900010.5,43
1900010.6,44
1900010.7,45
1900010.8,46
1900010.9,47
1900010.10,48
1900010.11,49
1900010.12,50
1900010.13,51
1900010.14,52
1900010.15,53
1900010.16,54
1900010.17,55
1900010.18,56
1900010.19,57
1900010.20,58
1900010.21,59
1900010.22,60
1900010.23,61
1900010.24,62
1900010.25,63
1900010.26,64
1900010.27,65
1900010.28,66
1900010.29,67
1900010.30,68
2000000.0,0
2000001.0,0
2000002.0,0
2000003.0,0
2000010.0,12
2000010.1,9
2000010.2,10
2000010.3,11
2000010.4,3
2000010.5,1746
2000010.6,4
2000010.7,1747
2000010.8,5
2000010.9,1748
2000010.10,6
2000010.11,7
2000010.12,8
2000010.13,14
2000010.14,1
2000010.15,2
2000010.16,82
2000010.17,79
2000010.18,76
2000010.19,77
2000010.20,74
2000010.21,578
2000010.22,75
2000010.23,1751
2000010.24,72
2000010.25,81
2000010.26,117
2000010.27,119
2000010.28,98
2000010.29,99
2000010.30,158
2000010.31,95
2000010.32,96
2000010.33,94
2000010.34,110
2000010.35,111
2000010.36,120
2000010.37,134
2000010.38,132
2000010.39,130
2000010.40,131
2000010.41,129
2000010.42,127
2000010.43,128
2000010.44,181
2000010.45,180
2000010.46,149
2000010.47,155
2000010.48,150
2000010.49,152
2000010.50,153
2000010.51,147
2000010.52,148
2000010.53,145
2000010.54,146
2000010.55,176
2000010.56,1756
2000010.57,186
2000010.58,193
2000010.59,214
2000010.60,211
2000010.61,207
2000010.62,205
2000010.63,206
2000010.64,209
2000010.65,241
2000010.66,1763
2000010.67,251
2000010.68,252
2000010.69,254
2000010.70,255
2000010.71,249
2000010.72,247
2000010.73,248
2000010.74,298
2000010.75,273
2000010.76,687
2000010.77,634
2000010.78,584
2000010.79,596
2000010.80,598
2000010.81,601
2000010.82,603
2000010.83,604
2000010.84,536
2000010.85,537
2000010.86,540
2000010.87,541
2000010.88,547
2000010.89,549
2000010.90,551
2000010.91,558
2000010.92,562
2000010.93,500
2000010.94,501
2000010.95,642
2000010.96,503
2000010.97,504
2000010.98,569
2000010.99,668
2000010.100,505
2000010.101,506
2000010.102,507
2000010.103,509
2000010.104,678
2000010.105,645
2000010.106,646
2000010.107,477
2000010.108,478
2000010.109,479
2000010.110,481
2000010.111,482
2000010.112,484
2000010.113,485
2000010.114,487
2000010.115,489
2000010.116,490
2000010.117,680
2000010.118,650
2000010.119,491
2000010.120,439
2000010.121,440
2000010.122,441
2000010.123,442
2000010.124,443
2000010.125,444
2000010.126,445
2000010.127,446
2000010.128,447
2000010.129,448
2000010.130,449
2000010.131,450
2000010.132,451
2000010.133,452
2000010.134,453
2000010.135,454
2000010.136,455
2000010.137,456
2000010.138,457
2000010.139,458
2000010.140,459
2000010.141,460
2000010.142,461
2000010.143,462
2000010.144,463
2000010.145,464
2000010.146,465
2000010.147,466
2000010.148,467
2000010.149,468
2000010.150,470
2000010.151,471
2000010.152,473
2000010.153,425
2000010.154,1768
2000010.155,426
2000010.156,1769
2000010.157,427
2000010.158,428
2000010.159,429
2000010.160,430
2000010.161,431
2000010.162,432
2000010.163,433
2000010.164,434
2000010.165,435
2000010.166,436
2000010.167,521
2000010.168,525
2000010.169,528
2000010.170,437
2000010.171,474
2000010.172,530
2000010.173,531
2000010.174,532
2000010.175,422
2000010.176,423
2000010.177,424
2000010.178,142
2000010.179,143
2000010.180,174
2000010.181,175
2000010.182,178
2000010.183,179
2000010.184,190
2000010.185,267
2000010.186,268
2000010.187,381
2000010.188,385
2000010.189,701
2000010.190,703
2000010.191,708
2000010.192,709
2000010.193,710
2000010.194,720
2000010.195,723
2000010.196,726
2000010.197,730
2000010.198,731
2000010.199,732
2000010.200,733
2000010.201,734
2000010.202,735
2000010.203,736
2000010.204,739
2000010.205,741
2000010.206,742
2000010.207,743
2000010.208,744
2000010.209,746
2000010.210,747
2000010.211,748
2000010.212,749
2000010.213,752
2000010.214,753
2000010.215,754
2000010.216,755
2000010.217,759
2000010.218,761
2000010.219,762
2000010.220,764
2000010.221,766
2000010.222,767
2000010.223,769
2000010.224,771
2000010.225,774
2000010.226,778
2000010.227,779
2000010.228,780
2000010.229,783
2000010.230,788
2000010.231,789
2000010.232,790
2000010.233,791
2000010.234,792
2000010.235,794
2000010.236,795
2000010.237,797
2000010.238,798
2000010.239,804
2000010.240,809
2000010.241,813
2000010.242,814
2000010.243,815
2000010.244,816
2000010.245,819
2000010.246,824
2000010.247,825
2000010.248,828
2000010.249,830
2000010.250,831
2000010.251,833
2000010.252,836
2000010.253,838
2000010.254,842
2000010.255,844
2000010.256,845
2000010.257,847
2000010.258,848
2000010.259,851
2000010.260,854
2000010.261,855
2000010.262,858
2000010.263,859
2000010.264,869
2000010.265,870
2000010.266,874
2000010.267,875
2000010.268,876
2000010.269,877
2000010.270,878
2000010.271,901
2000010.272,932
2000010.273,945
2000010.274,969
2000010.275,978
2000010.276,982
2000010.277,994
2000010.278,995
2000010.279,996
2000010.280,997
2000010.281,998
2000010.282,999
2000010.283,1000
2000010.284,1001
2000010.285,1002
2000010.286,1003
2000010.287,1004
2000010.288,1005
2000010.289,1006
2000010.290,1007
2000010.291,1008
2000010.292,1009
2000010.293,1010
2000010.294,1012
2000010.295,1017
2000010.296,1018
2000010.297,1151
2000010.298,1152
2000010.299,1157
2000010.300,1165
2000010.301,1171
2000010.302,1182
2000010.303,1204
2000010.304,1214
2000010.305,1221
2000010.306,1222
2000010.307,1225
2000010.308,1230
2000010.309,1234
2000010.310,1240
2000010.311,1244
2000010.312,1254
2000010.313,1255
2000010.314,1256
2000010.315,1257
2000010.316,1259
2000010.317,1260
2000010.318,1261
2000010.319,1262
2000010.320,1264
2000010.321,1265
2000010.322,1266
2000010.323,1267
2000010.324,1268
2000010.325,1271
2000010.326,1272
2000010.327,1273
2000010.328,1276
2000010.329,1277
2000010.330,1279
2000010.331,1280
2000010.332,1281
2000010.333,1283
2000010.334,1285
2000010.335,1287
2000010.336,1288
2000010.337,1291
2000010.338,1292
2000010.339,1293
2000010.340,1298
2000010.341,1299
2000010.342,1319
2000010.343,1339
2000010.344,1351
2000010.345,1360
2000010.346,1363
2000010.347,1364
2000010.348,1389
2000010.349,1392
2000010.350,1393
2000010.351,1397
2000010.352,1398
2000010.353,1404
2000010.354,1407
2000010.355,1412
2000010.356,1424
2000010.357,1425
2000010.358,1426
2000010.359,1427
2000010.360,1432
2000010.361,1443
2000010.362,1447
2000010.363,1460
2000010.364,1461
2000010.365,1465
2000010.366,1473
2000010.367,1474
2000010.368,1480
2000010.369,1490
2000010.370,1491
2000010.371,1507
2000010.372,1508
2000010.373,1509
2000010.374,1512
2000010.375,1518
2000010.376,1519
2000010.377,1537
2000010.378,1538
2000010.379,1542
2000010.380,1547
2000010.381,1548
2000010.382,1549
2000010.383,1567
2000010.384,1568
2000010.385,1572
2000010.386,1574
2000010.387,1584
2000010.388,1585
2000010.389,1586
2000010.390,1587
2000010.391,1592
2000010.392,1594
2000010.393,1602
2000010.394,1608
2000010.395,1609
2000010.396,1612
2000010.397,1613
2000010.398,1621
2000010.399,27
2000010.400,28
2000010.401,30
2000010.402,31
2000010.403,36
2000010.404,37
2000010.405,1644
2000010.406,1647
2000010.407,1648
2000010.408,1654
2000010.409,1657
2000010.410,1658
2000010.411,1661
2000010.412,1664
2000010.413,1673
2000010.414,1678
2000010.415,1681
2000010.416,1685
2000010.417,1689
2000010.418,1690
2000010.419,1691
2000010.420,1692
2000010.421,1693
2000010.422,1701
2000010.423,1708
2000010.424,1716
2000010.425,1741
2000010.426,1569
2000010.427,256
2000011.0,17
2000011.1,18
2000011.2,15
2000011.3,16
2000011.4,675
2000011.5,653
2000011.6,654
2000011.7,655
2000011.8,88
2000011.9,1749
2000011.10,97
2000011.11,85
2000011.12,73
2000011.13,681
2000011.14,1750
2000011.15,80
2000011.16,624
2000011.17,78
2000011.18,107
2000011.19,103
2000011.20,102
2000011.21,104
2000011.22,100
2000011.23,101
2000011.24,105
2000011.25,113
2000011.26,154
2000011.27,133
2000011.28,137
2000011.29,135
2000011.30,164
2000011.31,162
2000011.32,163
2000011.33,156
2000011.34,535
2000011.35,161
2000011.36,157
2000011.37,628
2000011.38,182
2000011.39,199
2000011.40,534
2000011.41,194
2000011.42,210
2000011.43,216
2000011.44,1623
2000011.45,220
2000011.46,218
2000011.47,215
2000011.48,212
2000011.49,208
2000011.50,204
2000011.51,1759
2000011.52,234
2000011.53,242
2000011.54,1760
2000011.55,264
2000011.56,265
2000011.57,261
2000011.58,262
2000011.59,263
2000011.60,257
2000011.61,258
2000011.62,259
2000011.63,260
2000011.64,250
2000011.65,330
2000011.66,317
2000011.67,318
2000011.68,324
2000011.69,325
2000011.70,297
2000011.71,300
2000011.72,301
2000011.73,309
2000011.74,288
2000011.75,289
2000011.76,290
2000011.77,291
2000011.78,302
2000011.79,292
2000011.80,310
2000011.81,320
2000011.82,312
2000011.83,279
2000011.84,280
2000011.85,1764
2000011.86,327
2000011.87,281
2000011.88,282
2000011.89,293
2000011.90,283
2000011.91,274
2000011.92,369
2000011.93,359
2000011.94,352
2000011.95,370
2000011.96,353
2000011.97,354
2000011.98,338
2000011.99,339
2000011.100,374
2000011.101,345
2000011.102,372
2000011.103,340
2000011.104,418
2000011.105,391
2000011.106,392
2000011.107,383
2000011.108,399
2000011.109,657
2000011.110,676
2000011.111,658
2000011.112,659
2000011.113,660
2000011.114,661
2000011.115,662
2000011.116,581
2000011.117,625
2000011.118,582
2000011.119,626
2000011.120,663
2000011.121,627
2000011.122,1766
2000011.123,583
2000011.124,629
2000011.125,630
2000011.126,631
2000011.127,632
2000011.128,633
2000011.129,635
2000011.130,636
2000011.131,637
2000011.132,638
2000011.133,585
2000011.134,586
2000011.135,587
2000011.136,588
2000011.137,589
2000011.138,590
2000011.139,591
2000011.140,592
2000011.141,595
2000011.142,597
2000011.143,599
2000011.144,600
2000011.145,602
2000011.146,605
2000011.147,606
2000011.148,607
2000011.149,608
2000011.150,640
2000011.151,609
2000011.152,610
2000011.153,611
2000011.154,538
2000011.155,539
2000011.156,542
2000011.157,543
2000011.158,544
2000011.159,545
2000011.160,546
2000011.161,548
2000011.162,550
2000011.163,552
2000011.164,553
2000011.165,554
2000011.166,555
2000011.167,556
2000011.168,557
2000011.169,641
2000011.170,559
2000011.171,560
2000011.172,561
2000011.173,563
2000011.174,564
2000011.175,565
2000011.176,567
2000011.177,612
2000011.178,682
2000011.179,666
2000011.180,667
2000011.181,496
2000011.182,1767
2000011.183,568
2000011.184,498
2000011.185,499
2000011.186,502
2000011.187,643
2000011.188,614
2000011.189,644
2000011.190,684
2000011.191,508
2000011.192,570
2000011.193,510
2000011.194,511
2000011.195,512
2000011.196,513
2000011.197,615
2000011.198,647
2000011.199,616
2000011.200,670
2000011.201,571
2000011.202,671
2000011.203,480
2000011.204,618
2000011.205,483
2000011.206,685
2000011.207,686
2000011.208,679
2000011.209,672
2000011.210,486
2000011.211,488
2000011.212,514
2000011.213,619
2000011.214,648
2000011.215,572
2000011.216,573
2000011.217,515
2000011.218,651
2000011.219,652
2000011.220,492
2000011.221,516
2000011.222,517
2000011.223,518
2000011.224,519
2000011.225,469
2000011.226,621
2000011.227,472
2000011.228,623
2000011.229,574
2000011.230,579
2000011.231,580
2000011.232,493
2000011.233,494
2000011.234,522
2000011.235,523
2000011.236,524
2000011.237,526
2000011.238,577
2000011.239,527
2000011.240,529
2000011.241,533
2000011.242,475
2000011.243,495
2000011.244,438
2000011.245,476
2000011.246,144
2000011.247,167
2000011.248,191
2000011.249,201
2000011.250,246
2000011.251,270
2000011.252,272
2000011.253,275
2000011.254,277
2000011.255,278
2000011.256,284
2000011.257,285
2000011.258,286
2000011.259,287
2000011.260,294
2000011.261,295
2000011.262,304
2000011.263,305
2000011.264,306
2000011.265,307
2000011.266,316
2000011.267,321
2000011.268,322
2000011.269,329
2000011.270,335
2000011.271,336
2000011.272,337
2000011.273,341
2000011.274,342
2000011.275,343
2000011.276,344
2000011.277,346
2000011.278,348
2000011.279,349
2000011.280,350
2000011.281,357
2000011.282,365
2000011.283,366
2000011.284,367
2000011.285,375
2000011.286,379
2000011.287,380
2000011.288,388
2000011.289,389
2000011.290,390
2000011.291,393
2000011.292,394
2000011.293,395
2000011.294,396
2000011.295,400
2000011.296,401
2000011.297,403
2000011.298,405
2000011.299,406
2000011.300,408
2000011.301,409
2000011.302,410
2000011.303,411
2000011.304,412
2000011.305,414
2000011.306,415
2000011.307,656
2000011.308,690
2000011.309,693
2000011.310,695
2000011.311,696
2000011.312,697
2000011.313,698
2000011.314,699
2000011.315,700
2000011.316,702
2000011.317,704
2000011.318,705
2000011.319,706
2000011.320,707
2000011.321,711
2000011.322,712
2000011.323,713
2000011.324,715
2000011.325,716
2000011.326,718
2000011.327,719
2000011.328,721
2000011.329,722
2000011.330,724
2000011.331,725
2000011.332,727
2000011.333,728
2000011.334,729
2000011.335,737
2000011.336,738
2000011.337,740
2000011.338,745
2000011.339,750
2000011.340,751
2000011.341,756
2000011.342,757
2000011.343,758
2000011.344,760
2000011.345,763
2000011.346,765
2000011.347,768
2000011.348,770
2000011.349,772
2000011.350,773
2000011.351,775
2000011.352,776
2000011.353,777
2000011.354,781
2000011.355,782
2000011.356,784
2000011.357,785
2000011.358,786
2000011.359,787
2000011.360,793
2000011.361,796
2000011.362,799
2000011.363,800
2000011.364,801
2000011.365,802
2000011.366,803
2000011.367,805
2000011.368,806
2000011.369,807
2000011.370,808
2000011.371,810
2000011.372,811
2000011.373,817
2000011.374,818
2000011.375,820
2000011.376,821
2000011.377,822
2000011.378,823
2000011.379,826
2000011.380,827
2000011.381,829
2000011.382,832
2000011.383,834
2000011.384,835
2000011.385,839
2000011.386,840
2000011.387,841
2000011.388,843
2000011.389,846
2000011.390,849
2000011.391,852
2000011.392,853
2000011.393,856
2000011.394,1865
2000011.395,860
2000011.396,861
2000011.397,862
2000011.398,863
2000011.399,864
2000011.400,865
2000011.401,866
2000011.402,867
2000011.403,868
2000011.404,871
2000011.405,872
2000011.406,873
2000011.407,879
2000011.408,880
2000011.409,883
2000011.410,884
2000011.411,885
2000011.412,886
2000011.413,887
2000011.414,888
2000011.415,890
2000011.416,891
2000011.417,894
2000011.418,895
2000011.419,896
2000011.420,897
2000011.421,898
2000011.422,900
2000011.423,902
2000011.424,903
2000011.425,904
2000011.426,906
2000011.427,909
2000011.428,910
2000011.429,911
2000011.430,912
2000011.431,913
2000011.432,914
2000011.433,915
2000011.434,917
2000011.435,918
2000011.436,919
2000011.437,920
2000011.438,921
2000011.439,922
2000011.440,924
2000011.441,926
2000011.442,927
2000011.443,928
2000011.444,929
2000011.445,930
2000011.446,931
2000011.447,933
2000011.448,934
2000011.449,935
2000011.450,936
2000011.451,937
2000011.452,939
2000011.453,941
2000011.454,943
2000011.455,944
2000011.456,946
2000011.457,947
2000011.458,950
2000011.459,951
2000011.460,952
2000011.461,953
2000011.462,958
2000011.463,960
2000011.464,961
2000011.465,963
2000011.466,964
2000011.467,966
2000011.468,967
2000011.469,968
2000011.470,970
2000011.471,971
2000011.472,973
2000011.473,974
2000011.474,975
2000011.475,976
2000011.476,977
2000011.477,979
2000011.478,980
2000011.479,981
2000011.480,984
2000011.481,985
2000011.482,986
2000011.483,987
2000011.484,989
2000011.485,990
2000011.486,991
2000011.487,992
2000011.488,993
2000011.489,1011
2000011.490,1013
2000011.491,1014
2000011.492,1015
2000011.493,1016
2000011.494,1019
2000011.495,1020
2000011.496,1021
2000011.497,1022
2000011.498,1023
2000011.499,1024
2000011.500,1025
2000011.501,1026
2000011.502,1027
2000011.503,1028
2000011.504,1029
2000011.505,1030
2000011.506,1031
2000011.507,1032
2000011.508,1033
2000011.509,1034
2000011.510,1035
2000011.511,1036
2000011.512,1037
2000011.513,1038
2000011.514,1039
2000011.515,1040
2000011.516,1041
2000011.517,1042
2000011.518,1043
2000011.519,1044
2000011.520,1045
2000011.521,1046
2000011.522,1047
2000011.523,1048
2000011.524,1049
2000011.525,1050
2000011.526,1051
2000011.527,1052
2000011.528,1053
2000011.529,1054
2000011.530,1055
2000011.531,1056
2000011.532,1057
2000011.533,1058
2000011.534,1059
2000011.535,1060
2000011.536,1061
2000011.537,1062
2000011.538,1063
2000011.539,1064
2000011.540,1065
2000011.541,1066
2000011.542,1067
2000011.543,1068
2000011.544,1069
2000011.545,1070
2000011.546,1071
2000011.547,1072
2000011.548,1073
2000011.549,1074
2000011.550,1076
2000011.551,1077
2000011.552,1078
2000011.553,1079
2000011.554,1080
2000011.555,1081
2000011.556,1082
2000011.557,1083
2000011.558,1084
2000011.559,1085
2000011.560,1086
2000011.561,1087
2000011.562,1088
2000011.563,1089
2000011.564,1090
2000011.565,1091
2000011.566,1092
2000011.567,1093
2000011.568,1094
2000011.569,1095
2000011.570,1096
2000011.571,1097
2000011.572,1098
2000011.573,1099
2000011.574,1100
2000011.575,1101
2000011.576,1102
2000011.577,1103
2000011.578,1104
2000011.579,1105
2000011.580,1106
2000011.581,1107
2000011.582,1108
2000011.583,1109
2000011.584,1110
2000011.585,1111
2000011.586,1112
2000011.587,1113
2000011.588,1114
2000011.589,1115
2000011.590,1116
2000011.591,1117
2000011.592,1118
2000011.593,1119
2000011.594,1120
2000011.595,1121
2000011.596,1123
2000011.597,1124
2000011.598,1125
2000011.599,1126
2000011.600,1127
2000011.601,1128
2000011.602,1129
2000011.603,1130
2000011.604,1131
2000011.605,1132
2000011.606,1133
2000011.607,1134
2000011.608,1135
2000011.609,1136
2000011.610,1137
2000011.611,1138
2000011.612,1139
2000011.613,1140
2000011.614,1141
2000011.615,1142
2000011.616,1143
2000011.617,1144
2000011.618,1145
2000011.619,1146
2000011.620,1147
2000011.621,1148
2000011.622,1150
2000011.623,1153
2000011.624,1154
2000011.625,1155
2000011.626,1156
2000011.627,1158
2000011.628,1159
2000011.629,1160
2000011.630,1161
2000011.631,1162
2000011.632,1163
2000011.633,1166
2000011.634,1167
2000011.635,1168
2000011.636,1169
2000011.637,1172
2000011.638,1173
2000011.639,1174
2000011.640,1175
2000011.641,1176
2000011.642,1177
2000011.643,1178
2000011.644,1179
2000011.645,1180
2000011.646,1181
2000011.647,1183
2000011.648,1184
2000011.649,1185
2000011.650,1186
2000011.651,1187
2000011.652,1188
2000011.653,1190
2000011.654,1193
2000011.655,1194
2000011.656,1195
2000011.657,1196
2000011.658,1197
2000011.659,1198
2000011.660,1199
2000011.661,1200
2000011.662,1201
2000011.663,1202
2000011.664,1205
2000011.665,1206
2000011.666,1207
2000011.667,1208
2000011.668,1775
2000011.669,1210
2000011.670,1211
2000011.671,1212
2000011.672,1213
2000011.673,1215
2000011.674,1216
2000011.675,1217
2000011.676,1218
2000011.677,1219
2000011.678,1220
2000011.679,1223
2000011.680,1224
2000011.681,1227
2000011.682,1228
2000011.683,1229
2000011.684,1231
2000011.685,1232
2000011.686,1233
2000011.687,1235
2000011.688,1236
2000011.689,1237
2000011.690,1238
2000011.691,1239
2000011.692,1241
2000011.693,1242
2000011.694,1243
2000011.695,1245
2000011.696,1246
2000011.697,1247
2000011.698,1248
2000011.699,1249
2000011.700,1250
2000011.701,1251
2000011.702,1252
2000011.703,1253
2000011.704,1258
2000011.705,1269
2000011.706,1270
2000011.707,1274
2000011.708,1275
2000011.709,1278
2000011.710,1282
2000011.711,1284
2000011.712,1286
2000011.713,1289
2000011.714,1290
2000011.715,1294
2000011.716,1296
2000011.717,1297
2000011.718,1300
2000011.719,1301
2000011.720,1302
2000011.721,1303
2000011.722,1304
2000011.723,1305
2000011.724,1306
2000011.725,1307
2000011.726,1308
2000011.727,1309
2000011.728,1310
2000011.729,1311
2000011.730,1312
2000011.731,1313
2000011.732,1314
2000011.733,1315
2000011.734,1316
2000011.735,1317
2000011.736,1318
2000011.737,1320
2000011.738,1321
2000011.739,1322
2000011.740,1323
2000011.741,1325
2000011.742,1326
2000011.743,1328
2000011.744,1329
2000011.745,1330
2000011.746,1331
2000011.747,1332
2000011.748,1333
2000011.749,1334
2000011.750,1335
2000011.751,1336
2000011.752,1337
2000011.753,1338
2000011.754,1340
2000011.755,1341
2000011.756,1342
2000011.757,1344
2000011.758,1345
2000011.759,1346
2000011.760,1347
2000011.761,1348
2000011.762,1349
2000011.763,1350
2000011.764,1352
2000011.765,1353
2000011.766,1354
2000011.767,1355
2000011.768,1356
2000011.769,1357
2000011.770,1358
2000011.771,1359
2000011.772,1361
2000011.773,1362
2000011.774,1365
2000011.775,1366
2000011.776,1367
2000011.777,1368
2000011.778,1369
2000011.779,1370
2000011.780,1371
2000011.781,1372
2000011.782,1373
2000011.783,1374
2000011.784,1375
2000011.785,1376
2000011.786,1377
2000011.787,1378
2000011.788,1379
2000011.789,1380
2000011.790,1381
2000011.791,1382
2000011.792,1383
2000011.793,1384
2000011.794,1385
2000011.795,1386
2000011.796,1387
2000011.797,1390
2000011.798,1391
2000011.799,1394
2000011.800,1395
2000011.801,1399
2000011.802,1400
2000011.803,1401
2000011.804,1402
2000011.805,1403
2000011.806,1405
2000011.807,1406
2000011.808,1408
2000011.809,1409
2000011.810,1410
2000011.811,1411
2000011.812,1413
2000011.813,1414
2000011.814,1415
2000011.815,1416
2000011.816,1417
2000011.817,1418
2000011.818,1419
2000011.819,1420
2000011.820,1421
2000011.821,1422
2000011.822,1423
2000011.823,1428
2000011.824,1429
2000011.825,1430
2000011.826,1431
2000011.827,1433
2000011.828,1434
2000011.829,1435
2000011.830,1436
2000011.831,1437
2000011.832,1438
2000011.833,1439
2000011.834,1440
2000011.835,1441
2000011.836,1442
2000011.837,1444
2000011.838,1445
2000011.839,1446
2000011.840,1448
2000011.841,1449
2000011.842,1450
2000011.843,1451
2000011.844,1452
2000011.845,1453
2000011.846,1454
2000011.847,1456
2000011.848,1457
2000011.849,1458
2000011.850,1459
2000011.851,1463
2000011.852,1464
2000011.853,1466
2000011.854,1467
2000011.855,1468
2000011.856,1469
2000011.857,1470
2000011.858,1471
2000011.859,1472
2000011.860,1475
2000011.861,1476
2000011.862,1477
2000011.863,1478
2000011.864,1479
2000011.865,1481
2000011.866,1482
2000011.867,1483
2000011.868,1484
2000011.869,1485
2000011.870,1486
2000011.871,1489
2000011.872,1492
2000011.873,1494
2000011.874,1495
2000011.875,1496
2000011.876,1498
2000011.877,1510
2000011.878,1511
2000011.879,1513
2000011.880,1514
2000011.881,1515
2000011.882,1516
2000011.883,1517
2000011.884,1520
2000011.885,1522
2000011.886,1523
2000011.887,1524
2000011.888,1525
2000011.889,1526
2000011.890,1527
2000011.891,1528
2000011.892,1529
2000011.893,1534
2000011.894,1536
2000011.895,1551
2000011.896,1552
2000011.897,1557
2000011.898,1558
2000011.899,1559
2000011.900,1560
2000011.901,1561
2000011.902,1563
2000011.903,1565
2000011.904,1577
2000011.905,1578
2000011.906,1582
2000011.907,1598
2000011.908,1600
2000011.909,1601
2000011.910,1603
2000011.911,1605
2000011.912,1611
2000011.913,1614
2000011.914,1615
2000011.915,1616
2000011.916,1617
2000011.917,1618
2000011.918,1619
2000011.919,1620
2000011.920,1622
2000011.921,1625
2000011.922,1626
2000011.923,1628
2000011.924,1629
2000011.925,1630
2000011.926,23
2000011.927,24
2000011.928,25
2000011.929,26
2000011.930,29
2000011.931,1639
2000011.932,35
2000011.933,1646
2000011.934,1650
2000011.935,1651
2000011.936,1659
2000011.937,1660
2000011.938,1662
2000011.939,1663
2000011.940,1671
2000011.941,1672
2000011.942,1677
2000011.943,1679
2000011.944,1779
2000011.945,1714
2000011.946,1718
2000011.947,1719
2000011.948,1721
2000011.949,1722
2000011.950,1724
2000011.951,1725
2000011.952,1726
2000011.953,1727
2000011.954,1728
2000011.955,1729
2000011.956,1731
2000011.957,1732
2000011.958,1733
2000011.959,1734
2000011.960,1735
2000011.961,1736
2000011.962,1737
2000011.963,1739
2000011.964,1743
2000011.965,1744
2000011.966,404
2000011.967,165
2000011.968,1861
2000011.969,566
2000011.970,566
2000012.0,19
2000012.1,17
2000012.2,69
2000012.3,13
2000012.4,83
2000012.5,681
2000012.6,121
2000012.7,138
2000012.8,1755
2000012.9,183
2000012.10,195
2000012.11,220
2000012.12,217
2000012.13,234
2000012.14,232
2000012.15,236
2000012.16,263
2000012.17,330
2000012.18,299
2000012.19,309
2000012.20,326
2000012.21,303
2000012.22,312
2000012.23,328
2000012.24,1764
2000012.25,327
2000012.26,282
2000012.27,276
2000012.28,376
2000012.29,368
2000012.30,358
2000012.31,359
2000012.32,351
2000012.33,370
2000012.34,377
2000012.35,374
2000012.36,361
2000012.37,356
2000012.38,362
2000012.39,345
2000012.40,418
2000012.41,407
2000012.42,419
2000012.43,391
2000012.44,384
2000012.45,1765
2000012.46,657
2000012.47,676
2000012.48,658
2000012.49,581
2000012.50,582
2000012.51,1766
2000012.52,632
2000012.53,635
2000012.54,664
2000012.55,589
2000012.56,592
2000012.57,593
2000012.58,665
2000012.59,640
2000012.60,677
2000012.61,554
2000012.62,555
2000012.63,666
2000012.64,683
2000012.65,688
2000012.66,684
2000012.67,616
2000012.68,669
2000012.69,670
2000012.70,617
2000012.71,686
2000012.72,679
2000012.73,672
2000012.74,673
2000012.75,488
2000012.76,674
2000012.77,620
2000012.78,517
2000012.79,518
2000012.80,520
2000012.81,622
2000012.82,574
2000012.83,495
2000012.84,476
2000012.85,201
2000012.86,245
2000012.87,271
2000012.88,284
2000012.89,286
2000012.90,287
2000012.91,294
2000012.92,295
2000012.93,305
2000012.94,306
2000012.95,307
2000012.96,314
2000012.97,315
2000012.98,334
2000012.99,335
2000012.100,344
2000012.101,347
2000012.102,348
2000012.103,357
2000012.104,364
2000012.105,366
2000012.106,375
2000012.107,379
2000012.108,382
2000012.109,386
2000012.110,389
2000012.111,390
2000012.112,393
2000012.113,397
2000012.114,408
2000012.115,409
2000012.116,410
2000012.117,411
2000012.118,412
2000012.119,415
2000012.120,417
2000012.121,689
2000012.122,690
2000012.123,691
2000012.124,694
2000012.125,695
2000012.126,696
2000012.127,714
2000012.128,717
2000012.129,810
2000012.130,812
2000012.131,829
2000012.132,837
2000012.133,863
2000012.134,864
2000012.135,868
2000012.136,879
2000012.137,881
2000012.138,882
2000012.139,883
2000012.140,884
2000012.141,886
2000012.142,888
2000012.143,893
2000012.144,897
2000012.145,899
2000012.146,903
2000012.147,907
2000012.148,909
2000012.149,911
2000012.150,915
2000012.151,919
2000012.152,920
2000012.153,924
2000012.154,925
2000012.155,927
2000012.156,928
2000012.157,930
2000012.158,933
2000012.159,935
2000012.160,936
2000012.161,940
2000012.162,941
2000012.163,944
2000012.164,948
2000012.165,951
2000012.166,954
2000012.167,959
2000012.168,960
2000012.169,961
2000012.170,962
2000012.171,963
2000012.172,965
2000012.173,968
2000012.174,970
2000012.175,972
2000012.176,976
2000012.177,984
2000012.178,988
2000012.179,990
2000012.180,992
2000012.181,1020
2000012.182,1045
2000012.183,1069
2000012.184,1073
2000012.185,1075
2000012.186,1089
2000012.187,1090
2000012.188,1096
2000012.189,1109
2000012.190,1117
2000012.191,1121
2000012.192,1122
2000012.193,1123
2000012.194,1127
2000012.195,1129
2000012.196,1131
2000012.197,1132
2000012.198,1133
2000012.199,1134
2000012.200,1136
2000012.201,1137
2000012.202,1138
2000012.203,1140
2000012.204,1147
2000012.205,1149
2000012.206,1154
2000012.207,1155
2000012.208,1159
2000012.209,1160
2000012.210,1162
2000012.211,1170
2000012.212,1173
2000012.213,1174
2000012.214,1178
2000012.215,1183
2000012.216,1185
2000012.217,1189
2000012.218,1191
2000012.219,1197
2000012.220,1205
2000012.221,1775
2000012.222,1210
2000012.223,1226
2000012.224,1229
2000012.225,1243
2000012.226,1295
2000012.227,1306
2000012.228,1307
2000012.229,1311
2000012.230,1324
2000012.231,1327
2000012.232,1391
2000012.233,1422
2000012.234,1423
2000012.235,1431
2000012.236,1456
2000012.237,1469
2000012.238,1471
2000012.239,1489
2000012.240,1492
2000012.241,1505
2000012.242,1521
2000012.243,1524
2000012.244,1534
2000012.245,1545
2000012.246,1546
2000012.247,1554
2000012.248,1559
2000012.249,1562
2000012.250,1583
2000012.251,1588
2000012.252,1591
2000012.253,1593
2000012.254,1598
2000012.255,1607
2000012.256,1628
2000012.257,1629
2000012.258,1776
2000012.259,1652
2000012.260,1662
2000012.261,1670
2000012.262,1677
2000012.263,1679
2000012.264,1714
2000012.265,1717
2000012.266,1720
2000012.267,1722
2000012.268,1723
2000012.269,1724
2000012.270,1729
2000012.271,1730
2000012.272,1732
2000012.273,1734
2000012.274,1736
2000012.275,1737
2000012.276,1738
2000012.277,1740
2000012.278,1742
2000012.279,1744
2000012.280,404
2000012.281,1712
2000012.282,165
2000012.283,1712
2000012.284,165
2000013.0,1745
2000013.1,71
2000013.2,109
2000013.3,1752
2000013.4,139
2000013.5,168
2000013.6,187
2000013.7,192
2000013.8,227
2000013.9,202
2000013.10,213
2000013.11,1762
2000013.12,420
2000013.13,613
2000013.14,1772
2000013.15,333
2000013.16,955
2000013.17,1488
2000013.18,1501
2000013.19,1502
2000013.20,1503
2000013.21,1535
2000013.22,1540
2000013.23,1556
2000013.24,1564
2000013.25,1571
2000013.26,1576
2000013.27,1589
2000013.28,1778
2000013.29,1656
2000013.30,1667
2000013.31,1669
2000013.32,1676
2000013.33,1684
2000013.34,1686
2000013.35,1687
2000013.36,1696
2000013.37,1702
2000013.38,1704
2000013.39,1780
2000013.40,172
2000013.41,225
2000013.42,1777
2000013.43,1705
2000013.44,1757
2000013.45,1863
2900000.0,0
2900010.0,1781
2900010.1,38
2900010.2,1782
2900010.3,1783
2900010.4,51
2900010.5,62
2900010.6,1784
2900010.7,1785
2900010.8,1786
2900010.9,41
2900010.10,48
2900010.11,1787
2900010.12,67
2900010.13,53
2900010.14,1788
2900010.15,39
2900010.16,1789
2900010.17,1790
2900010.18,1791
2900010.19,1792
2900010.20,52
3000000.0,0
3000001.0,0
3000002.0,0
3000003.0,0
3000010.0,12
3000010.1,9
3000010.2,10
3000010.3,3
3000010.4,1746
3000010.5,4
3000010.6,1747
3000010.7,5
3000010.8,1748
3000010.9,6
3000010.10,7
3000010.11,8
3000010.12,14
3000010.13,1
3000010.14,2
3000010.15,82
3000010.16,79
3000010.17,97
3000010.18,76
3000010.19,77
3000010.20,74
3000010.21,578
3000010.22,75
3000010.23,1751
3000010.24,72
3000010.25,81
3000010.26,117
3000010.27,119
3000010.28,101
3000010.29,158
3000010.30,95
3000010.31,96
3000010.32,94
3000010.33,110
3000010.34,111
3000010.35,134
3000010.36,132
3000010.37,130
3000010.38,131
3000010.39,129
3000010.40,127
3000010.41,128
3000010.42,163
3000010.43,180
3000010.44,149
3000010.45,1794
3000010.46,150
3000010.47,152
3000010.48,153
3000010.49,147
3000010.50,148
3000010.51,145
3000010.52,146
3000010.53,176
3000010.54,1756
3000010.55,186
3000010.56,193
3000010.57,214
3000010.58,211
3000010.59,207
3000010.60,205
3000010.61,209
3000010.62,1760
3000010.63,241
3000010.64,251
3000010.65,252
3000010.66,254
3000010.67,249
3000010.68,247
3000010.69,248
3000010.70,593
3000010.71,595
3000010.72,597
3000010.73,598
3000010.74,599
3000010.75,601
3000010.76,536
3000010.77,537
3000010.78,538
3000010.79,540
3000010.80,549
3000010.81,550
3000010.82,553
3000010.83,556
3000010.84,557
3000010.85,559
3000010.86,563
3000010.87,498
3000010.88,500
3000010.89,501
3000010.90,502
3000010.91,505
3000010.92,506
3000010.93,509
3000010.94,510
3000010.95,477
3000010.96,478
3000010.97,479
3000010.98,481
3000010.99,483
3000010.100,484
3000010.101,485
3000010.102,487
3000010.103,488
3000010.104,489
3000010.105,490
3000010.106,515
3000010.107,491
3000010.108,439
3000010.109,440
3000010.110,441
3000010.111,442
3000010.112,444
3000010.113,445
3000010.114,446
3000010.115,447
3000010.116,448
3000010.117,449
3000010.118,450
3000010.119,451
3000010.120,452
3000010.121,453
3000010.122,454
3000010.123,455
3000010.124,456
3000010.125,458
3000010.126,459
3000010.127,460
3000010.128,461
3000010.129,462
3000010.130,463
3000010.131,464
3000010.132,466
3000010.133,467
3000010.134,652
3000010.135,468
3000010.136,469
3000010.137,470
3000010.138,471
3000010.139,473
3000010.140,425
3000010.141,1768
3000010.142,426
3000010.143,1769
3000010.144,427
3000010.145,428
3000010.146,429
3000010.147,430
3000010.148,431
3000010.149,432
3000010.150,433
3000010.151,434
3000010.152,435
3000010.153,436
3000010.154,525
3000010.155,437
3000010.156,474
3000010.157,529
3000010.158,532
3000010.159,422
3000010.160,423
3000010.161,424
3000010.162,142
3000010.163,143
3000010.164,144
3000010.165,174
3000010.166,175
3000010.167,178
3000010.168,190
3000010.169,267
3000010.170,268
3000010.171,701
3000010.172,703
3000010.173,704
3000010.174,706
3000010.175,707
3000010.176,709
3000010.177,710
3000010.178,726
3000010.179,732
3000010.180,733
3000010.181,739
3000010.182,740
3000010.183,742
3000010.184,743
3000010.185,744
3000010.186,746
3000010.187,747
3000010.188,748
3000010.189,749
3000010.190,752
3000010.191,753
3000010.192,754
3000010.193,755
3000010.194,758
3000010.195,759
3000010.196,761
3000010.197,762
3000010.198,764
3000010.199,769
3000010.200,771
3000010.201,776
3000010.202,778
3000010.203,779
3000010.204,780
3000010.205,781
3000010.206,782
3000010.207,790
3000010.208,791
3000010.209,792
3000010.210,793
3000010.211,795
3000010.212,797
3000010.213,798
3000010.214,804
3000010.215,807
3000010.216,815
3000010.217,816
3000010.218,819
3000010.219,820
3000010.220,821
3000010.221,824
3000010.222,825
3000010.223,826
3000010.224,828
3000010.225,834
3000010.226,838
3000010.227,839
3000010.228,840
3000010.229,842
3000010.230,845
3000010.231,847
3000010.232,848
3000010.233,849
3000010.234,850
3000010.235,851
3000010.236,854
3000010.237,855
3000010.238,856
3000010.239,858
3000010.240,859
3000010.241,869
3000010.242,870
3000010.243,874
3000010.244,875
3000010.245,876
3000010.246,877
3000010.247,878
3000010.248,982
3000010.249,994
3000010.250,995
3000010.251,996
3000010.252,997
3000010.253,998
3000010.254,999
3000010.255,1000
3000010.256,1001
3000010.257,1002
3000010.258,1003
3000010.259,1004
3000010.260,1005
3000010.261,1006
3000010.262,1007
3000010.263,1008
3000010.264,1009
3000010.265,1010
3000010.266,1013
3000010.267,1033
3000010.268,1044
3000010.269,1079
3000010.270,1082
3000010.271,1086
3000010.272,1107
3000010.273,1112
3000010.274,1133
3000010.275,1139
3000010.276,1146
3000010.277,1147
3000010.278,1151
3000010.279,1152
3000010.280,1157
3000010.281,1165
3000010.282,1182
3000010.283,1194
3000010.284,1213
3000010.285,1214
3000010.286,1217
3000010.287,1219
3000010.288,1220
3000010.289,1224
3000010.290,1225
3000010.291,1228
3000010.292,1229
3000010.293,1230
3000010.294,1233
3000010.295,1234
3000010.296,1237
3000010.297,1239
3000010.298,1240
3000010.299,1241
3000010.300,1242
3000010.301,1244
3000010.302,1254
3000010.303,1255
3000010.304,1256
3000010.305,1257
3000010.306,1260
3000010.307,1261
3000010.308,1263
3000010.309,1264
3000010.310,1273
3000010.311,1276
3000010.312,1277
3000010.313,1285
3000010.314,1288
3000010.315,1291
3000010.316,1294
3000010.317,1300
3000010.318,1301
3000010.319,1323
3000010.320,1337
3000010.321,1338
3000010.322,1339
3000010.323,1351
3000010.324,1370
3000010.325,1372
3000010.326,1374
3000010.327,1389
3000010.328,1392
3000010.329,1393
3000010.330,1408
3000010.331,1412
3000010.332,1413
3000010.333,1416
3000010.334,1421
3000010.335,1425
3000010.336,1426
3000010.337,1427
3000010.338,1432
3000010.339,1438
3000010.340,1440
3000010.341,1473
3000010.342,1485
3000010.343,1491
3000010.344,1507
3000010.345,1508
3000010.346,1509
3000010.347,1512
3000010.348,1518
3000010.349,1519
3000010.350,1520
3000010.351,1521
3000010.352,1524
3000010.353,1537
3000010.354,1538
3000010.355,1539
3000010.356,1542
3000010.357,1544
3000010.358,1549
3000010.359,1551
3000010.360,1563
3000010.361,1567
3000010.362,1568
3000010.363,1569
3000010.364,1572
3000010.365,1574
3000010.366,1582
3000010.367,1584
3000010.368,1585
3000010.369,1586
3000010.370,1587
3000010.371,1602
3000010.372,1608
3000010.373,1611
3000010.374,1612
3000010.375,1613
3000010.376,1630
3000010.377,27
3000010.378,28
3000010.379,30
3000010.380,31
3000010.381,35
3000010.382,36
3000010.383,37
3000010.384,1644
3000010.385,1647
3000010.386,1648
3000010.387,1650
3000010.388,1654
3000010.389,1657
3000010.390,1658
3000010.391,1661
3000010.392,1664
3000010.393,1673
3000010.394,1675
3000010.395,1678
3000010.396,1681
3000010.397,1682
3000010.398,1689
3000010.399,1690
3000010.400,1691
3000010.401,1692
3000010.402,1693
3000010.403,1716
3000010.404,1740
3000010.405,1743
3000010.406,1529
3000010.407,1776
3000010.408,1701
3000010.409,120
3000011.0,17
3000011.1,18
3000011.2,16
3000011.3,11
3000011.4,675
3000011.5,653
3000011.6,654
3000011.7,655
3000011.8,1749
3000011.9,85
3000011.10,681
3000011.11,1750
3000011.12,624
3000011.13,78
3000011.14,103
3000011.15,99
3000011.16,105
3000011.17,154
3000011.18,121
3000011.19,133
3000011.20,137
3000011.21,135
3000011.22,164
3000011.23,162
3000011.24,160
3000011.25,181
3000011.26,535
3000011.27,161
3000011.28,157
3000011.29,628
3000011.30,182
3000011.31,199
3000011.32,193
3000011.33,210
3000011.34,216
3000011.35,212
3000011.36,208
3000011.37,213
3000011.38,242
3000011.39,264
3000011.40,261
3000011.41,262
3000011.42,256
3000011.43,263
3000011.44,257
3000011.45,258
3000011.46,250
3000011.47,317
3000011.48,298
3000011.49,658
3000011.50,659
3000011.51,660
3000011.52,662
3000011.53,627
3000011.54,1766
3000011.55,583
3000011.56,630
3000011.57,632
3000011.58,633
3000011.59,634
3000011.60,635
3000011.61,636
3000011.62,637
3000011.63,638
3000011.64,584
3000011.65,585
3000011.66,586
3000011.67,587
3000011.68,588
3000011.69,589
3000011.70,590
3000011.71,591
3000011.72,592
3000011.73,594
3000011.74,596
3000011.75,600
3000011.76,602
3000011.77,603
3000011.78,604
3000011.79,640
3000011.80,609
3000011.81,610
3000011.82,611
3000011.83,539
3000011.84,541
3000011.85,542
3000011.86,543
3000011.87,544
3000011.88,545
3000011.89,546
3000011.90,547
3000011.91,548
3000011.92,551
3000011.93,552
3000011.94,558
3000011.95,641
3000011.96,561
3000011.97,562
3000011.98,564
3000011.99,565
3000011.100,566
3000011.101,567
3000011.102,496
3000011.103,497
3000011.104,613
3000011.105,568
3000011.106,499
3000011.107,642
3000011.108,503
3000011.109,504
3000011.110,569
3000011.111,643
3000011.112,668
3000011.113,614
3000011.114,644
3000011.115,688
3000011.116,507
3000011.117,684
3000011.118,508
3000011.119,570
3000011.120,511
3000011.121,646
3000011.122,617
3000011.123,671
3000011.124,480
3000011.125,482
3000011.126,618
3000011.127,685
3000011.128,686
3000011.129,672
3000011.130,673
3000011.131,486
3000011.132,674
3000011.133,514
3000011.134,650
3000011.135,651
3000011.136,443
3000011.137,457
3000011.138,465
3000011.139,492
3000011.140,516
3000011.141,517
3000011.142,518
3000011.143,621
3000011.144,472
3000011.145,574
3000011.146,575
3000011.147,579
3000011.148,580
3000011.149,493
3000011.150,494
3000011.151,521
3000011.152,522
3000011.153,523
3000011.154,524
3000011.155,526
3000011.156,577
3000011.157,527
3000011.158,528
3000011.159,530
3000011.160,531
3000011.161,533
3000011.162,475
3000011.163,495
3000011.164,438
3000011.165,476
3000011.166,132
3000011.167,1803
3000011.168,167
3000011.169,179
3000011.170,191
3000011.171,201
3000011.172,245
3000011.173,246
3000011.174,388
3000011.175,395
3000011.176,690
3000011.177,691
3000011.178,692
3000011.179,693
3000011.180,694
3000011.181,695
3000011.182,696
3000011.183,697
3000011.184,699
3000011.185,702
3000011.186,705
3000011.187,708
3000011.188,711
3000011.189,712
3000011.190,713
3000011.191,714
3000011.192,715
3000011.193,716
3000011.194,717
3000011.195,718
3000011.196,719
3000011.197,720
3000011.198,721
3000011.199,722
3000011.200,723
3000011.201,724
3000011.202,725
3000011.203,727
3000011.204,728
3000011.205,729
3000011.206,730
3000011.207,731
3000011.208,734
3000011.209,735
3000011.210,736
3000011.211,737
3000011.212,738
3000011.213,741
3000011.214,745
3000011.215,750
3000011.216,751
3000011.217,756
3000011.218,757
3000011.219,760
3000011.220,763
3000011.221,765
3000011.222,766
3000011.223,767
3000011.224,768
3000011.225,770
3000011.226,772
3000011.227,773
3000011.228,774
3000011.229,775
3000011.230,777
3000011.231,783
3000011.232,784
3000011.233,785
3000011.234,786
3000011.235,787
3000011.236,788
3000011.237,789
3000011.238,794
3000011.239,796
3000011.240,799
3000011.241,800
3000011.242,801
3000011.243,802
3000011.244,803
3000011.245,805
3000011.246,806
3000011.247,808
3000011.248,809
3000011.249,810
3000011.250,811
3000011.251,812
3000011.252,813
3000011.253,814
3000011.254,817
3000011.255,818
3000011.256,822
3000011.257,823
3000011.258,829
3000011.259,830
3000011.260,831
3000011.261,832
3000011.262,833
3000011.263,835
3000011.264,836
3000011.265,837
3000011.266,841
3000011.267,844
3000011.268,846
3000011.269,853
3000011.270,1865
3000011.271,860
3000011.272,861
3000011.273,863
3000011.274,865
3000011.275,866
3000011.276,867
3000011.277,871
3000011.278,872
3000011.279,873
3000011.280,882
3000011.281,886
3000011.282,888
3000011.283,891
3000011.284,901
3000011.285,909
3000011.286,912
3000011.287,924
3000011.288,931
3000011.289,935
3000011.290,936
3000011.291,937
3000011.292,941
3000011.293,970
3000011.294,976
3000011.295,977
3000011.296,978
3000011.297,979
3000011.298,980
3000011.299,981
3000011.300,985
3000011.301,987
3000011.302,988
3000011.303,989
3000011.304,990
3000011.305,991
3000011.306,992
3000011.307,993
3000011.308,1012
3000011.309,1014
3000011.310,1015
3000011.311,1016
3000011.312,1017
3000011.313,1018
3000011.314,1019
3000011.315,1020
3000011.316,1021
3000011.317,1022
3000011.318,1023
3000011.319,1024
3000011.320,1025
3000011.321,1026
3000011.322,1027
3000011.323,1028
3000011.324,1029
3000011.325,1030
3000011.326,1031
3000011.327,1032
3000011.328,1035
3000011.329,1036
3000011.330,1037
3000011.331,1038
3000011.332,1039
3000011.333,1040
3000011.334,1041
3000011.335,1042
3000011.336,1043
3000011.337,1045
3000011.338,1046
3000011.339,1047
3000011.340,1048
3000011.341,1049
3000011.342,1050
3000011.343,1051
3000011.344,1052
3000011.345,1053
3000011.346,1054
3000011.347,1055
3000011.348,1056
3000011.349,1057
3000011.350,1058
3000011.351,1059
3000011.352,1061
3000011.353,1062
3000011.354,1063
3000011.355,1064
3000011.356,1065
3000011.357,1066
3000011.358,1067
3000011.359,1068
3000011.360,1069
3000011.361,1070
3000011.362,1071
3000011.363,1072
3000011.364,1073
3000011.365,1074
3000011.366,1075
3000011.367,1076
3000011.368,1077
3000011.369,1078
3000011.370,1080
3000011.371,1081
3000011.372,1083
3000011.373,1084
3000011.374,1085
3000011.375,1087
3000011.376,1088
3000011.377,1089
3000011.378,1090
3000011.379,1091
3000011.380,1092
3000011.381,1093
3000011.382,1094
3000011.383,1095
3000011.384,1096
3000011.385,1097
3000011.386,1098
3000011.387,1099
3000011.388,1100
3000011.389,1101
3000011.390,1102
3000011.391,1103
3000011.392,1104
3000011.393,1105
3000011.394,1106
3000011.395,1108
3000011.396,1110
3000011.397,1111
3000011.398,1113
3000011.399,1114
3000011.400,1115
3000011.401,1116
3000011.402,1117
3000011.403,1118
3000011.404,1120
3000011.405,1121
3000011.406,1123
3000011.407,1124
3000011.408,1125
3000011.409,1126
3000011.410,1127
3000011.411,1128
3000011.412,1129
3000011.413,1130
3000011.414,1134
3000011.415,1135
3000011.416,1136
3000011.417,1137
3000011.418,1140
3000011.419,1141
3000011.420,1143
3000011.421,1144
3000011.422,1145
3000011.423,1148
3000011.424,1150
3000011.425,1153
3000011.426,1154
3000011.427,1156
3000011.428,1158
3000011.429,1159
3000011.430,1160
3000011.431,1161
3000011.432,1162
3000011.433,1163
3000011.434,1164
3000011.435,1166
3000011.436,1168
3000011.437,1169
3000011.438,1171
3000011.439,1172
3000011.440,1173
3000011.441,1174
3000011.442,1175
3000011.443,1176
3000011.444,1177
3000011.445,1178
3000011.446,1180
3000011.447,1181
3000011.448,1183
3000011.449,1184
3000011.450,1185
3000011.451,1186
3000011.452,1187
3000011.453,1188
3000011.454,1189
3000011.455,1190
3000011.456,1193
3000011.457,1196
3000011.458,1197
3000011.459,1198
3000011.460,1199
3000011.461,1200
3000011.462,1201
3000011.463,1202
3000011.464,1204
3000011.465,1205
3000011.466,1206
3000011.467,1207
3000011.468,1208
3000011.469,1775
3000011.470,1212
3000011.471,1215
3000011.472,1216
3000011.473,1218
3000011.474,1221
3000011.475,1222
3000011.476,1223
3000011.477,1227
3000011.478,1231
3000011.479,1232
3000011.480,1235
3000011.481,1236
3000011.482,1238
3000011.483,1243
3000011.484,1245
3000011.485,1246
3000011.486,1247
3000011.487,1249
3000011.488,1251
3000011.489,1252
3000011.490,1258
3000011.491,1259
3000011.492,1262
3000011.493,1265
3000011.494,1267
3000011.495,1268
3000011.496,1269
3000011.497,1271
3000011.498,1272
3000011.499,1274
3000011.500,1278
3000011.501,1279
3000011.502,1280
3000011.503,1281
3000011.504,1282
3000011.505,1283
3000011.506,1284
3000011.507,1286
3000011.508,1287
3000011.509,1290
3000011.510,1292
3000011.511,1293
3000011.512,1295
3000011.513,1296
3000011.514,1297
3000011.515,1298
3000011.516,1299
3000011.517,1302
3000011.518,1303
3000011.519,1304
3000011.520,1305
3000011.521,1306
3000011.522,1307
3000011.523,1309
3000011.524,1311
3000011.525,1312
3000011.526,1313
3000011.527,1314
3000011.528,1316
3000011.529,1318
3000011.530,1319
3000011.531,1320
3000011.532,1321
3000011.533,1322
3000011.534,1325
3000011.535,1326
3000011.536,1327
3000011.537,1328
3000011.538,1329
3000011.539,1330
3000011.540,1331
3000011.541,1332
3000011.542,1333
3000011.543,1334
3000011.544,1335
3000011.545,1336
3000011.546,1341
3000011.547,1342
3000011.548,1344
3000011.549,1345
3000011.550,1346
3000011.551,1348
3000011.552,1349
3000011.553,1350
3000011.554,1352
3000011.555,1353
3000011.556,1354
3000011.557,1355
3000011.558,1356
3000011.559,1358
3000011.560,1359
3000011.561,1360
3000011.562,1361
3000011.563,1362
3000011.564,1363
3000011.565,1364
3000011.566,1365
3000011.567,1366
3000011.568,1368
3000011.569,1369
3000011.570,1371
3000011.571,1373
3000011.572,1375
3000011.573,1376
3000011.574,1378
3000011.575,1379
3000011.576,1380
3000011.577,1381
3000011.578,1382
3000011.579,1383
3000011.580,1384
3000011.581,1385
3000011.582,1386
3000011.583,1387
3000011.584,1388
3000011.585,1390
3000011.586,1391
3000011.587,1394
3000011.588,1395
3000011.589,1396
3000011.590,1397
3000011.591,1398
3000011.592,1399
3000011.593,1400
3000011.594,1401
3000011.595,1402
3000011.596,1403
3000011.597,1404
3000011.598,1405
3000011.599,1406
3000011.600,1407
3000011.601,1409
3000011.602,1410
3000011.603,1411
3000011.604,1414
3000011.605,1415
3000011.606,1418
3000011.607,1419
3000011.608,1422
3000011.609,1423
3000011.610,1424
3000011.611,1428
3000011.612,1429
3000011.613,1430
3000011.614,1431
3000011.615,1433
3000011.616,1434
3000011.617,1436
3000011.618,1437
3000011.619,1439
3000011.620,1441
3000011.621,1442
3000011.622,1443
3000011.623,1444
3000011.624,1446
3000011.625,1447
3000011.626,1448
3000011.627,1449
3000011.628,1450
3000011.629,1452
3000011.630,1453
3000011.631,1454
3000011.632,1455
3000011.633,1458
3000011.634,1459
3000011.635,1460
3000011.636,1461
3000011.637,1463
3000011.638,1464
3000011.639,1465
3000011.640,1466
3000011.641,1467
3000011.642,1468
3000011.643,1469
3000011.644,1470
3000011.645,1472
3000011.646,1474
3000011.647,1475
3000011.648,1476
3000011.649,1477
3000011.650,1479
3000011.651,1480
3000011.652,1481
3000011.653,1482
3000011.654,1483
3000011.655,1484
3000011.656,1486
3000011.657,1489
3000011.658,1490
3000011.659,1494
3000011.660,1495
3000011.661,1496
3000011.662,1498
3000011.663,1510
3000011.664,1511
3000011.665,1513
3000011.666,1514
3000011.667,1515
3000011.668,1516
3000011.669,1517
3000011.670,1522
3000011.671,1523
3000011.672,1525
3000011.673,1526
3000011.674,1527
3000011.675,1528
3000011.676,1536
3000011.677,1541
3000011.678,1545
3000011.679,1547
3000011.680,1548
3000011.681,1552
3000011.682,1557
3000011.683,1558
3000011.684,1559
3000011.685,1560
3000011.686,1561
3000011.687,1565
3000011.688,1577
3000011.689,1578
3000011.690,1592
3000011.691,1593
3000011.692,1594
3000011.693,1600
3000011.694,1601
3000011.695,1603
3000011.696,1605
3000011.697,1609
3000011.698,1614
3000011.699,1615
3000011.700,1616
3000011.701,1617
3000011.702,1618
3000011.703,1619
3000011.704,1620
3000011.705,1621
3000011.706,1622
3000011.707,1626
3000011.708,23
3000011.709,24
3000011.710,26
3000011.711,29
3000011.712,1639
3000011.713,34
3000011.714,1645
3000011.715,1646
3000011.716,1649
3000011.717,1659
3000011.718,1660
3000011.719,1662
3000011.720,1663
3000011.721,1671
3000011.722,1672
3000011.723,1679
3000011.724,1685
3000011.725,1708
3000011.726,1714
3000011.727,1723
3000011.728,1724
3000011.729,1726
3000011.730,1727
3000011.731,1729
3000011.732,1731
3000011.733,1732
3000011.734,1733
3000011.735,1737
3000011.736,1742
3000011.737,69
3000011.738,234
3000011.739,259
3000011.740,1573
3000011.741,1343
3000011.742,1571
3000011.743,1580
3000011.744,1694
3000011.745,571
3000011.746,1011
3000011.747,1861
3000011.748,986
3000011.749,1167
3000011.750,107
3000011.751,155
3000011.752,1811
3000012.0,15
3000012.1,1749
3000012.2,85
3000012.3,681
3000012.4,102
3000012.5,104
3000012.6,121
3000012.7,137
3000012.8,164
3000012.9,162
3000012.10,160
3000012.11,156
3000012.12,157
3000012.13,182
3000012.14,194
3000012.15,216
3000012.16,215
3000012.17,212
3000012.18,213
3000012.19,232
3000012.20,231
3000012.21,1761
3000012.22,264
3000012.23,260
3000012.24,376
3000012.25,657
3000012.26,658
3000012.27,659
3000012.28,661
3000012.29,629
3000012.30,630
3000012.31,631
3000012.32,640
3000012.33,547
3000012.34,554
3000012.35,555
3000012.36,641
3000012.37,560
3000012.38,683
3000012.39,568
3000012.40,569
3000012.41,643
3000012.42,644
3000012.43,684
3000012.44,646
3000012.45,647
3000012.46,669
3000012.47,617
3000012.48,671
3000012.49,686
3000012.50,679
3000012.51,672
3000012.52,486
3000012.53,674
3000012.54,573
3000012.55,651
3000012.56,465
3000012.57,517
3000012.58,519
3000012.59,623
3000012.60,530
3000012.61,1798
3000012.62,1804
3000012.63,656
3000012.64,692
3000012.65,694
3000012.66,695
3000012.67,696
3000012.68,698
3000012.69,700
3000012.70,731
3000012.71,734
3000012.72,757
3000012.73,827
3000012.74,843
3000012.75,852
3000012.76,860
3000012.77,868
3000012.78,880
3000012.79,881
3000012.80,882
3000012.81,883
3000012.82,887
3000012.83,888
3000012.84,889
3000012.85,891
3000012.86,909
3000012.87,954
3000012.88,977
3000012.89,979
3000012.90,983
3000012.91,984
3000012.92,992
3000012.93,1046
3000012.94,1051
3000012.95,1053
3000012.96,1056
3000012.97,1060
3000012.98,1091
3000012.99,1092
3000012.100,1093
3000012.101,1109
3000012.102,1118
3000012.103,1122
3000012.104,1123
3000012.105,1124
3000012.106,1125
3000012.107,1131
3000012.108,1132
3000012.109,1138
3000012.110,1148
3000012.111,1149
3000012.112,1155
3000012.113,1161
3000012.114,1162
3000012.115,1170
3000012.116,1173
3000012.117,1179
3000012.118,1183
3000012.119,1184
3000012.120,1185
3000012.121,1191
3000012.122,1192
3000012.123,1206
3000012.124,1211
3000012.125,1226
3000012.126,1249
3000012.127,1251
3000012.128,1252
3000012.129,1253
3000012.130,1265
3000012.131,1268
3000012.132,1270
3000012.133,1274
3000012.134,1275
3000012.135,1303
3000012.136,1305
3000012.137,1308
3000012.138,1310
3000012.139,1311
3000012.140,1317
3000012.141,1318
3000012.142,1324
3000012.143,1340
3000012.144,1342
3000012.145,1347
3000012.146,1348
3000012.147,1350
3000012.148,1357
3000012.149,1367
3000012.150,1371
3000012.151,1377
3000012.152,1381
3000012.153,1383
3000012.154,1386
3000012.155,1396
3000012.156,1397
3000012.157,1407
3000012.158,1417
3000012.159,1435
3000012.160,1443
3000012.161,1444
3000012.162,1445
3000012.163,1446
3000012.164,1451
3000012.165,1460
3000012.166,1461
3000012.167,1478
3000012.168,1488
3000012.169,1489
3000012.170,1502
3000012.171,1503
3000012.172,1505
3000012.173,1525
3000012.174,1533
3000012.175,1534
3000012.176,1545
3000012.177,1546
3000012.178,1552
3000012.179,1581
3000012.180,1583
3000012.181,1593
3000012.182,1601
3000012.183,1626
3000012.184,1627
3000012.185,1629
3000012.186,1634
3000012.187,1636
3000012.188,25
3000012.189,26
3000012.190,1645
3000012.191,1651
3000012.192,1674
3000012.193,1679
3000012.194,1680
3000012.195,1686
3000012.196,1697
3000012.197,1706
3000012.198,1721
3000012.199,1722
3000012.200,1725
3000012.201,1726
3000012.202,1732
3000012.203,1733
3000012.204,1736
3000012.205,1737
3000012.206,1739
3000012.207,1741
3000012.208,1742
3000012.209,69
3000012.210,73
3000012.211,100
3000012.212,1758
3000012.213,1759
3000012.214,234
3000012.215,1575
3000012.216,1607
3000012.217,1628
3000012.218,1532
3000012.219,1571
3000012.220,1683
3000012.221,1562
3000012.222,1811
3000012.223,1703
3000012.224,1735
3000013.0,1745
3000013.1,20
3000013.2,19
3000013.3,93
3000013.4,90
3000013.5,80
3000013.6,126
3000013.7,122
3000013.8,139
3000013.9,172
3000013.10,168
3000013.11,170
3000013.12,159
3000013.13,171
3000013.14,183
3000013.15,185
3000013.16,196
3000013.17,197
3000013.18,195
3000013.19,225
3000013.20,202
3000013.21,222
3000013.22,221
3000013.23,1795
3000013.24,237
3000013.25,238
3000013.26,236
3000013.27,1762
3000013.28,1797
3000013.29,1800
3000013.30,1802
3000013.31,1772
3000013.32,1806
3000013.33,1807
3000013.34,1808
3000013.35,884
3000013.36,890
3000013.37,1487
3000013.38,1530
3000013.39,1535
3000013.40,1540
3000013.41,1556
3000013.42,1564
3000013.43,1588
3000013.44,1595
3000013.45,1597
3000013.46,1598
3000013.47,1604
3000013.48,1606
3000013.49,1625
3000013.50,1777
3000013.51,1642
3000013.52,1652
3000013.53,1666
3000013.54,1667
3000013.55,1669
3000013.56,1670
3000013.57,1676
3000013.58,1684
3000013.59,1688
3000013.60,1695
3000013.61,1812
3000013.62,1709
3000013.63,1710
3000013.64,1712
3000013.65,1717
3000013.66,1718
3000013.67,1734
3000013.68,83
3000013.69,1822
3000013.70,188
3000013.71,187
3000013.72,192
3000013.73,1576
3000013.74,1823
3000013.75,1698
3000013.76,1497
3000013.77,1624
3000013.78,1655
3000013.79,1713
3000013.80,1555
3900000.0,0
3900010.0,38
3900010.1,53
3900010.2,1783
3900010.3,62
3900010.4,1788
3900010.5,1814
3900010.6,1815
3900010.7,39
3900010.8,48
3900010.9,49
3900010.10,51
3900010.11,1816
3900010.12,1817
3900010.13,1818
3900010.14,1819
3900010.15,47
3900010.16,67
3900010.17,1820
3900010.18,1821
3900010.19,1824
3900010.20,1825
4000000.0,0
4000001.0,0
4000002.0,0
4000003.0,0
4000010.0,12
4000010.1,9
4000010.2,10
4000010.3,11
4000010.4,3
4000010.5,1746
4000010.6,4
4000010.7,1747
4000010.8,5
4000010.9,1748
4000010.10,6
4000010.11,7
4000010.12,8
4000010.13,14
4000010.14,1
4000010.15,2
4000010.16,79
4000010.17,97
4000010.18,76
4000010.19,77
4000010.20,74
4000010.21,578
4000010.22,75
4000010.23,1751
4000010.24,72
4000010.25,81
4000010.26,95
4000010.27,96
4000010.28,94
4000010.29,110
4000010.30,111
4000010.31,134
4000010.32,132
4000010.33,130
4000010.34,131
4000010.35,129
4000010.36,127
4000010.37,128
4000010.38,180
4000010.39,149
4000010.40,150
4000010.41,152
4000010.42,153
4000010.43,147
4000010.44,148
4000010.45,145
4000010.46,146
4000010.47,176
4000010.48,1756
4000010.49,186
4000010.50,210
4000010.51,193
4000010.52,214
4000010.53,211
4000010.54,207
4000010.55,205
4000010.56,209
4000010.57,241
4000010.58,251
4000010.59,252
4000010.60,254
4000010.61,249
4000010.62,247
4000010.63,250
4000010.64,248
4000010.65,636
4000010.66,595
4000010.67,601
4000010.68,536
4000010.69,537
4000010.70,540
4000010.71,545
4000010.72,546
4000010.73,549
4000010.74,551
4000010.75,500
4000010.76,501
4000010.77,505
4000010.78,477
4000010.79,478
4000010.80,479
4000010.81,481
4000010.82,482
4000010.83,618
4000010.84,484
4000010.85,485
4000010.86,487
4000010.87,488
4000010.88,489
4000010.89,490
4000010.90,491
4000010.91,439
4000010.92,441
4000010.93,442
4000010.94,444
4000010.95,445
4000010.96,446
4000010.97,447
4000010.98,448
4000010.99,450
4000010.100,451
4000010.101,454
4000010.102,455
4000010.103,456
4000010.104,458
4000010.105,461
4000010.106,462
4000010.107,463
4000010.108,464
4000010.109,467
4000010.110,468
4000010.111,470
4000010.112,471
4000010.113,472
4000010.114,473
4000010.115,425
4000010.116,1768
4000010.117,426
4000010.118,1769
4000010.119,427
4000010.120,428
4000010.121,429
4000010.122,430
4000010.123,432
4000010.124,433
4000010.125,434
4000010.126,435
4000010.127,436
4000010.128,525
4000010.129,437
4000010.130,474
4000010.131,529
4000010.132,530
4000010.133,531
4000010.134,532
4000010.135,422
4000010.136,423
4000010.137,424
4000010.138,194
4000010.139,206
4000010.140,142
4000010.141,143
4000010.142,167
4000010.143,174
4000010.144,175
4000010.145,178
4000010.146,179
4000010.147,190
4000010.148,267
4000010.149,268
4000010.150,701
4000010.151,703
4000010.152,709
4000010.153,726
4000010.154,730
4000010.155,731
4000010.156,732
4000010.157,733
4000010.158,734
4000010.159,735
4000010.160,736
4000010.161,737
4000010.162,739
4000010.163,741
4000010.164,742
4000010.165,743
4000010.166,744
4000010.167,746
4000010.168,748
4000010.169,749
4000010.170,752
4000010.171,753
4000010.172,754
4000010.173,755
4000010.174,759
4000010.175,761
4000010.176,762
4000010.177,764
4000010.178,768
4000010.179,771
4000010.180,779
4000010.181,786
4000010.182,790
4000010.183,795
4000010.184,797
4000010.185,805
4000010.186,813
4000010.187,815
4000010.188,819
4000010.189,820
4000010.190,821
4000010.191,824
4000010.192,825
4000010.193,828
4000010.194,842
4000010.195,848
4000010.196,852
4000010.197,855
4000010.198,856
4000010.199,858
4000010.200,859
4000010.201,869
4000010.202,870
4000010.203,874
4000010.204,875
4000010.205,876
4000010.206,877
4000010.207,878
4000010.208,982
4000010.209,994
4000010.210,995
4000010.211,996
4000010.212,997
4000010.213,998
4000010.214,1001
4000010.215,1004
4000010.216,1007
4000010.217,1010
4000010.218,1012
4000010.219,1024
4000010.220,1044
4000010.221,1151
4000010.222,1157
4000010.223,1165
4000010.224,1182
4000010.225,1187
4000010.226,1215
4000010.227,1225
4000010.228,1237
4000010.229,1238
4000010.230,1239
4000010.231,1240
4000010.232,1255
4000010.233,1260
4000010.234,1261
4000010.235,1272
4000010.236,1273
4000010.237,1283
4000010.238,1291
4000010.239,1292
4000010.240,1298
4000010.241,1316
4000010.242,1360
4000010.243,1392
4000010.244,1393
4000010.245,1404
4000010.246,1407
4000010.247,1412
4000010.248,1418
4000010.249,1421
4000010.250,1462
4000010.251,1466
4000010.252,1470
4000010.253,1473
4000010.254,1507
4000010.255,1508
4000010.256,1509
4000010.257,1512
4000010.258,1517
4000010.259,1518
4000010.260,1519
4000010.261,1520
4000010.262,1521
4000010.263,1536
4000010.264,1538
4000010.265,1542
4000010.266,1547
4000010.267,1549
4000010.268,1551
4000010.269,1563
4000010.270,1567
4000010.271,1568
4000010.272,1572
4000010.273,1574
4000010.274,1582
4000010.275,1584
4000010.276,1585
4000010.277,1586
4000010.278,1587
4000010.279,1602
4000010.280,1608
4000010.281,1611
4000010.282,1612
4000010.283,1613
4000010.284,1614
4000010.285,1630
4000010.286,27
4000010.287,28
4000010.288,30
4000010.289,31
4000010.290,34
4000010.291,36
4000010.292,37
4000010.293,1644
4000010.294,1647
4000010.295,1648
4000010.296,1654
4000010.297,1657
4000010.298,1658
4000010.299,1661
4000010.300,1664
4000010.301,1673
4000010.302,1675
4000010.303,1678
4000010.304,1681
4000010.305,1685
4000010.306,1689
4000010.307,1690
4000010.308,1691
4000010.309,1692
4000010.310,1693
4000010.311,1701
4000010.312,1716
4000010.313,1682
4000010.314,1537
4000010.315,1515
4000011.0,18
4000011.1,675
4000011.2,653
4000011.3,654
4000011.4,655
4000011.5,88
4000011.6,82
4000011.7,1749
4000011.8,681
4000011.9,1750
4000011.10,80
4000011.11,624
4000011.12,78
4000011.13,103
4000011.14,102
4000011.15,117
4000011.16,119
4000011.17,99
4000011.18,101
4000011.19,158
4000011.20,109
4000011.21,113
4000011.22,154
4000011.23,121
4000011.24,133
4000011.25,162
4000011.26,163
4000011.27,160
4000011.28,181
4000011.29,535
4000011.30,155
4000011.31,161
4000011.32,628
4000011.33,199
4000011.34,534
4000011.35,216
4000011.36,218
4000011.37,215
4000011.38,208
4000011.39,1759
4000011.40,242
4000011.41,264
4000011.42,262
4000011.43,256
4000011.44,257
4000011.45,258
4000011.46,259
4000011.47,253
4000011.48,255
4000011.49,658
4000011.50,659
4000011.51,660
4000011.52,661
4000011.53,662
4000011.54,627
4000011.55,1766
4000011.56,583
4000011.57,629
4000011.58,630
4000011.59,631
4000011.60,632
4000011.61,633
4000011.62,634
4000011.63,635
4000011.64,637
4000011.65,638
4000011.66,584
4000011.67,585
4000011.68,586
4000011.69,587
4000011.70,588
4000011.71,589
4000011.72,590
4000011.73,591
4000011.74,592
4000011.75,594
4000011.76,596
4000011.77,597
4000011.78,598
4000011.79,599
4000011.80,600
4000011.81,602
4000011.82,603
4000011.83,604
4000011.84,609
4000011.85,611
4000011.86,538
4000011.87,539
4000011.88,541
4000011.89,542
4000011.90,543
4000011.91,544
4000011.92,547
4000011.93,548
4000011.94,550
4000011.95,552
4000011.96,553
4000011.97,554
4000011.98,555
4000011.99,556
4000011.100,557
4000011.101,558
4000011.102,641
4000011.103,559
4000011.104,560
4000011.105,561
4000011.106,562
4000011.107,563
4000011.108,564
4000011.109,565
4000011.110,567
4000011.111,683
4000011.112,496
4000011.113,1767
4000011.114,613
4000011.115,568
4000011.116,498
4000011.117,499
4000011.118,502
4000011.119,503
4000011.120,569
4000011.121,643
4000011.122,668
4000011.123,614
4000011.124,644
4000011.125,688
4000011.126,506
4000011.127,507
4000011.128,508
4000011.129,509
4000011.130,511
4000011.131,646
4000011.132,647
4000011.133,616
4000011.134,671
4000011.135,480
4000011.136,483
4000011.137,685
4000011.138,672
4000011.139,673
4000011.140,486
4000011.141,514
4000011.142,650
4000011.143,651
4000011.144,440
4000011.145,443
4000011.146,449
4000011.147,452
4000011.148,453
4000011.149,457
4000011.150,459
4000011.151,460
4000011.152,465
4000011.153,466
4000011.154,652
4000011.155,492
4000011.156,516
4000011.157,517
4000011.158,519
4000011.159,469
4000011.160,621
4000011.161,623
4000011.162,579
4000011.163,580
4000011.164,431
4000011.165,493
4000011.166,494
4000011.167,521
4000011.168,522
4000011.169,523
4000011.170,526
4000011.171,577
4000011.172,527
4000011.173,528
4000011.174,533
4000011.175,475
4000011.176,495
4000011.177,438
4000011.178,476
4000011.179,17
4000011.180,15
4000011.181,100
4000011.182,98
4000011.183,135
4000011.184,165
4000011.185,212
4000011.186,1760
4000011.187,261
4000011.188,260
4000011.189,16
4000011.190,144
4000011.191,191
4000011.192,201
4000011.193,245
4000011.194,246
4000011.195,656
4000011.196,690
4000011.197,691
4000011.198,693
4000011.199,697
4000011.200,698
4000011.201,699
4000011.202,700
4000011.203,702
4000011.204,704
4000011.205,705
4000011.206,706
4000011.207,707
4000011.208,708
4000011.209,710
4000011.210,711
4000011.211,712
4000011.212,713
4000011.213,714
4000011.214,715
4000011.215,716
4000011.216,717
4000011.217,718
4000011.218,719
4000011.219,720
4000011.220,721
4000011.221,722
4000011.222,723
4000011.223,724
4000011.224,725
4000011.225,727
4000011.226,728
4000011.227,729
4000011.228,738
4000011.229,740
4000011.230,745
4000011.231,747
4000011.232,750
4000011.233,756
4000011.234,757
4000011.235,758
4000011.236,760
4000011.237,763
4000011.238,765
4000011.239,766
4000011.240,767
4000011.241,769
4000011.242,770
4000011.243,772
4000011.244,773
4000011.245,774
4000011.246,775
4000011.247,776
4000011.248,777
4000011.249,778
4000011.250,780
4000011.251,781
4000011.252,782
4000011.253,783
4000011.254,784
4000011.255,785
4000011.256,787
4000011.257,788
4000011.258,789
4000011.259,791
4000011.260,792
4000011.261,793
4000011.262,794
4000011.263,796
4000011.264,798
4000011.265,799
4000011.266,801
4000011.267,802
4000011.268,803
4000011.269,804
4000011.270,806
4000011.271,807
4000011.272,808
4000011.273,809
4000011.274,810
4000011.275,811
4000011.276,812
4000011.277,814
4000011.278,816
4000011.279,817
4000011.280,818
4000011.281,822
4000011.282,823
4000011.283,826
4000011.284,827
4000011.285,829
4000011.286,830
4000011.287,831
4000011.288,832
4000011.289,833
4000011.290,834
4000011.291,835
4000011.292,836
4000011.293,838
4000011.294,840
4000011.295,841
4000011.296,843
4000011.297,844
4000011.298,845
4000011.299,846
4000011.300,847
4000011.301,849
4000011.302,853
4000011.303,854
4000011.304,860
4000011.305,861
4000011.306,863
4000011.307,864
4000011.308,865
4000011.309,866
4000011.310,867
4000011.311,868
4000011.312,871
4000011.313,872
4000011.314,873
4000011.315,879
4000011.316,880
4000011.317,891
4000011.318,976
4000011.319,978
4000011.320,979
4000011.321,980
4000011.322,981
4000011.323,984
4000011.324,985
4000011.325,986
4000011.326,987
4000011.327,989
4000011.328,992
4000011.329,993
4000011.330,999
4000011.331,1000
4000011.332,1002
4000011.333,1003
4000011.334,1005
4000011.335,1006
4000011.336,1008
4000011.337,1009
4000011.338,1011
4000011.339,1013
4000011.340,1014
4000011.341,1015
4000011.342,1016
4000011.343,1017
4000011.344,1018
4000011.345,1019
4000011.346,1020
4000011.347,1021
4000011.348,1022
4000011.349,1023
4000011.350,1025
4000011.351,1027
4000011.352,1028
4000011.353,1029
4000011.354,1031
4000011.355,1032
4000011.356,1033
4000011.357,1034
4000011.358,1035
4000011.359,1036
4000011.360,1037
4000011.361,1038
4000011.362,1039
4000011.363,1040
4000011.364,1041
4000011.365,1042
4000011.366,1043
4000011.367,1045
4000011.368,1046
4000011.369,1047
4000011.370,1048
4000011.371,1049
4000011.372,1050
4000011.373,1051
4000011.374,1052
4000011.375,1054
4000011.376,1055
4000011.377,1057
4000011.378,1058
4000011.379,1059
4000011.380,1061
4000011.381,1062
4000011.382,1063
4000011.383,1064
4000011.384,1065
4000011.385,1066
4000011.386,1067
4000011.387,1068
4000011.388,1069
4000011.389,1070
4000011.390,1071
4000011.391,1072
4000011.392,1074
4000011.393,1075
4000011.394,1076
4000011.395,1077
4000011.396,1078
4000011.397,1079
4000011.398,1080
4000011.399,1081
4000011.400,1083
4000011.401,1084
4000011.402,1085
4000011.403,1086
4000011.404,1087
4000011.405,1088
4000011.406,1089
4000011.407,1091
4000011.408,1092
4000011.409,1093
4000011.410,1095
4000011.411,1097
4000011.412,1098
4000011.413,1099
4000011.414,1100
4000011.415,1101
4000011.416,1102
4000011.417,1104
4000011.418,1105
4000011.419,1107
4000011.420,1109
4000011.421,1111
4000011.422,1112
4000011.423,1113
4000011.424,1115
4000011.425,1116
4000011.426,1120
4000011.427,1121
4000011.428,1127
4000011.429,1128
4000011.430,1130
4000011.431,1132
4000011.432,1134
4000011.433,1135
4000011.434,1136
4000011.435,1139
4000011.436,1141
4000011.437,1142
4000011.438,1144
4000011.439,1145
4000011.440,1146
4000011.441,1147
4000011.442,1150
4000011.443,1152
4000011.444,1153
4000011.445,1155
4000011.446,1158
4000011.447,1159
4000011.448,1160
4000011.449,1161
4000011.450,1163
4000011.451,1168
4000011.452,1169
4000011.453,1170
4000011.454,1171
4000011.455,1172
4000011.456,1173
4000011.457,1174
4000011.458,1176
4000011.459,1180
4000011.460,1181
4000011.461,1186
4000011.462,1188
4000011.463,1191
4000011.464,1194
4000011.465,1196
4000011.466,1197
4000011.467,1199
4000011.468,1201
4000011.469,1202
4000011.470,1204
4000011.471,1206
4000011.472,1208
4000011.473,1775
4000011.474,1212
4000011.475,1213
4000011.476,1214
4000011.477,1216
4000011.478,1217
4000011.479,1218
4000011.480,1219
4000011.481,1220
4000011.482,1221
4000011.483,1222
4000011.484,1223
4000011.485,1224
4000011.486,1226
4000011.487,1227
4000011.488,1228
4000011.489,1229
4000011.490,1230
4000011.491,1231
4000011.492,1232
4000011.493,1233
4000011.494,1234
4000011.495,1235
4000011.496,1236
4000011.497,1241
4000011.498,1242
4000011.499,1243
4000011.500,1244
4000011.501,1245
4000011.502,1246
4000011.503,1247
4000011.504,1257
4000011.505,1258
4000011.506,1259
4000011.507,1262
4000011.508,1267
4000011.509,1269
4000011.510,1271
4000011.511,1274
4000011.512,1275
4000011.513,1276
4000011.514,1277
4000011.515,1278
4000011.516,1279
4000011.517,1280
4000011.518,1281
4000011.519,1282
4000011.520,1285
4000011.521,1286
4000011.522,1287
4000011.523,1288
4000011.524,1289
4000011.525,1293
4000011.526,1294
4000011.527,1299
4000011.528,1300
4000011.529,1301
4000011.530,1302
4000011.531,1303
4000011.532,1304
4000011.533,1305
4000011.534,1306
4000011.535,1307
4000011.536,1309
4000011.537,1310
4000011.538,1311
4000011.539,1313
4000011.540,1314
4000011.541,1315
4000011.542,1318
4000011.543,1319
4000011.544,1320
4000011.545,1321
4000011.546,1323
4000011.547,1325
4000011.548,1326
4000011.549,1327
4000011.550,1328
4000011.551,1329
4000011.552,1330
4000011.553,1331
4000011.554,1332
4000011.555,1333
4000011.556,1334
4000011.557,1335
4000011.558,1336
4000011.559,1337
4000011.560,1338
4000011.561,1339
4000011.562,1340
4000011.563,1342
4000011.564,1343
4000011.565,1344
4000011.566,1345
4000011.567,1346
4000011.568,1347
4000011.569,1348
4000011.570,1349
4000011.571,1350
4000011.572,1351
4000011.573,1352
4000011.574,1353
4000011.575,1354
4000011.576,1356
4000011.577,1358
4000011.578,1359
4000011.579,1361
4000011.580,1362
4000011.581,1363
4000011.582,1364
4000011.583,1365
4000011.584,1366
4000011.585,1367
4000011.586,1368
4000011.587,1369
4000011.588,1370
4000011.589,1371
4000011.590,1372
4000011.591,1373
4000011.592,1375
4000011.593,1376
4000011.594,1377
4000011.595,1378
4000011.596,1379
4000011.597,1381
4000011.598,1384
4000011.599,1387
4000011.600,1388
4000011.601,1389
4000011.602,1390
4000011.603,1394
4000011.604,1397
4000011.605,1398
4000011.606,1399
4000011.607,1400
4000011.608,1401
4000011.609,1402
4000011.610,1406
4000011.611,1408
4000011.612,1409
4000011.613,1410
4000011.614,1411
4000011.615,1413
4000011.616,1415
4000011.617,1416
4000011.618,1417
4000011.619,1419
4000011.620,1420
4000011.621,1422
4000011.622,1423
4000011.623,1424
4000011.624,1425
4000011.625,1426
4000011.626,1427
4000011.627,1428
4000011.628,1429
4000011.629,1430
4000011.630,1431
4000011.631,1432
4000011.632,1434
4000011.633,1435
4000011.634,1436
4000011.635,1437
4000011.636,1438
4000011.637,1439
4000011.638,1440
4000011.639,1442
4000011.640,1444
4000011.641,1446
4000011.642,1447
4000011.643,1448
4000011.644,1449
4000011.645,1450
4000011.646,1452
4000011.647,1453
4000011.648,1454
4000011.649,1455
4000011.650,1457
4000011.651,1458
4000011.652,1459
4000011.653,1460
4000011.654,1461
4000011.655,1463
4000011.656,1464
4000011.657,1465
4000011.658,1467
4000011.659,1468
4000011.660,1469
4000011.661,1471
4000011.662,1472
4000011.663,1474
4000011.664,1475
4000011.665,1476
4000011.666,1477
4000011.667,1478
4000011.668,1480
4000011.669,1481
4000011.670,1482
4000011.671,1484
4000011.672,1485
4000011.673,1486
4000011.674,1490
4000011.675,1491
4000011.676,1494
4000011.677,1495
4000011.678,1498
4000011.679,1511
4000011.680,1513
4000011.681,1514
4000011.682,1516
4000011.683,1523
4000011.684,1525
4000011.685,1526
4000011.686,1527
4000011.687,1528
4000011.688,1529
4000011.689,1548
4000011.690,1552
4000011.691,1554
4000011.692,1557
4000011.693,1558
4000011.694,1559
4000011.695,1560
4000011.696,1561
4000011.697,1565
4000011.698,1569
4000011.699,1573
4000011.700,1576
4000011.701,1578
4000011.702,1813
4000011.703,1581
4000011.704,1592
4000011.705,1594
4000011.706,1600
4000011.707,1601
4000011.708,1603
4000011.709,1605
4000011.710,1609
4000011.711,1615
4000011.712,1616
4000011.713,1617
4000011.714,1618
4000011.715,1619
4000011.716,1620
4000011.717,1621
4000011.718,1622
4000011.719,1626
4000011.720,1776
4000011.721,26
4000011.722,29
4000011.723,35
4000011.724,1646
4000011.725,1649
4000011.726,1659
4000011.727,1660
4000011.728,1662
4000011.729,1671
4000011.730,1672
4000011.731,1677
4000011.732,1679
4000011.733,1680
4000011.734,1694
4000011.735,1714
4000011.736,1717
4000011.737,1718
4000011.738,1719
4000011.739,1724
4000011.740,1726
4000011.741,1727
4000011.742,1728
4000011.743,1729
4000011.744,1732
4000011.745,1737
4000011.746,1740
4000011.747,1743
4000011.748,1744
4000011.749,1496
4000011.750,1607
4000011.751,1625
4000011.752,1650
4000011.753,1861
4000011.754,1650
4000011.755,1861
4000011.756,1861
4000011.757,1861
4000011.758,1740
4000011.759,1743
4000011.760,1744
4000011.761,912
4000011.762,970
4000011.763,954
4000011.764,1496
4000011.765,1607
4000011.766,1625
4000011.767,1650
4000011.768,1861
4000012.0,13
4000012.1,88
4000012.2,1749
4000012.3,85
4000012.4,73
4000012.5,681
4000012.6,78
4000012.7,117
4000012.8,101
4000012.9,113
4000012.10,121
4000012.11,137
4000012.12,162
4000012.13,155
4000012.14,157
4000012.15,182
4000012.16,1826
4000012.17,216
4000012.18,218
4000012.19,231
4000012.20,244
4000012.21,264
4000012.22,263
4000012.23,658
4000012.24,583
4000012.25,629
4000012.26,630
4000012.27,631
4000012.28,634
4000012.29,664
4000012.30,585
4000012.31,586
4000012.32,589
4000012.33,590
4000012.34,592
4000012.35,593
4000012.36,604
4000012.37,609
4000012.38,610
4000012.39,543
4000012.40,554
4000012.41,558
4000012.42,641
4000012.43,566
4000012.44,666
4000012.45,667
4000012.46,683
4000012.47,613
4000012.48,642
4000012.49,504
4000012.50,688
4000012.51,684
4000012.52,570
4000012.53,510
4000012.54,647
4000012.55,670
4000012.56,571
4000012.57,671
4000012.58,686
4000012.59,679
4000012.60,672
4000012.61,673
4000012.62,674
4000012.63,650
4000012.64,517
4000012.65,518
4000012.66,469
4000012.67,621
4000012.68,575
4000012.69,431
4000012.70,522
4000012.71,524
4000012.72,15
4000012.73,83
4000012.74,108
4000012.75,104
4000012.76,100
4000012.77,105
4000012.78,165
4000012.79,156
4000012.80,221
4000012.81,232
4000012.82,233
4000012.83,657
4000012.84,16
4000012.85,246
4000012.86,656
4000012.87,692
4000012.88,693
4000012.89,697
4000012.90,700
4000012.91,702
4000012.92,706
4000012.93,717
4000012.94,721
4000012.95,722
4000012.96,770
4000012.97,773
4000012.98,776
4000012.99,777
4000012.100,781
4000012.101,782
4000012.102,787
4000012.103,788
4000012.104,792
4000012.105,800
4000012.106,806
4000012.107,827
4000012.108,833
4000012.109,837
4000012.110,839
4000012.111,853
4000012.112,854
4000012.113,1865
4000012.114,862
4000012.115,863
4000012.116,865
4000012.117,868
4000012.118,879
4000012.119,880
4000012.120,884
4000012.121,885
4000012.122,886
4000012.123,887
4000012.124,888
4000012.125,890
4000012.126,891
4000012.127,976
4000012.128,977
4000012.129,979
4000012.130,980
4000012.131,983
4000012.132,985
4000012.133,988
4000012.134,989
4000012.135,991
4000012.136,993
4000012.137,1022
4000012.138,1026
4000012.139,1028
4000012.140,1030
4000012.141,1039
4000012.142,1042
4000012.143,1045
4000012.144,1046
4000012.145,1047
4000012.146,1049
4000012.147,1053
4000012.148,1054
4000012.149,1056
4000012.150,1058
4000012.151,1059
4000012.152,1060
4000012.153,1061
4000012.154,1062
4000012.155,1066
4000012.156,1072
4000012.157,1073
4000012.158,1075
4000012.159,1078
4000012.160,1080
4000012.161,1082
4000012.162,1083
4000012.163,1084
4000012.164,1086
4000012.165,1087
4000012.166,1089
4000012.167,1090
4000012.168,1091
4000012.169,1092
4000012.170,1093
4000012.171,1094
4000012.172,1096
4000012.173,1098
4000012.174,1101
4000012.175,1102
4000012.176,1104
4000012.177,1105
4000012.178,1106
4000012.179,1108
4000012.180,1109
4000012.181,1110
4000012.182,1112
4000012.183,1113
4000012.184,1114
4000012.185,1115
4000012.186,1118
4000012.187,1119
4000012.188,1121
4000012.189,1123
4000012.190,1124
4000012.191,1125
4000012.192,1126
4000012.193,1127
4000012.194,1129
4000012.195,1132
4000012.196,1136
4000012.197,1137
4000012.198,1138
4000012.199,1140
4000012.200,1141
4000012.201,1143
4000012.202,1144
4000012.203,1146
4000012.204,1148
4000012.205,1149
4000012.206,1150
4000012.207,1159
4000012.208,1160
4000012.209,1163
4000012.210,1164
4000012.211,1166
4000012.212,1170
4000012.213,1173
4000012.214,1174
4000012.215,1175
4000012.216,1177
4000012.217,1179
4000012.218,1184
4000012.219,1185
4000012.220,1188
4000012.221,1198
4000012.222,1199
4000012.223,1200
4000012.224,1203
4000012.225,1206
4000012.226,1207
4000012.227,1208
4000012.228,1775
4000012.229,1210
4000012.230,1223
4000012.231,1231
4000012.232,1233
4000012.233,1246
4000012.234,1248
4000012.235,1249
4000012.236,1250
4000012.237,1251
4000012.238,1253
4000012.239,1265
4000012.240,1268
4000012.241,1269
4000012.242,1270
4000012.243,1271
4000012.244,1275
4000012.245,1278
4000012.246,1282
4000012.247,1284
4000012.248,1287
4000012.249,1289
4000012.250,1290
4000012.251,1295
4000012.252,1296
4000012.253,1297
4000012.254,1302
4000012.255,1304
4000012.256,1306
4000012.257,1308
4000012.258,1310
4000012.259,1311
4000012.260,1312
4000012.261,1313
4000012.262,1317
4000012.263,1318
4000012.264,1319
4000012.265,1321
4000012.266,1322
4000012.267,1323
4000012.268,1325
4000012.269,1326
4000012.270,1327
4000012.271,1328
4000012.272,1337
4000012.273,1338
4000012.274,1341
4000012.275,1343
4000012.276,1346
4000012.277,1347
4000012.278,1352
4000012.279,1355
4000012.280,1356
4000012.281,1357
4000012.282,1361
4000012.283,1368
4000012.284,1369
4000012.285,1370
4000012.286,1371
4000012.287,1372
4000012.288,1374
4000012.289,1377
4000012.290,1379
4000012.291,1380
4000012.292,1381
4000012.293,1382
4000012.294,1383
4000012.295,1387
4000012.296,1389
4000012.297,1390
4000012.298,1391
4000012.299,1395
4000012.300,1397
4000012.301,1402
4000012.302,1403
4000012.303,1405
4000012.304,1410
4000012.305,1411
4000012.306,1414
4000012.307,1417
4000012.308,1424
4000012.309,1425
4000012.310,1426
4000012.311,1428
4000012.312,1429
4000012.313,1430
4000012.314,1433
4000012.315,1437
4000012.316,1438
4000012.317,1439
4000012.318,1441
4000012.319,1442
4000012.320,1443
4000012.321,1444
4000012.322,1445
4000012.323,1446
4000012.324,1451
4000012.325,1456
4000012.326,1458
4000012.327,1459
4000012.328,1460
4000012.329,1465
4000012.330,1467
4000012.331,1468
4000012.332,1469
4000012.333,1471
4000012.334,1475
4000012.335,1476
4000012.336,1479
4000012.337,1481
4000012.338,1483
4000012.339,1489
4000012.340,1491
4000012.341,1492
4000012.342,1503
4000012.343,1510
4000012.344,1511
4000012.345,1522
4000012.346,1524
4000012.347,1525
4000012.348,1528
4000012.349,1533
4000012.350,1546
4000012.351,1552
4000012.352,1553
4000012.353,1554
4000012.354,1559
4000012.355,1564
4000012.356,1573
4000012.357,1576
4000012.358,1813
4000012.359,1581
4000012.360,1583
4000012.361,1593
4000012.362,1596
4000012.363,1610
4000012.364,1628
4000012.365,1629
4000012.366,1636
4000012.367,1639
4000012.368,35
4000012.369,1641
4000012.370,1651
4000012.371,1653
4000012.372,1670
4000012.373,1671
4000012.374,1679
4000012.375,1718
4000012.376,1719
4000012.377,1721
4000012.378,1722
4000012.379,1724
4000012.380,1727
4000012.381,1728
4000012.382,1729
4000012.383,1730
4000012.384,1732
4000012.385,1734
4000012.386,1737
4000012.387,1738
4000012.388,1739
4000012.389,1740
4000012.390,1741
4000012.391,1742
4000012.392,1744
4000012.393,1607
4000012.394,1634
4000012.395,107
4000012.396,1744
4000012.397,1607
4000012.398,1634
4000012.399,107
4000012.400,912
4000012.401,970
4000012.402,954
4000012.403,1607
4000012.404,1634
4000013.0,84
4000013.1,115
4000013.2,124
4000013.3,123
4000013.4,168
4000013.5,164
4000013.6,159
4000013.7,171
4000013.8,226
4000013.9,225
4000013.10,229
4000013.11,223
4000013.12,266
4000013.13,677
4000013.14,617
4000013.15,576
4000013.16,92
4000013.17,93
4000013.18,71
4000013.19,86
4000013.20,139
4000013.21,183
4000013.22,187
4000013.23,198
4000013.24,192
4000013.25,200
4000013.26,217
4000013.27,222
4000013.28,237
4000013.29,238
4000013.30,1763
4000013.31,882
4000013.32,889
4000013.33,990
4000013.34,1117
4000013.35,1189
4000013.36,1487
4000013.37,1488
4000013.38,1501
4000013.39,1504
4000013.40,1506
4000013.41,1543
4000013.42,1556
4000013.43,1562
4000013.44,1566
4000013.45,1571
4000013.46,1575
4000013.47,1579
4000013.48,1595
4000013.49,1597
4000013.50,1598
4000013.51,1606
4000013.52,1827
4000013.53,1777
4000013.54,25
4000013.55,32
4000013.56,1642
4000013.57,1652
4000013.58,1687
4000013.59,1695
4000013.60,1697
4000013.61,1699
4000013.62,1700
4000013.63,1702
4000013.64,1828
4000013.65,1704
4000013.66,1812
4000013.67,1710
4000013.68,1712
4000013.69,1588
4000013.70,1684
4000013.71,1688
4000013.72,1811
4000013.73,1710
4000013.74,1712
4000013.75,1588
4000013.76,1665
4000013.77,1684
4000013.78,1688
4000013.79,1811
4000013.80,1811
4900000.0,0
4900010.0,1784
4900010.1,38
4900010.2,53
4900010.3,1785
4900010.4,1782
4900010.5,1830
4900010.6,48
4900010.7,67
4900010.8,1783
4900010.9,51
4900010.10,59
4900010.11,62
4900010.12,1788
4900010.13,1824
4900010.14,39
4900010.15,43
4900010.16,1825
4900010.17,1814
4900010.18,1831
4900010.19,1832
4900010.20,1819
5000000.0,0
5000001.0,0
5000002.0,0
5000003.0,0
5000010.0,31
5000010.1,186
5000010.2,175
5000010.3,267
5000010.4,268
5000010.5,1271
5000010.6,1515
5000010.7,174
5000010.8,190
5000010.9,703
5000010.10,710
5000010.11,740
5000010.12,752
5000010.13,780
5000010.14,795
5000010.15,809
5000010.16,825
5000010.17,852
5000010.18,858
5000010.19,859
5000010.20,872
5000010.21,873
5000010.22,874
5000010.23,878
5000010.24,994
5000010.25,996
5000010.26,997
5000010.27,1004
5000010.28,1020
5000010.29,1023
5000010.30,1049
5000010.31,1152
5000010.32,1157
5000010.33,1165
5000010.34,1167
5000010.35,1182
5000010.36,1194
5000010.37,1224
5000010.38,1225
5000010.39,1234
5000010.40,1237
5000010.41,1239
5000010.42,1240
5000010.43,1255
5000010.44,1257
5000010.45,1258
5000010.46,1260
5000010.47,1261
5000010.48,1265
5000010.49,1279
5000010.50,1281
5000010.51,1288
5000010.52,1291
5000010.53,1292
5000010.54,1294
5000010.55,1351
5000010.56,1353
5000010.57,1362
5000010.58,1363
5000010.59,1393
5000010.60,1398
5000010.61,1404
5000010.62,1413
5000010.63,1432
5000010.64,1470
5000010.65,1507
5000010.66,1508
5000010.67,1518
5000010.68,1519
5000010.69,1537
5000010.70,1548
5000010.71,1568
5000010.72,1585
5000010.73,1586
5000010.74,1587
5000010.75,1601
5000010.76,30
5000010.77,37
5000010.78,1657
5000010.79,1685
5000010.80,1691
5000010.81,1692
5000010.82,12
5000010.83,10
5000010.84,11
5000010.85,3
5000010.86,4
5000010.87,5
5000010.88,1748
5000010.89,6
5000010.90,14
5000010.91,1
5000010.92,1749
5000010.93,77
5000010.94,74
5000010.95,75
5000010.96,1751
5000010.97,72
5000010.98,81
5000010.99,99
5000010.100,95
5000010.101,96
5000010.102,94
5000010.103,110
5000010.104,111
5000010.105,154
5000010.106,136
5000010.107,132
5000010.108,130
5000010.109,131
5000010.110,129
5000010.111,127
5000010.112,128
5000010.113,180
5000010.114,150
5000010.115,152
5000010.116,153
5000010.117,147
5000010.118,148
5000010.119,145
5000010.120,146
5000010.121,176
5000010.122,210
5000010.123,193
5000010.124,211
5000010.125,207
5000010.126,205
5000010.127,206
5000010.128,209
5000010.129,241
5000010.130,257
5000010.131,258
5000010.132,251
5000010.133,252
5000010.134,254
5000010.135,255
5000010.136,249
5000010.137,247
5000010.138,250
5000010.139,248
5000010.140,540
5000010.141,553
5000010.142,565
5000010.143,510
5000010.144,485
5000010.145,487
5000010.146,514
5000010.147,491
5000010.148,442
5000010.149,461
5000010.150,462
5000010.151,463
5000010.152,464
5000010.153,466
5000010.154,492
5000010.155,425
5000010.156,1768
5000010.157,426
5000010.158,429
5000010.159,435
5000010.160,436
5000010.161,474
5000010.162,532
5000010.163,495
5000010.164,438
5000010.165,1681
5000010.166,1682
5000010.167,1701
5000010.168,143
5000010.169,1014
5000010.170,721
5000010.171,762
5000010.172,783
5000010.173,785
5000010.174,804
5000010.175,826
5000010.176,849
5000010.177,1000
5000010.178,1001
5000010.179,1040
5000010.180,1169
5000010.181,1227
5000010.182,1574
5000010.183,1621
5000010.184,1659
5000010.185,1599
5000010.186,821
5000010.187,1197
5000010.188,1352
5000010.189,1425
5000010.190,1542
5000010.191,159
5000010.192,157
5000010.193,1756
5000010.194,478
5000010.195,479
5000010.196,1654
5000010.197,1538
5000010.198,1547
5000010.199,1549
5000010.200,1567
5000010.201,1572
5000010.202,1582
5000010.203,1584
5000010.204,1609
5000010.205,1612
5000010.206,1644
5000010.207,1647
5000010.208,1673
5000010.209,1678
5000010.210,1694
5000011.0,481
5000011.1,519
5000011.2,493
5000011.3,834
5000011.4,1716
5000011.5,699
5000011.6,144
5000011.7,167
5000011.8,179
5000011.9,191
5000011.10,246
5000011.11,388
5000011.12,395
5000011.13,656
5000011.14,1013
5000011.15,1078
5000011.16,1079
5000011.17,1080
5000011.18,1081
5000011.19,1082
5000011.20,1083
5000011.21,1085
5000011.22,1086
5000011.23,1087
5000011.24,1088
5000011.25,1089
5000011.26,1090
5000011.27,1091
5000011.28,1092
5000011.29,1093
5000011.30,1095
5000011.31,1096
5000011.32,1097
5000011.33,1098
5000011.34,1099
5000011.35,1100
5000011.36,1102
5000011.37,1103
5000011.38,1104
5000011.39,1105
5000011.40,1177
5000011.41,1180
5000011.42,1181
5000011.43,1273
5000011.44,1275
5000011.45,1525
5000011.46,1735
5000011.47,1738
5000011.48,1740
5000011.49,1743
5000011.50,700
5000011.51,701
5000011.52,702
5000011.53,704
5000011.54,705
5000011.55,706
5000011.56,707
5000011.57,711
5000011.58,712
5000011.59,713
5000011.60,715
5000011.61,716
5000011.62,717
5000011.63,719
5000011.64,720
5000011.65,722
5000011.66,726
5000011.67,727
5000011.68,732
5000011.69,733
5000011.70,735
5000011.71,736
5000011.72,738
5000011.73,741
5000011.74,751
5000011.75,753
5000011.76,755
5000011.77,756
5000011.78,757
5000011.79,758
5000011.80,759
5000011.81,763
5000011.82,766
5000011.83,768
5000011.84,769
5000011.85,770
5000011.86,771
5000011.87,772
5000011.88,777
5000011.89,778
5000011.90,779
5000011.91,782
5000011.92,784
5000011.93,786
5000011.94,788
5000011.95,789
5000011.96,791
5000011.97,792
5000011.98,793
5000011.99,796
5000011.100,798
5000011.101,799
5000011.102,801
5000011.103,802
5000011.104,803
5000011.105,805
5000011.106,807
5000011.107,808
5000011.108,810
5000011.109,812
5000011.110,813
5000011.111,814
5000011.112,815
5000011.113,816
5000011.114,817
5000011.115,818
5000011.116,819
5000011.117,820
5000011.118,822
5000011.119,823
5000011.120,824
5000011.121,827
5000011.122,828
5000011.123,829
5000011.124,830
5000011.125,831
5000011.126,832
5000011.127,833
5000011.128,835
5000011.129,836
5000011.130,838
5000011.131,840
5000011.132,848
5000011.133,851
5000011.134,855
5000011.135,856
5000011.136,860
5000011.137,861
5000011.138,863
5000011.139,864
5000011.140,867
5000011.141,868
5000011.142,870
5000011.143,871
5000011.144,876
5000011.145,879
5000011.146,885
5000011.147,888
5000011.148,890
5000011.149,908
5000011.150,909
5000011.151,912
5000011.152,918
5000011.153,920
5000011.154,922
5000011.155,924
5000011.156,933
5000011.157,936
5000011.158,937
5000011.159,941
5000011.160,969
5000011.161,970
5000011.162,977
5000011.163,978
5000011.164,981
5000011.165,989
5000011.166,1010
5000011.167,1011
5000011.168,1015
5000011.169,1016
5000011.170,1017
5000011.171,1018
5000011.172,1019
5000011.173,1021
5000011.174,1022
5000011.175,1024
5000011.176,1025
5000011.177,1026
5000011.178,1027
5000011.179,1029
5000011.180,1031
5000011.181,1033
5000011.182,1035
5000011.183,1037
5000011.184,1038
5000011.185,1039
5000011.186,1041
5000011.187,1042
5000011.188,1043
5000011.189,1044
5000011.190,1046
5000011.191,1047
5000011.192,1051
5000011.193,1052
5000011.194,1054
5000011.195,1056
5000011.196,1059
5000011.197,1060
5000011.198,1061
5000011.199,1064
5000011.200,1065
5000011.201,1066
5000011.202,1067
5000011.203,1068
5000011.204,1071
5000011.205,1072
5000011.206,1074
5000011.207,1077
5000011.208,1106
5000011.209,1107
5000011.210,1108
5000011.211,1109
5000011.212,1110
5000011.213,1111
5000011.214,1112
5000011.215,1113
5000011.216,1114
5000011.217,1115
5000011.218,1116
5000011.219,1117
5000011.220,1118
5000011.221,1119
5000011.222,1120
5000011.223,1121
5000011.224,1122
5000011.225,1123
5000011.226,1124
5000011.227,1125
5000011.228,1127
5000011.229,1128
5000011.230,1129
5000011.231,1130
5000011.232,1131
5000011.233,1132
5000011.234,1134
5000011.235,1136
5000011.236,1137
5000011.237,1139
5000011.238,1142
5000011.239,1143
5000011.240,1145
5000011.241,1146
5000011.242,1147
5000011.243,1148
5000011.244,1149
5000011.245,1150
5000011.246,1151
5000011.247,1153
5000011.248,1154
5000011.249,1155
5000011.250,1158
5000011.251,1159
5000011.252,1160
5000011.253,1161
5000011.254,1162
5000011.255,1163
5000011.256,1166
5000011.257,1168
5000011.258,1170
5000011.259,1171
5000011.260,1172
5000011.261,1173
5000011.262,1174
5000011.263,1175
5000011.264,1184
5000011.265,1185
5000011.266,1189
5000011.267,1190
5000011.268,1193
5000011.269,1196
5000011.270,1198
5000011.271,1199
5000011.272,1201
5000011.273,1202
5000011.274,1203
5000011.275,1204
5000011.276,1205
5000011.277,1206
5000011.278,1207
5000011.279,1208
5000011.280,1209
5000011.281,1228
5000011.282,1229
5000011.283,1230
5000011.284,1231
5000011.285,1232
5000011.286,1233
5000011.287,1235
5000011.288,1236
5000011.289,1238
5000011.290,1241
5000011.291,1242
5000011.292,1243
5000011.293,1244
5000011.294,1245
5000011.295,1248
5000011.296,1249
5000011.297,1250
5000011.298,1251
5000011.299,1252
5000011.300,1253
5000011.301,1267
5000011.302,1268
5000011.303,1269
5000011.304,1270
5000011.305,1274
5000011.306,1278
5000011.307,1282
5000011.308,1285
5000011.309,1286
5000011.310,1287
5000011.311,1289
5000011.312,1290
5000011.313,1296
5000011.314,1297
5000011.315,1298
5000011.316,1300
5000011.317,1303
5000011.318,1304
5000011.319,1305
5000011.320,1306
5000011.321,1308
5000011.322,1310
5000011.323,1311
5000011.324,1312
5000011.325,1314
5000011.326,1315
5000011.327,1316
5000011.328,1317
5000011.329,1318
5000011.330,1319
5000011.331,1321
5000011.332,1322
5000011.333,1323
5000011.334,1325
5000011.335,1328
5000011.336,1329
5000011.337,1330
5000011.338,1332
5000011.339,1333
5000011.340,1334
5000011.341,1336
5000011.342,1337
5000011.343,1338
5000011.344,1339
5000011.345,1340
5000011.346,1341
5000011.347,1344
5000011.348,1345
5000011.349,1346
5000011.350,1347
5000011.351,1348
5000011.352,1349
5000011.353,1355
5000011.354,1356
5000011.355,1358
5000011.356,1359
5000011.357,1360
5000011.358,1361
5000011.359,1364
5000011.360,1365
5000011.361,1366
5000011.362,1369
5000011.363,1370
5000011.364,1371
5000011.365,1372
5000011.366,1376
5000011.367,1377
5000011.368,1378
5000011.369,1379
5000011.370,1380
5000011.371,1381
5000011.372,1382
5000011.373,1383
5000011.374,1384
5000011.375,1385
5000011.376,1386
5000011.377,1387
5000011.378,1388
5000011.379,1389
5000011.380,1391
5000011.381,1394
5000011.382,1395
5000011.383,1397
5000011.384,1400
5000011.385,1401
5000011.386,1402
5000011.387,1403
5000011.388,1405
5000011.389,1407
5000011.390,1408
5000011.391,1409
5000011.392,1410
5000011.393,1411
5000011.394,1412
5000011.395,1414
5000011.396,1415
5000011.397,1416
5000011.398,1418
5000011.399,1420
5000011.400,1421
5000011.401,1422
5000011.402,1423
5000011.403,1424
5000011.404,1426
5000011.405,1427
5000011.406,1428
5000011.407,1429
5000011.408,1430
5000011.409,1431
5000011.410,1433
5000011.411,1434
5000011.412,1436
5000011.413,1438
5000011.414,1452
5000011.415,1457
5000011.416,1460
5000011.417,1461
5000011.418,1464
5000011.419,1466
5000011.420,1467
5000011.421,1468
5000011.422,1469
5000011.423,1471
5000011.424,1472
5000011.425,1476
5000011.426,1479
5000011.427,1481
5000011.428,1482
5000011.429,1484
5000011.430,1485
5000011.431,1489
5000011.432,1490
5000011.433,1494
5000011.434,1498
5000011.435,1509
5000011.436,1513
5000011.437,1514
5000011.438,1516
5000011.439,1517
5000011.440,1520
5000011.441,1522
5000011.442,1523
5000011.443,1524
5000011.444,1526
5000011.445,1527
5000011.446,1528
5000011.447,1552
5000011.448,1560
5000011.449,1561
5000011.450,1565
5000011.451,1577
5000011.452,1578
5000011.453,1580
5000011.454,1602
5000011.455,1605
5000011.456,1619
5000011.457,1620
5000011.458,1622
5000011.459,24
5000011.460,27
5000011.461,28
5000011.462,35
5000011.463,1646
5000011.464,1660
5000011.465,1670
5000011.466,1672
5000011.467,1689
5000011.468,1690
5000011.469,1693
5000011.470,1714
5000011.471,1718
5000011.472,1719
5000011.473,1721
5000011.474,1727
5000011.475,1733
5000011.476,1744
5000011.477,69
5000011.478,18
5000011.479,15
5000011.480,9
5000011.481,13
5000011.482,675
5000011.483,1746
5000011.484,1747
5000011.485,88
5000011.486,87
5000011.487,82
5000011.488,79
5000011.489,97
5000011.490,85
5000011.491,76
5000011.492,73
5000011.493,1750
5000011.494,578
5000011.495,624
5000011.496,78
5000011.497,103
5000011.498,102
5000011.499,117
5000011.500,100
5000011.501,119
5000011.502,98
5000011.503,101
5000011.504,158
5000011.505,137
5000011.506,134
5000011.507,135
5000011.508,181
5000011.509,156
5000011.510,149
5000011.511,535
5000011.512,155
5000011.513,161
5000011.514,628
5000011.515,182
5000011.516,534
5000011.517,194
5000011.518,217
5000011.519,215
5000011.520,212
5000011.521,208
5000011.522,213
5000011.523,1759
5000011.524,232
5000011.525,1760
5000011.526,261
5000011.527,262
5000011.528,256
5000011.529,1763
5000011.530,259
5000011.531,260
5000011.532,317
5000011.533,657
5000011.534,659
5000011.535,660
5000011.536,661
5000011.537,662
5000011.538,627
5000011.539,583
5000011.540,629
5000011.541,630
5000011.542,631
5000011.543,632
5000011.544,633
5000011.545,634
5000011.546,635
5000011.547,636
5000011.548,637
5000011.549,638
5000011.550,584
5000011.551,585
5000011.552,586
5000011.553,587
5000011.554,592
5000011.555,595
5000011.556,596
5000011.557,597
5000011.558,598
5000011.559,599
5000011.560,600
5000011.561,601
5000011.562,609
5000011.563,610
5000011.564,611
5000011.565,538
5000011.566,541
5000011.567,543
5000011.568,544
5000011.569,545
5000011.570,546
5000011.571,547
5000011.572,548
5000011.573,549
5000011.574,550
5000011.575,551
5000011.576,552
5000011.577,554
5000011.578,555
5000011.579,556
5000011.580,557
5000011.581,559
5000011.582,561
5000011.583,566
5000011.584,567
5000011.585,666
5000011.586,683
5000011.587,613
5000011.588,568
5000011.589,498
5000011.590,499
5000011.591,642
5000011.592,504
5000011.593,668
5000011.594,614
5000011.595,505
5000011.596,506
5000011.597,508
5000011.598,509
5000011.599,570
5000011.600,511
5000011.601,647
5000011.602,616
5000011.603,670
5000011.604,571
5000011.605,477
5000011.606,617
5000011.607,671
5000011.608,480
5000011.609,618
5000011.610,483
5000011.611,484
5000011.612,685
5000011.613,672
5000011.614,486
5000011.615,488
5000011.616,489
5000011.617,651
5000011.618,465
5000011.619,652
5000011.620,516
5000011.621,517
5000011.622,518
5000011.623,621
5000011.624,472
5000011.625,623
5000011.626,574
5000011.627,575
5000011.628,576
5000011.629,579
5000011.630,521
5000011.631,522
5000011.632,523
5000011.633,524
5000011.634,525
5000011.635,526
5000011.636,577
5000011.637,527
5000011.638,528
5000011.639,437
5000011.640,529
5000011.641,530
5000011.642,531
5000011.643,533
5000011.644,1495
5000011.645,1496
5000011.646,1626
5000011.647,1627
5000011.648,1634
5000011.649,23
5000011.650,1650
5000011.651,1677
5000011.652,1094
5000011.653,245
5000011.654,689
5000011.655,747
5000011.656,767
5000011.657,773
5000011.658,774
5000011.659,775
5000011.660,781
5000011.661,881
5000011.662,887
5000011.663,889
5000011.664,921
5000011.665,979
5000011.666,987
5000011.667,988
5000011.668,1034
5000011.669,1063
5000011.670,1070
5000011.671,1073
5000011.672,1075
5000011.673,1076
5000011.674,1141
5000011.675,1144
5000011.676,1191
5000011.677,1226
5000011.678,1302
5000011.679,1342
5000011.680,1343
5000011.681,1392
5000011.682,1616
5000011.683,1725
5000011.684,983
5000011.685,1164
5000011.686,1246
5000011.687,1354
5000011.688,1374
5000011.689,1375
5000011.690,1396
5000011.691,1486
5000011.692,1511
5000011.693,1521
5000011.694,1539
5000011.695,653
5000011.696,654
5000011.697,655
5000011.698,89
5000011.699,86
5000011.700,83
5000011.701,681
5000011.702,80
5000011.703,107
5000011.704,106
5000011.705,133
5000011.706,164
5000011.707,188
5000011.708,216
5000011.709,222
5000011.710,221
5000011.711,218
5000011.712,234
5000011.713,236
5000011.714,231
5000011.715,244
5000011.716,266
5000011.717,264
5000011.718,658
5000011.719,594
5000011.720,677
5000011.721,497
5000011.722,569
5000011.723,643
5000011.724,644
5000011.725,646
5000011.726,615
5000011.727,669
5000011.728,686
5000011.729,679
5000011.730,674
5000011.731,650
5000011.732,1734
5000011.733,718
5000011.734,742
5000011.735,750
5000011.736,764
5000011.737,765
5000011.738,800
5000011.739,811
5000011.740,839
5000011.741,850
5000011.742,854
5000011.743,883
5000011.744,935
5000011.745,984
5000011.746,985
5000011.747,990
5000011.748,992
5000011.749,1045
5000011.750,1053
5000011.751,1058
5000011.752,1069
5000011.753,1126
5000011.754,1135
5000011.755,1140
5000011.756,1183
5000011.757,1188
5000011.758,1195
5000011.759,1277
5000011.760,1284
5000011.761,1301
5000011.762,1307
5000011.763,1313
5000011.764,1324
5000011.765,1350
5000011.766,1367
5000011.767,1417
5000011.768,1454
5000011.769,1458
5000011.770,1478
5000011.771,1510
5000011.772,1558
5000011.773,1559
5000011.774,1600
5000011.775,1603
5000011.776,1662
5000011.777,1717
5000011.778,1724
5000011.779,1666
5000011.780,1667
5000011.781,980
5000011.782,1503
5000011.783,1540
5000011.784,1553
5000011.785,1554
5000011.786,1569
5000011.787,1575
5000011.788,1591
5000011.789,1592
5000011.790,1624
5000011.791,1628
5000011.792,1630
5000011.793,1823
5000011.794,1636
5000011.795,1639
5000011.796,34
5000011.797,36
5000011.798,1648
5000011.799,1656
5000011.800,1663
5000011.801,1679
5000011.802,1811
5000011.803,1695
5000011.804,1706
5000012.0,93
5000012.1,84
5000012.2,104
5000012.3,114
5000012.4,109
5000012.5,113
5000012.6,123
5000012.7,121
5000012.8,139
5000012.9,172
5000012.10,166
5000012.11,165
5000012.12,1793
5000012.13,163
5000012.14,183
5000012.15,199
5000012.16,187
5000012.17,196
5000012.18,197
5000012.19,200
5000012.20,203
5000012.21,223
5000012.22,220
5000012.23,238
5000012.24,233
5000012.25,1761
5000012.26,265
5000012.27,589
5000012.28,593
5000012.29,640
5000012.30,688
5000012.31,684
5000012.32,673
5000012.33,573
5000012.34,1178
5000012.35,1739
5000012.36,1741
5000012.37,1742
5000012.38,698
5000012.39,714
5000012.40,725
5000012.41,776
5000012.42,794
5000012.43,865
5000012.44,880
5000012.45,882
5000012.46,886
5000012.47,901
5000012.48,954
5000012.49,976
5000012.50,1012
5000012.51,1030
5000012.52,1062
5000012.53,1133
5000012.54,1138
5000012.55,1156
5000012.56,1211
5000012.57,1295
5000012.58,1309
5000012.59,1331
5000012.60,1357
5000012.61,1435
5000012.62,1455
5000012.63,1456
5000012.64,1463
5000012.65,1477
5000012.66,1583
5000012.67,1617
5000012.68,1618
5000012.69,1722
5000012.70,1723
5000012.71,1730
5000012.72,1550
5000012.73,1588
5000012.74,1590
5000012.75,1593
5000012.76,1607
5000012.77,25
5000012.78,1665
5000012.79,1736
5000012.80,884
5000012.81,891
5000012.82,1210
5000012.83,1546
5000012.84,1562
5000012.85,1732
5000012.86,1532
5000012.87,1488
5000012.88,1497
5000012.89,1501
5000012.90,1504
5000012.91,1505
5000012.92,1533
5000012.93,1534
5000012.94,1535
5000012.95,1544
5000012.96,1573
5000012.97,1576
5000012.98,1589
5000012.99,1596
5000012.100,1606
5000012.101,1827
5000012.102,32
5000012.103,1645
5000012.104,1652
5000012.105,1669
5000012.106,1698
5000012.107,1700
5000012.108,1704
5000012.109,1812
5000012.110,1708
5000012.111,1710
5000012.112,1712
5000012.113,1715
5000012.114,1192
5000012.115,1726
5000012.116,1729
5000012.117,1731
5000012.118,19
5000012.119,92
5000012.120,71
5000012.121,124
5000012.122,126
5000012.123,1862
5000012.124,170
5000012.125,171
5000012.126,198
5000012.127,192
5000012.128,225
5000012.129,227
5000012.130,202
5000012.131,1493
5000012.132,1545
5000012.133,1778
5000012.134,892
5000012.135,1500
5000012.136,1543
5000012.137,1555
5000012.138,1556
5000012.139,1564
5000012.140,1598
5000012.141,1610
5000012.142,1863
5000012.143,1641
5000012.144,1642
5000012.145,1653
5000012.146,1687
5000012.147,1697
5000012.148,1705
5000012.149,1713
5000012.150,1329
5000012.151,1330
5000012.152,1332
5000012.153,1333
5000012.154,1334
5000012.155,1335
5000012.156,1339
5000012.157,1340
5000012.158,1341
5000012.159,1348
5000012.160,1355
5000012.161,1356
5000012.162,1358
5000012.163,1359
5000012.164,1369
5000012.165,1371
5000012.166,1372
5000012.167,1378
5000012.168,1381
5000012.169,1383
5000012.170,1384
5000012.171,1385
5000012.172,1388
5000012.173,1389
5000012.174,1391
5000012.175,1394
5000012.176,1400
5000012.177,1405
5000012.178,1407
5000012.179,1408
5000012.180,1412
5000012.181,1415
5000012.182,1418
5000012.183,1422
5000012.184,1423
5000012.185,1428
5000012.186,1429
5000012.187,1430
5000012.188,1431
5000012.189,1436
5000012.190,1438
5000012.191,1460
5000012.192,1461
5000012.193,1469
5000012.194,1471
5000012.195,1479
5000012.196,1482
5000012.197,1484
5000012.198,1485
5000012.199,1489
5000012.200,1494
5000012.201,1498
5000012.202,1513
5000012.203,1514
5000012.204,1520
5000012.205,1523
5000012.206,1524
5000012.207,1552
5000012.208,1565
5000012.209,1577
5000012.210,1578
5000012.211,1605
5000012.212,1619
5000012.213,1620
5000012.214,1622
5000012.215,24
5000012.216,35
5000012.217,1670
5000012.218,1672
5000012.219,1714
5000012.220,1718
5000012.221,1727
5000012.222,1733
5000012.223,1744
5000012.224,69
5000012.225,18
5000012.226,9
5000012.227,13
5000012.228,675
5000012.229,88
5000012.230,87
5000012.231,82
5000012.232,85
5000012.233,73
5000012.234,578
5000012.235,624
5000012.236,117
5000012.237,100
5000012.238,119
5000012.239,98
5000012.240,137
5000012.241,181
5000012.242,535
5000012.243,161
5000012.244,628
5000012.245,534
5000012.246,217
5000012.247,215
5000012.248,1759
5000012.249,232
5000012.250,1760
5000012.251,261
5000012.252,262
5000012.253,659
5000012.254,660
5000012.255,661
5000012.256,662
5000012.257,627
5000012.258,583
5000012.259,629
5000012.260,630
5000012.261,631
5000012.262,633
5000012.263,634
5000012.264,635
5000012.265,637
5000012.266,638
5000012.267,586
5000012.268,592
5000012.269,596
5000012.270,598
5000012.271,599
5000012.272,609
5000012.273,610
5000012.274,538
5000012.275,543
5000012.276,545
5000012.277,546
5000012.278,547
5000012.279,548
5000012.280,555
5000012.281,556
5000012.282,557
5000012.283,666
5000012.284,613
5000012.285,498
5000012.286,499
5000012.287,642
5000012.288,504
5000012.289,668
5000012.290,614
5000012.291,506
5000012.292,511
5000012.293,647
5000012.294,670
5000012.295,617
5000012.296,671
5000012.297,480
5000012.298,483
5000012.299,685
5000012.300,672
5000012.301,489
5000012.302,651
5000012.303,517
5000012.304,623
5000012.305,574
5000012.306,576
5000012.307,579
5000012.308,524
5000012.309,1495
5000012.310,1496
5000012.311,1626
5000012.312,1627
5000012.313,1634
5000012.314,1677
5000012.315,1094
5000012.316,245
5000012.317,689
5000012.318,747
5000012.319,767
5000012.320,773
5000012.321,774
5000012.322,775
5000012.323,781
5000012.324,881
5000012.325,887
5000012.326,889
5000012.327,921
5000012.328,979
5000012.329,987
5000012.330,988
5000012.331,1034
5000012.332,1063
5000012.333,1070
5000012.334,1073
5000012.335,1075
5000012.336,1076
5000012.337,1141
5000012.338,1144
5000012.339,1191
5000012.340,1226
5000012.341,1302
5000012.342,1342
5000012.343,1343
5000012.344,1392
5000012.345,1616
5000012.346,1725
5000012.347,983
5000012.348,1164
5000012.349,1354
5000012.350,1396
5000012.351,1539
5000012.352,654
5000012.353,655
5000012.354,89
5000012.355,86
5000012.356,83
5000012.357,80
5000012.358,106
5000012.359,164
5000012.360,188
5000012.361,222
5000012.362,221
5000012.363,218
5000012.364,234
5000012.365,593
5000012.366,594
5000012.367,677
5000012.368,497
5000012.369,569
5000012.370,643
5000012.371,644
5000012.372,646
5000012.373,615
5000012.374,669
5000012.375,686
5000012.376,679
5000012.377,673
5000012.378,674
5000012.379,650
5000012.380,1734
5000012.381,718
5000012.382,742
5000012.383,750
5000012.384,765
5000012.385,794
5000012.386,800
5000012.387,811
5000012.388,839
5000012.389,850
5000012.390,854
5000012.391,883
5000012.392,935
5000012.393,984
5000012.394,985
5000012.395,990
5000012.396,992
5000012.397,1045
5000012.398,1053
5000012.399,1058
5000012.400,1062
5000012.401,1069
5000012.402,1126
5000012.403,1135
5000012.404,1140
5000012.405,1183
5000012.406,1188
5000012.407,1195
5000012.408,1277
5000012.409,1284
5000012.410,1301
5000012.411,1307
5000012.412,1309
5000012.413,1313
5000012.414,1324
5000012.415,1350
5000012.416,1357
5000012.417,1367
5000012.418,1417
5000012.419,1454
5000012.420,1458
5000012.421,1510
5000012.422,1558
5000012.423,1559
5000012.424,1600
5000012.425,1617
5000012.426,1717
5000012.427,980
5000012.428,1503
5000012.429,1540
5000012.430,1569
5000012.431,1575
5000012.432,1592
5000012.433,1624
5000012.434,1630
5000012.435,1636
5000012.436,1639
5000012.437,34
5000012.438,1648
5000012.439,1656
5000012.440,1695
5000012.441,236
5000012.442,231
5000012.443,566
5000012.444,1648
5000012.445,1656
5000012.446,1674
5000012.447,1695
5000012.448,236
5000012.449,231
5000013.0,862
5000013.1,1745
5000013.2,21
5000013.3,168
5000013.4,185
5000013.5,224
5000013.6,229
5000013.7,237
5000013.8,421
5000013.9,1499
5000013.10,1571
5000013.11,33
5000013.12,1668
5000013.13,1684
5000013.14,1502
5000013.15,1506
5000013.16,1531
5000013.17,1579
5000013.18,1595
5000013.19,1597
5000013.20,1640
5000013.21,1655
5000013.22,1676
5000013.23,1688
5000013.24,1696
5000013.25,1699
5000013.26,1702
5000013.27,1709
5000013.28,1533
5000013.29,1534
5000013.30,1535
5000013.31,1544
5000013.32,1576
5000013.33,1589
5000013.34,1606
5000013.35,1827
5000013.36,1669
5000013.37,1700
5000013.38,1812
5000013.39,1710
5000013.40,1712
5000013.41,1715
5000013.42,1729
5000013.43,1731
5000013.44,92
5000013.45,171
5000013.46,225
5000013.47,1493
5000013.48,1778
5000013.49,1500
5000013.50,1697
5000013.51,1863
5900000.0,0
5900010.0,38
5900010.1,39
5900010.2,41
5900010.3,42
5900010.4,1833
5900010.5,1834
5900010.6,1835
5900010.7,1788
5900010.8,1832
5900010.9,51
5900010.10,64
5900010.11,1836
5900010.12,1837
5900010.13,1838
5900010.14,52
5900010.15,1839
5900010.16,1820
5900010.17,1840
5900010.18,1841
5900010.19,1842
6000000.0,0
6000001.0,0
6000002.0,0
6000003.0,0
6000010.0,69
6000010.1,12
6000010.2,15
6000010.3,9
6000010.4,10
6000010.5,11
6000010.6,13
6000010.7,3
6000010.8,1746
6000010.9,4
6000010.10,1747
6000010.11,5
6000010.12,1748
6000010.13,6
6000010.14,7
6000010.15,8
6000010.16,14
6000010.17,1
6000010.18,2
6000010.19,88
6000010.20,87
6000010.21,79
6000010.22,97
6000010.23,76
6000010.24,77
6000010.25,73
6000010.26,74
6000010.27,1750
6000010.28,578
6000010.29,80
6000010.30,75
6000010.31,1751
6000010.32,72
6000010.33,81
6000010.34,78
6000010.35,106
6000010.36,117
6000010.37,100
6000010.38,98
6000010.39,99
6000010.40,101
6000010.41,105
6000010.42,158
6000010.43,95
6000010.44,96
6000010.45,94
6000010.46,110
6000010.47,111
6000010.48,154
6000010.49,134
6000010.50,132
6000010.51,130
6000010.52,131
6000010.53,129
6000010.54,127
6000010.55,128
6000010.56,163
6000010.57,180
6000010.58,149
6000010.59,1794
6000010.60,161
6000010.61,150
6000010.62,152
6000010.63,153
6000010.64,147
6000010.65,148
6000010.66,145
6000010.67,146
6000010.68,182
6000010.69,199
6000010.70,176
6000010.71,1756
6000010.72,186
6000010.73,194
6000010.74,210
6000010.75,193
6000010.76,211
6000010.77,212
6000010.78,207
6000010.79,208
6000010.80,213
6000010.81,205
6000010.82,206
6000010.83,209
6000010.84,1760
6000010.85,241
6000010.86,256
6000010.87,263
6000010.88,258
6000010.89,259
6000010.90,251
6000010.91,252
6000010.92,260
6000010.93,253
6000010.94,254
6000010.95,255
6000010.96,249
6000010.97,247
6000010.98,250
6000010.99,248
6000010.100,636
6000010.101,585
6000010.102,588
6000010.103,599
6000010.104,537
6000010.105,540
6000010.106,542
6000010.107,546
6000010.108,549
6000010.109,550
6000010.110,551
6000010.111,553
6000010.112,557
6000010.113,561
6000010.114,562
6000010.115,563
6000010.116,564
6000010.117,565
6000010.118,566
6000010.119,1767
6000010.120,568
6000010.121,500
6000010.122,501
6000010.123,502
6000010.124,503
6000010.125,614
6000010.126,505
6000010.127,507
6000010.128,508
6000010.129,509
6000010.130,510
6000010.131,511
6000010.132,477
6000010.133,478
6000010.134,479
6000010.135,481
6000010.136,482
6000010.137,483
6000010.138,484
6000010.139,485
6000010.140,487
6000010.141,488
6000010.142,489
6000010.143,490
6000010.144,514
6000010.145,515
6000010.146,491
6000010.147,439
6000010.148,440
6000010.149,441
6000010.150,442
6000010.151,443
6000010.152,444
6000010.153,445
6000010.154,446
6000010.155,447
6000010.156,448
6000010.157,449
6000010.158,450
6000010.159,451
6000010.160,452
6000010.161,453
6000010.162,454
6000010.163,455
6000010.164,456
6000010.165,457
6000010.166,458
6000010.167,459
6000010.168,460
6000010.169,461
6000010.170,462
6000010.171,463
6000010.172,464
6000010.173,465
6000010.174,466
6000010.175,467
6000010.176,652
6000010.177,492
6000010.178,468
6000010.179,517
6000010.180,518
6000010.181,469
6000010.182,470
6000010.183,471
6000010.184,472
6000010.185,473
6000010.186,623
6000010.187,574
6000010.188,425
6000010.189,1768
6000010.190,426
6000010.191,1769
6000010.192,427
6000010.193,428
6000010.194,429
6000010.195,430
6000010.196,431
6000010.197,432
6000010.198,433
6000010.199,434
6000010.200,435
6000010.201,436
6000010.202,493
6000010.203,494
6000010.204,521
6000010.205,522
6000010.206,523
6000010.207,524
6000010.208,525
6000010.209,526
6000010.210,577
6000010.211,527
6000010.212,528
6000010.213,437
6000010.214,474
6000010.215,529
6000010.216,530
6000010.217,531
6000010.218,532
6000010.219,533
6000010.220,475
6000010.221,495
6000010.222,422
6000010.223,438
6000010.224,476
6000010.225,423
6000010.226,424
6000010.227,142
6000010.228,143
6000010.229,167
6000010.230,175
6000010.231,178
6000010.232,179
6000010.233,190
6000010.234,267
6000010.235,268
6000010.236,701
6000010.237,703
6000010.238,704
6000010.239,705
6000010.240,706
6000010.241,707
6000010.242,708
6000010.243,709
6000010.244,710
6000010.245,711
6000010.246,712
6000010.247,719
6000010.248,720
6000010.249,723
6000010.250,724
6000010.251,726
6000010.252,728
6000010.253,730
6000010.254,731
6000010.255,732
6000010.256,733
6000010.257,734
6000010.258,735
6000010.259,736
6000010.260,739
6000010.261,740
6000010.262,741
6000010.263,742
6000010.264,743
6000010.265,744
6000010.266,745
6000010.267,746
6000010.268,747
6000010.269,748
6000010.270,749
6000010.271,750
6000010.272,752
6000010.273,753
6000010.274,754
6000010.275,755
6000010.276,759
6000010.277,761
6000010.278,762
6000010.279,764
6000010.280,765
6000010.281,771
6000010.282,778
6000010.283,780
6000010.284,782
6000010.285,783
6000010.286,786
6000010.287,787
6000010.288,789
6000010.289,790
6000010.290,791
6000010.291,792
6000010.292,793
6000010.293,795
6000010.294,797
6000010.295,798
6000010.296,799
6000010.297,801
6000010.298,804
6000010.299,805
6000010.300,808
6000010.301,809
6000010.302,813
6000010.303,814
6000010.304,815
6000010.305,816
6000010.306,817
6000010.307,818
6000010.308,819
6000010.309,821
6000010.310,822
6000010.311,824
6000010.312,825
6000010.313,826
6000010.314,830
6000010.315,831
6000010.316,833
6000010.317,834
6000010.318,835
6000010.319,842
6000010.320,844
6000010.321,845
6000010.322,846
6000010.323,847
6000010.324,848
6000010.325,849
6000010.326,851
6000010.327,852
6000010.328,853
6000010.329,854
6000010.330,856
6000010.331,858
6000010.332,859
6000010.333,868
6000010.334,869
6000010.335,874
6000010.336,875
6000010.337,876
6000010.338,877
6000010.339,878
6000010.340,889
6000010.341,978
6000010.342,982
6000010.343,983
6000010.344,994
6000010.345,995
6000010.346,996
6000010.347,997
6000010.348,998
6000010.349,999
6000010.350,1000
6000010.351,1001
6000010.352,1002
6000010.353,1003
6000010.354,1004
6000010.355,1005
6000010.356,1006
6000010.357,1007
6000010.358,1008
6000010.359,1009
6000010.360,1010
6000010.361,1011
6000010.362,1012
6000010.363,1013
6000010.364,1014
6000010.365,1020
6000010.366,1021
6000010.367,1024
6000010.368,1027
6000010.369,1031
6000010.370,1037
6000010.371,1043
6000010.372,1044
6000010.373,1047
6000010.374,1050
6000010.375,1057
6000010.376,1061
6000010.377,1063
6000010.378,1064
6000010.379,1065
6000010.380,1066
6000010.381,1068
6000010.382,1077
6000010.383,1080
6000010.384,1083
6000010.385,1086
6000010.386,1087
6000010.387,1088
6000010.388,1094
6000010.389,1097
6000010.390,1098
6000010.391,1100
6000010.392,1106
6000010.393,1107
6000010.394,1108
6000010.395,1110
6000010.396,1111
6000010.397,1112
6000010.398,1117
6000010.399,1139
6000010.400,1148
6000010.401,1151
6000010.402,1152
6000010.403,1153
6000010.404,1157
6000010.405,1162
6000010.406,1165
6000010.407,1167
6000010.408,1169
6000010.409,1172
6000010.410,1174
6000010.411,1176
6000010.412,1182
6000010.413,1187
6000010.414,1188
6000010.415,1190
6000010.416,1201
6000010.417,1204
6000010.418,1213
6000010.419,1214
6000010.420,1215
6000010.421,1221
6000010.422,1224
6000010.423,1225
6000010.424,1227
6000010.425,1230
6000010.426,1233
6000010.427,1234
6000010.428,1235
6000010.429,1240
6000010.430,1243
6000010.431,1244
6000010.432,1245
6000010.433,1247
6000010.434,1248
6000010.435,1249
6000010.436,1250
6000010.437,1251
6000010.438,1252
6000010.439,1253
6000010.440,1254
6000010.441,1255
6000010.442,1256
6000010.443,1257
6000010.444,1258
6000010.445,1259
6000010.446,1260
6000010.447,1261
6000010.448,1262
6000010.449,1263
6000010.450,1264
6000010.451,1265
6000010.452,1266
6000010.453,1267
6000010.454,1268
6000010.455,1269
6000010.456,1272
6000010.457,1273
6000010.458,1274
6000010.459,1275
6000010.460,1278
6000010.461,1279
6000010.462,1280
6000010.463,1281
6000010.464,1282
6000010.465,1283
6000010.466,1285
6000010.467,1286
6000010.468,1287
6000010.469,1288
6000010.470,1291
6000010.471,1292
6000010.472,1293
6000010.473,1294
6000010.474,1296
6000010.475,1298
6000010.476,1299
6000010.477,1304
6000010.478,1309
6000010.479,1312
6000010.480,1315
6000010.481,1322
6000010.482,1323
6000010.483,1334
6000010.484,1336
6000010.485,1342
6000010.486,1343
6000010.487,1344
6000010.488,1345
6000010.489,1346
6000010.490,1348
6000010.491,1351
6000010.492,1352
6000010.493,1353
6000010.494,1355
6000010.495,1359
6000010.496,1361
6000010.497,1362
6000010.498,1363
6000010.499,1364
6000010.500,1374
6000010.501,1375
6000010.502,1379
6000010.503,1380
6000010.504,1388
6000010.505,1389
6000010.506,1390
6000010.507,1393
6000010.508,1394
6000010.509,1395
6000010.510,1396
6000010.511,1397
6000010.512,1398
6000010.513,1399
6000010.514,1400
6000010.515,1401
6000010.516,1402
6000010.517,1403
6000010.518,1404
6000010.519,1405
6000010.520,1406
6000010.521,1407
6000010.522,1409
6000010.523,1411
6000010.524,1413
6000010.525,1414
6000010.526,1419
6000010.527,1421
6000010.528,1424
6000010.529,1425
6000010.530,1426
6000010.531,1428
6000010.532,1429
6000010.533,1430
6000010.534,1431
6000010.535,1432
6000010.536,1433
6000010.537,1434
6000010.538,1436
6000010.539,1438
6000010.540,1445
6000010.541,1453
6000010.542,1459
6000010.543,1461
6000010.544,1466
6000010.545,1467
6000010.546,1470
6000010.547,1473
6000010.548,1476
6000010.549,1477
6000010.550,1486
6000010.551,1490
6000010.552,1491
6000010.553,1494
6000010.554,1498
6000010.555,1507
6000010.556,1508
6000010.557,1509
6000010.558,1512
6000010.559,1515
6000010.560,1516
6000010.561,1517
6000010.562,1518
6000010.563,1519
6000010.564,1520
6000010.565,1521
6000010.566,1529
6000010.567,1536
6000010.568,1537
6000010.569,1538
6000010.570,1539
6000010.571,1542
6000010.572,1547
6000010.573,1548
6000010.574,1549
6000010.575,1551
6000010.576,1553
6000010.577,1554
6000010.578,1560
6000010.579,1561
6000010.580,1563
6000010.581,1567
6000010.582,1568
6000010.583,1572
6000010.584,1574
6000010.585,1580
6000010.586,1581
6000010.587,1582
6000010.588,1584
6000010.589,1585
6000010.590,1587
6000010.591,1594
6000010.592,1599
6000010.593,1602
6000010.594,1605
6000010.595,1608
6000010.596,1609
6000010.597,1611
6000010.598,1612
6000010.599,1613
6000010.600,1614
6000010.601,1621
6000010.602,1622
6000010.603,1823
6000010.604,1634
6000010.605,1776
6000010.606,27
6000010.607,30
6000010.608,31
6000010.609,35
6000010.610,36
6000010.611,37
6000010.612,1644
6000010.613,1646
6000010.614,1647
6000010.615,1650
6000010.616,1654
6000010.617,1657
6000010.618,1658
6000010.619,1661
6000010.620,1663
6000010.621,1664
6000010.622,1670
6000010.623,1673
6000010.624,1675
6000010.625,1678
6000010.626,1681
6000010.627,1682
6000010.628,1685
6000010.629,1689
6000010.630,1690
6000010.631,1691
6000010.632,1692
6000010.633,1693
6000010.634,1694
6000010.635,1701
6000010.636,1716
6000010.637,1721
6000010.638,1736
6000010.639,1743
6000010.640,174
6000010.641,1541
6000011.0,17
6000011.1,18
6000011.2,16
6000011.3,675
6000011.4,653
6000011.5,654
6000011.6,655
6000011.7,86
6000011.8,82
6000011.9,1749
6000011.10,83
6000011.11,85
6000011.12,681
6000011.13,624
6000011.14,107
6000011.15,103
6000011.16,102
6000011.17,104
6000011.18,119
6000011.19,113
6000011.20,118
6000011.21,121
6000011.22,122
6000011.23,120
6000011.24,138
6000011.25,136
6000011.26,137
6000011.27,135
6000011.28,164
6000011.29,162
6000011.30,160
6000011.31,159
6000011.32,181
6000011.33,156
6000011.34,535
6000011.35,155
6000011.36,157
6000011.37,628
6000011.38,195
6000011.39,534
6000011.40,200
6000011.41,203
6000011.42,216
6000011.43,214
6000011.44,220
6000011.45,217
6000011.46,222
6000011.47,221
6000011.48,218
6000011.49,219
6000011.50,215
6000011.51,204
6000011.52,1758
6000011.53,1759
6000011.54,234
6000011.55,232
6000011.56,236
6000011.57,233
6000011.58,231
6000011.59,242
6000011.60,264
6000011.61,265
6000011.62,261
6000011.63,262
6000011.64,257
6000011.65,1763
6000011.66,317
6000011.67,298
6000011.68,657
6000011.69,658
6000011.70,659
6000011.71,660
6000011.72,661
6000011.73,662
6000011.74,627
6000011.75,1766
6000011.76,583
6000011.77,629
6000011.78,630
6000011.79,631
6000011.80,632
6000011.81,633
6000011.82,634
6000011.83,635
6000011.84,637
6000011.85,638
6000011.86,664
6000011.87,584
6000011.88,586
6000011.89,587
6000011.90,589
6000011.91,590
6000011.92,591
6000011.93,592
6000011.94,593
6000011.95,594
6000011.96,595
6000011.97,596
6000011.98,597
6000011.99,598
6000011.100,600
6000011.101,601
6000011.102,602
6000011.103,603
6000011.104,604
6000011.105,640
6000011.106,609
6000011.107,610
6000011.108,677
6000011.109,611
6000011.110,536
6000011.111,538
6000011.112,539
6000011.113,541
6000011.114,543
6000011.115,544
6000011.116,545
6000011.117,547
6000011.118,548
6000011.119,552
6000011.120,554
6000011.121,555
6000011.122,556
6000011.123,558
6000011.124,641
6000011.125,559
6000011.126,560
6000011.127,567
6000011.128,666
6000011.129,667
6000011.130,683
6000011.131,496
6000011.132,613
6000011.133,498
6000011.134,499
6000011.135,642
6000011.136,504
6000011.137,569
6000011.138,643
6000011.139,668
6000011.140,644
6000011.141,688
6000011.142,506
6000011.143,684
6000011.144,570
6000011.145,646
6000011.146,615
6000011.147,647
6000011.148,616
6000011.149,669
6000011.150,670
6000011.151,571
6000011.152,617
6000011.153,671
6000011.154,480
6000011.155,618
6000011.156,685
6000011.157,686
6000011.158,679
6000011.159,672
6000011.160,673
6000011.161,486
6000011.162,674
6000011.163,650
6000011.164,651
6000011.165,516
6000011.166,519
6000011.167,621
6000011.168,575
6000011.169,576
6000011.170,579
6000011.171,580
6000011.172,144
6000011.173,191
6000011.174,201
6000011.175,245
6000011.176,246
6000011.177,388
6000011.178,395
6000011.179,656
6000011.180,689
6000011.181,690
6000011.182,691
6000011.183,692
6000011.184,693
6000011.185,694
6000011.186,695
6000011.187,696
6000011.188,697
6000011.189,698
6000011.190,699
6000011.191,700
6000011.192,702
6000011.193,713
6000011.194,714
6000011.195,715
6000011.196,716
6000011.197,717
6000011.198,718
6000011.199,721
6000011.200,722
6000011.201,725
6000011.202,727
6000011.203,729
6000011.204,737
6000011.205,738
6000011.206,751
6000011.207,756
6000011.208,757
6000011.209,758
6000011.210,760
6000011.211,763
6000011.212,766
6000011.213,767
6000011.214,768
6000011.215,769
6000011.216,770
6000011.217,772
6000011.218,773
6000011.219,774
6000011.220,775
6000011.221,776
6000011.222,777
6000011.223,779
6000011.224,781
6000011.225,784
6000011.226,785
6000011.227,788
6000011.228,794
6000011.229,796
6000011.230,800
6000011.231,802
6000011.232,803
6000011.233,806
6000011.234,807
6000011.235,810
6000011.236,811
6000011.237,812
6000011.238,820
6000011.239,823
6000011.240,827
6000011.241,828
6000011.242,829
6000011.243,832
6000011.244,836
6000011.245,837
6000011.246,838
6000011.247,839
6000011.248,840
6000011.249,841
6000011.250,843
6000011.251,850
6000011.252,855
6000011.253,1865
6000011.254,860
6000011.255,861
6000011.256,862
6000011.257,863
6000011.258,864
6000011.259,865
6000011.260,866
6000011.261,867
6000011.262,870
6000011.263,871
6000011.264,872
6000011.265,873
6000011.266,879
6000011.267,880
6000011.268,881
6000011.269,882
6000011.270,883
6000011.271,884
6000011.272,885
6000011.273,886
6000011.274,887
6000011.275,888
6000011.276,890
6000011.277,891
6000011.278,901
6000011.279,908
6000011.280,909
6000011.281,912
6000011.282,918
6000011.283,920
6000011.284,921
6000011.285,922
6000011.286,924
6000011.287,931
6000011.288,933
6000011.289,935
6000011.290,936
6000011.291,937
6000011.292,941
6000011.293,954
6000011.294,969
6000011.295,970
6000011.296,976
6000011.297,977
6000011.298,979
6000011.299,980
6000011.300,981
6000011.301,984
6000011.302,985
6000011.303,987
6000011.304,988
6000011.305,989
6000011.306,990
6000011.307,991
6000011.308,992
6000011.309,993
6000011.310,1015
6000011.311,1016
6000011.312,1017
6000011.313,1018
6000011.314,1019
6000011.315,1022
6000011.316,1023
6000011.317,1025
6000011.318,1026
6000011.319,1028
6000011.320,1029
6000011.321,1030
6000011.322,1032
6000011.323,1033
6000011.324,1034
6000011.325,1035
6000011.326,1036
6000011.327,1038
6000011.328,1039
6000011.329,1040
6000011.330,1041
6000011.331,1042
6000011.332,1045
6000011.333,1046
6000011.334,1048
6000011.335,1049
6000011.336,1051
6000011.337,1052
6000011.338,1053
6000011.339,1054
6000011.340,1055
6000011.341,1056
6000011.342,1058
6000011.343,1059
6000011.344,1060
6000011.345,1062
6000011.346,1067
6000011.347,1069
6000011.348,1070
6000011.349,1071
6000011.350,1072
6000011.351,1073
6000011.352,1074
6000011.353,1075
6000011.354,1076
6000011.355,1078
6000011.356,1079
6000011.357,1081
6000011.358,1082
6000011.359,1084
6000011.360,1085
6000011.361,1089
6000011.362,1090
6000011.363,1091
6000011.364,1092
6000011.365,1093
6000011.366,1095
6000011.367,1096
6000011.368,1099
6000011.369,1101
6000011.370,1102
6000011.371,1103
6000011.372,1104
6000011.373,1105
6000011.374,1109
6000011.375,1113
6000011.376,1114
6000011.377,1115
6000011.378,1116
6000011.379,1118
6000011.380,1119
6000011.381,1120
6000011.382,1121
6000011.383,1122
6000011.384,1123
6000011.385,1124
6000011.386,1125
6000011.387,1126
6000011.388,1127
6000011.389,1128
6000011.390,1129
6000011.391,1130
6000011.392,1131
6000011.393,1132
6000011.394,1133
6000011.395,1134
6000011.396,1135
6000011.397,1136
6000011.398,1137
6000011.399,1138
6000011.400,1140
6000011.401,1141
6000011.402,1142
6000011.403,1143
6000011.404,1144
6000011.405,1145
6000011.406,1146
6000011.407,1147
6000011.408,1149
6000011.409,1150
6000011.410,1154
6000011.411,1155
6000011.412,1156
6000011.413,1158
6000011.414,1159
6000011.415,1160
6000011.416,1161
6000011.417,1163
6000011.418,1164
6000011.419,1166
6000011.420,1168
6000011.421,1170
6000011.422,1171
6000011.423,1173
6000011.424,1175
6000011.425,1177
6000011.426,1178
6000011.427,1179
6000011.428,1180
6000011.429,1181
6000011.430,1183
6000011.431,1184
6000011.432,1185
6000011.433,1186
6000011.434,1189
6000011.435,1191
6000011.436,1193
6000011.437,1194
6000011.438,1195
6000011.439,1196
6000011.440,1197
6000011.441,1198
6000011.442,1199
6000011.443,1200
6000011.444,1202
6000011.445,1203
6000011.446,1205
6000011.447,1206
6000011.448,1207
6000011.449,1208
6000011.450,1775
6000011.451,1210
6000011.452,1211
6000011.453,1212
6000011.454,1216
6000011.455,1217
6000011.456,1218
6000011.457,1219
6000011.458,1220
6000011.459,1222
6000011.460,1223
6000011.461,1226
6000011.462,1228
6000011.463,1229
6000011.464,1231
6000011.465,1232
6000011.466,1236
6000011.467,1237
6000011.468,1238
6000011.469,1239
6000011.470,1241
6000011.471,1242
6000011.472,1246
6000011.473,1270
6000011.474,1271
6000011.475,1276
6000011.476,1277
6000011.477,1284
6000011.478,1289
6000011.479,1290
6000011.480,1295
6000011.481,1297
6000011.482,1300
6000011.483,1301
6000011.484,1302
6000011.485,1303
6000011.486,1306
6000011.487,1307
6000011.488,1308
6000011.489,1310
6000011.490,1311
6000011.491,1313
6000011.492,1314
6000011.493,1316
6000011.494,1317
6000011.495,1318
6000011.496,1319
6000011.497,1320
6000011.498,1321
6000011.499,1324
6000011.500,1325
6000011.501,1326
6000011.502,1327
6000011.503,1328
6000011.504,1329
6000011.505,1330
6000011.506,1331
6000011.507,1332
6000011.508,1333
6000011.509,1335
6000011.510,1337
6000011.511,1338
6000011.512,1339
6000011.513,1340
6000011.514,1341
6000011.515,1347
6000011.516,1349
6000011.517,1350
6000011.518,1354
6000011.519,1356
6000011.520,1358
6000011.521,1360
6000011.522,1365
6000011.523,1366
6000011.524,1367
6000011.525,1368
6000011.526,1369
6000011.527,1370
6000011.528,1371
6000011.529,1372
6000011.530,1373
6000011.531,1376
6000011.532,1377
6000011.533,1378
6000011.534,1381
6000011.535,1382
6000011.536,1383
6000011.537,1384
6000011.538,1385
6000011.539,1386
6000011.540,1387
6000011.541,1391
6000011.542,1392
6000011.543,1408
6000011.544,1410
6000011.545,1412
6000011.546,1415
6000011.547,1416
6000011.548,1417
6000011.549,1418
6000011.550,1420
6000011.551,1422
6000011.552,1423
6000011.553,1427
6000011.554,1435
6000011.555,1437
6000011.556,1439
6000011.557,1440
6000011.558,1441
6000011.559,1442
6000011.560,1443
6000011.561,1444
6000011.562,1446
6000011.563,1447
6000011.564,1448
6000011.565,1449
6000011.566,1450
6000011.567,1452
6000011.568,1454
6000011.569,1455
6000011.570,1456
6000011.571,1457
6000011.572,1458
6000011.573,1460
6000011.574,1462
6000011.575,1463
6000011.576,1464
6000011.577,1465
6000011.578,1468
6000011.579,1469
6000011.580,1471
6000011.581,1472
6000011.582,1474
6000011.583,1475
6000011.584,1478
6000011.585,1479
6000011.586,1480
6000011.587,1481
6000011.588,1482
6000011.589,1483
6000011.590,1484
6000011.591,1485
6000011.592,1489
6000011.593,1492
6000011.594,1495
6000011.595,1496
6000011.596,1504
6000011.597,1505
6000011.598,1510
6000011.599,1511
6000011.600,1513
6000011.601,1514
6000011.602,1522
6000011.603,1523
6000011.604,1524
6000011.605,1525
6000011.606,1526
6000011.607,1527
6000011.608,1528
6000011.609,1532
6000011.610,1533
6000011.611,1534
6000011.612,1540
6000011.613,1552
6000011.614,1557
6000011.615,1558
6000011.616,1559
6000011.617,1565
6000011.618,1569
6000011.619,1573
6000011.620,1577
6000011.621,1578
6000011.622,1590
6000011.623,1591
6000011.624,1592
6000011.625,1593
6000011.626,1600
6000011.627,1601
6000011.628,1603
6000011.629,1615
6000011.630,1616
6000011.631,1617
6000011.632,1618
6000011.633,1619
6000011.634,1620
6000011.635,1624
6000011.636,1626
6000011.637,1628
6000011.638,1630
6000011.639,23
6000011.640,1636
6000011.641,24
6000011.642,25
6000011.643,26
6000011.644,28
6000011.645,29
6000011.646,32
6000011.647,1638
6000011.648,34
6000011.649,1645
6000011.650,1648
6000011.651,1649
6000011.652,1651
6000011.653,1659
6000011.654,1660
6000011.655,1662
6000011.656,1669
6000011.657,1671
6000011.658,1672
6000011.659,1677
6000011.660,1679
6000011.661,1680
6000011.662,1708
6000011.663,1714
6000011.664,1717
6000011.665,1718
6000011.666,1719
6000011.667,1720
6000011.668,1722
6000011.669,1723
6000011.670,1724
6000011.671,1725
6000011.672,1726
6000011.673,1727
6000011.674,1728
6000011.675,1730
6000011.676,1734
6000011.677,1735
6000011.678,1737
6000011.679,1738
6000011.680,1739
6000011.681,1740
6000011.682,1741
6000011.683,1742
6000011.684,1744
6000011.685,1640
6000011.686,1576
6000011.687,1850
6000011.688,1627
6000011.689,1357
6000011.690,1861
6000012.0,20
6000012.1,19
6000012.2,653
6000012.3,89
6000012.4,86
6000012.5,84
6000012.6,681
6000012.7,107
6000012.8,104
6000012.9,118
6000012.10,123
6000012.11,122
6000012.12,138
6000012.13,136
6000012.14,133
6000012.15,165
6000012.16,162
6000012.17,183
6000012.18,187
6000012.19,200
6000012.20,203
6000012.21,204
6000012.22,237
6000012.23,238
6000012.24,234
6000012.25,231
6000012.26,244
6000012.27,266
6000012.28,265
6000012.29,658
6000012.30,661
6000012.31,420
6000012.32,664
6000012.33,677
6000012.34,666
6000012.35,667
6000012.36,573
6000012.37,576
6000012.38,692
6000012.39,694
6000012.40,713
6000012.41,714
6000012.42,800
6000012.43,837
6000012.44,850
6000012.45,862
6000012.46,882
6000012.47,883
6000012.48,976
6000012.49,989
6000012.50,1096
6000012.51,1127
6000012.52,1140
6000012.53,1185
6000012.54,1189
6000012.55,1192
6000012.56,1203
6000012.57,1210
6000012.58,1218
6000012.59,1219
6000012.60,1220
6000012.61,1295
6000012.62,1305
6000012.63,1318
6000012.64,1329
6000012.65,1340
6000012.66,1341
6000012.67,1358
6000012.68,1373
6000012.69,1410
6000012.70,1457
6000012.71,1478
6000012.72,1479
6000012.73,1488
6000012.74,1501
6000012.75,1504
6000012.76,1532
6000012.77,1533
6000012.78,1535
6000012.79,1540
6000012.80,1544
6000012.81,1545
6000012.82,1546
6000012.83,1562
6000012.84,1575
6000012.85,1583
6000012.86,1588
6000012.87,1590
6000012.88,1593
6000012.89,1596
6000012.90,1600
6000012.91,1607
6000012.92,1624
6000012.93,1625
6000012.94,1827
6000012.95,23
6000012.96,1638
6000012.97,1639
6000012.98,1645
6000012.99,1653
6000012.100,1667
6000012.101,1680
6000012.102,1683
6000012.103,1695
6000012.104,1698
6000012.105,1710
6000012.106,1712
6000012.107,1713
6000012.108,1719
6000012.109,1724
6000012.110,1726
6000012.111,1727
6000012.112,1728
6000012.113,1729
6000012.114,1730
6000012.115,1731
6000012.116,1732
6000012.117,1733
6000012.118,1737
6000012.119,1503
6000012.120,1640
6000012.121,1627
6000012.122,1357
6000012.123,1863
6000012.124,1627
6000012.125,1357
6000012.126,1863
6000013.0,92
6000013.1,90
6000013.2,114
6000013.3,109
6000013.4,124
6000013.5,126
6000013.6,188
6000013.7,197
6000013.8,224
6000013.9,227
6000013.10,228
6000013.11,202
6000013.12,223
6000013.13,1761
6000013.14,892
6000013.15,1500
6000013.16,1543
6000013.17,1550
6000013.18,1555
6000013.19,1564
6000013.20,1589
6000013.21,1595
6000013.22,1598
6000013.23,1604
6000013.24,1610
6000013.25,1631
6000013.26,1777
6000013.27,1778
6000013.28,1642
6000013.29,1665
6000013.30,1666
6000013.31,1668
6000013.32,1686
6000013.33,1697
6000013.34,1700
6000013.35,1704
6000013.36,1705
6000013.37,1709
6000013.38,1715
6000013.39,1862
6900000.0,0
6900010.0,38
6900010.1,40
6900010.2,42
6900010.3,66
6900010.4,47
6900010.5,1851
6900010.6,1852
6900010.7,1853
6900010.8,1786
6900010.9,48
6900010.10,1790
6900010.11,1854
6900010.12,1855
6900010.13,1856
6900010.14,61
6900010.15,1835
6900010.16,63
6900010.17,65
6900010.18,60
6900010.19,1857
6900010.20,1858
6900010.21,1782
6900010.22,1859
6900010.23,50
6900010.24,1860
7900000.0,0
7900010.0,38
7900010.1,1843
7900010.2,55
7900010.3,40
7900010.4,64
7900010.5,1844
7900010.6,1845
7900010.7,1846
7900010.8,61
7900010.9,63
7900010.10,1847
7900010.11,1848
7900010.12,1849
