#,Name,SilverStarRequirement,GoldStarRequirement,WKSMissionText,ClassJobCategory[0],ClassJobCategory[1],Unknown1,MissionTime,MissionReward,MissionToDo[0],MissionToDo[1],MissionToDo[2],LockedBehind,WKSMissionSupplyItem,WKSMissionRecipe,PlaceName,SortKey,WKSFunction,LevelGroup,MissionLotteryCond,WKSMissionLotterySpecialCond,IsSynced,IsSpecialQuest,Unknown2
0,,0,0,0,0,0,100,0,0,0,0,0,0,0,0,0,0,0,0,0,0,0,False,False
1, Planches en bois aggloméré multi-usage,1200,2400,17,9,0,100,0,1,143,0,0,0,50,2,0,0,0,1,0,0,1,False,False
2, Combustible pour l'exploration,1200,2400,20,9,0,100,0,2,144,0,0,0,51,3,0,0,0,1,0,0,1,False,False
3, Accessoires de récolte,1200,2400,22,9,0,100,0,3,145,0,0,0,52,4,0,0,0,1,0,0,1,False,False
4, Matériaux pour la recherche,1200,2400,29,9,0,100,0,4,146,0,0,0,53,5,0,0,0,1,0,0,1,False,False
5, Traitement longue durée pour charbon de bois,1200,2400,20,9,0,100,0,5,147,0,0,0,54,6,0,0,0,1,0,0,1,False,False
6, Literie classique,1200,2400,19,9,0,100,0,6,148,0,0,0,55,7,0,0,0,1,0,0,1,False,False
7, Fines planches en bois aggloméré,1200,2400,17,9,0,100,0,7,149,0,0,0,56,8,0,0,0,2,0,0,1,False,False
8, Matériel de menuiserie,1200,2400,20,9,0,100,0,8,150,0,0,0,57,9,0,0,0,2,0,0,1,False,False
9, Nécessaires de couture,1300,3000,26,9,0,100,0,9,151,0,0,0,58,10,0,0,3,2,0,0,1,False,False
10, Papier pour l'enregistrement de données,700,1500,18,9,0,100,0,10,152,0,0,0,59,11,0,0,3,2,0,0,1,False,False
11, Isolation thermique intérieure,1100,2500,19,9,0,100,0,11,153,0,0,0,60,12,0,0,3,2,0,0,1,False,False
12, Matériaux pour cosmo-navette,1200,2250,28,9,0,100,0,12,154,0,0,0,61,13,0,0,3,2,0,0,1,False,False
13, Boucles d'oreilles en matière nouvelle,700,1500,22,9,0,100,0,13,155,0,0,0,62,14,0,0,3,2,0,0,1,False,False
14, Conteneurs de transport,1600,2400,20,9,0,100,0,14,156,0,0,0,63,15,0,0,0,3,0,0,1,False,False
15, Épaisses planches en bois aggloméré,1600,2400,17,9,0,100,0,15,157,0,0,0,64,16,0,0,0,3,0,0,1,False,False
16, Isolation thermique d'excellente qualité,1700,2000,19,9,0,100,0,16,158,0,0,0,65,17,0,0,3,3,0,0,1,False,False
17, Résine thermorésistante,2700,3000,31,9,0,100,0,17,159,0,0,0,66,18,0,0,3,3,0,0,1,False,False
18, Papier longue conservation,1600,2400,18,9,0,100,0,18,160,0,0,0,67,19,0,0,0,3,0,0,1,False,False
19, Mobilier d'intérieur,2700,3000,30,9,0,100,0,19,161,0,0,0,68,20,0,0,3,3,0,0,1,False,False
20, Outils de récolte expérimentaux,1000,1300,22,9,0,100,0,20,162,0,0,0,69,21,0,0,0,3,0,0,1,False,False
21, Literie d'excellente qualité,1000,1300,24,9,0,100,0,21,163,0,0,0,70,22,0,0,0,3,0,0,1,False,False
22,Planches en bois aggloméré résistantes,1800,2400,17,9,0,100,1200,22,164,0,0,0,71,23,0,1200,0,4,0,0,0,False,False
23,Papier de qualité supérieure,2300,3000,18,9,0,100,1200,23,165,0,0,0,72,24,0,1200,3,4,0,0,0,False,False
24,Isolation thermique pour vaisseau spatial,700,1000,19,9,0,100,0,24,166,0,0,0,73,25,0,1200,3,4,0,0,0,False,False
25,Charbon pour haute température,700,1000,20,9,0,100,1200,25,167,0,0,0,74,26,0,1200,3,4,0,0,0,False,False
26,Traitement expérimental de végétaux lunaires,2600,3000,21,9,0,100,1200,26,168,0,0,0,75,27,0,1200,3,4,0,0,0,False,False
27,EX : Traitement final de matériaux d'essai,2500,3000,22,9,0,100,1200,27,169,0,0,0,76,28,0,1100,3,5,0,0,0,False,False
28,EX : Plateaux de service,840,1000,23,9,0,100,1200,28,170,0,0,0,77,29,0,1100,3,5,0,0,0,False,False
29,EX : Lits superposés,840,1000,24,9,0,100,1200,29,171,0,0,0,78,30,0,1100,3,5,2,0,0,False,False
30,EX : Infrastructures d'assistance,2800,3000,25,9,0,100,1200,30,172,0,0,0,79,31,0,1100,3,5,1,13,0,False,False
31,EX+ : Approvisionnement en outils d'artisanat,560,880,26,9,0,100,420,31,173,0,0,0,80,32,0,1000,0,6,0,14,0,False,False
32,EX+ : Structures de travail en hauteur,560,880,27,9,0,100,330,32,174,0,0,0,81,33,0,1000,0,6,0,13,0,False,False
33,Préparation de cardan de transmission,2300,3000,28,9,0,100,1200,33,175,0,0,0,82,34,0,1200,3,4,0,0,0,False,False
34,EX : Amélioration de cardan de transmission,2500,3000,28,9,0,100,1200,34,176,0,0,33,83,35,0,1100,3,5,0,0,0,False,False
35,Préparation de matériaux de perfectionnement,1000,1600,29,9,0,100,1200,35,177,0,0,0,84,36,0,1200,0,4,0,0,0,False,False
36,EX : Amélioration de matériaux de perfectionnement,1000,1600,29,9,0,100,1200,36,178,0,0,35,85,37,0,1100,0,5,0,0,0,False,False
37,EX+ : Grand bassin pour la recherche,1000,1600,29,9,0,100,300,37,179,0,0,36,86,38,0,1000,0,6,0,0,0,False,False
38,EX : Matériaux pour articles de relaxation,850,1000,30,9,0,100,1200,38,180,0,0,0,87,39,0,1100,3,5,0,0,0,False,False
39,EX+ : Mobilier de relaxation,900,1000,30,9,0,100,240,39,181,0,0,38,88,40,0,1000,3,6,2,0,0,False,False
40,Préparation de matériaux pour conteneurs,2300,3000,31,9,0,100,1200,40,182,0,0,0,89,41,0,1200,3,4,0,1,0,False,False
41,EX : Amélioration de matériaux pour conteneurs,2500,3000,31,9,0,100,1200,41,183,0,0,40,90,42,0,1100,3,5,1,0,0,False,False
42,EX+ : Conteneurs de fret pour rovers,2700,3000,31,9,0,100,270,42,184,0,0,41,91,43,0,1000,3,6,2,0,0,False,False
43,EX+ : Préparation de combustible biologique,980,1080,32,9,0,100,600,43,185,0,0,0,92,44,0,1000,3,6,1,7,0,False,False
44,EX+ : Amélioration de combustible biologique,980,1080,32,9,0,100,600,44,186,0,0,43,93,45,0,1000,3,6,1,0,0,False,False
45,EX+ : Perfectionnement de combustible biologique,1000,1080,32,9,0,100,420,45,187,0,0,44,94,46,0,1000,0,6,1,0,0,False,False
46, Plaques multi-usage,1200,2400,1,10,0,100,0,46,188,0,0,0,95,47,0,0,0,1,0,0,1,False,False
47, Pièces de rechange pour vaisseau,1200,2400,14,10,0,100,0,47,189,0,0,0,96,48,0,0,0,1,0,0,1,False,False
48, Étude de fabrication d'alliages,1200,2400,2,10,0,100,0,48,190,0,0,0,97,49,0,0,0,1,0,0,1,False,False
49, Pièces adaptables simples,1200,2400,15,10,0,100,0,49,191,0,0,0,98,50,0,0,0,1,0,0,1,False,False
50, Pièces métalliques multi-usage,1200,2400,3,10,0,100,0,50,192,0,0,0,99,51,0,0,0,1,0,0,1,False,False
51, Grosse production d'articles de première nécessité,1200,2400,3,10,0,100,0,51,193,0,0,0,100,52,0,0,0,1,0,0,1,False,False
52, Plaques épaisses standard,1200,2400,1,10,0,100,0,52,194,0,0,0,101,53,0,0,0,2,0,0,1,False,False
53, Axes de transmission pour vaisseau spatial,1200,2400,14,10,0,100,0,53,195,0,0,0,102,54,0,0,0,2,0,0,1,False,False
54, Outils d'excavation,1300,3000,4,10,0,100,0,54,196,0,0,0,103,55,0,0,3,2,0,0,1,False,False
55, Rivets en alliage standard,700,1500,3,10,0,100,0,55,197,0,0,0,104,56,0,0,3,2,0,0,1,False,False
56, Outils de menuiserie,1100,2500,4,10,0,100,0,56,198,0,0,0,105,57,0,0,3,2,0,0,1,False,False
57, Pièces adaptables intermédiaires,1200,2250,15,10,0,100,0,57,199,0,0,0,106,58,0,0,3,2,0,0,1,False,False
58, Équipements isolants,700,1500,9,10,0,100,0,58,200,0,0,0,107,59,0,0,3,2,0,0,1,False,False
59, Axes de transmission pour rover,1600,2400,3,10,0,100,0,59,201,0,0,0,108,60,0,0,0,3,0,0,1,False,False
60, Plaques fines standard,1600,2400,1,10,0,100,0,60,202,0,0,0,109,61,0,0,0,3,0,0,1,False,False
61, Outils de métallurgie,1700,2000,4,10,0,100,0,61,203,0,0,0,110,62,0,0,3,3,0,0,1,False,False
62, Mobilier de bain,2700,3000,6,10,0,100,0,62,204,0,0,0,111,63,0,0,3,3,0,0,1,False,False
63, Poêles alimentés par céruleum,1600,2400,9,10,0,100,0,63,205,0,0,0,112,64,0,0,0,3,0,0,1,False,False
64, Éclairages pour habitation,2700,3000,12,10,0,100,0,64,206,0,0,0,113,65,0,0,3,3,0,0,1,False,False
65, Élaboration d'outils en matériaux séléniens,1000,1300,4,10,0,100,0,65,207,0,0,0,114,66,0,0,0,3,0,0,1,False,False
66, Élaboration de pièces en matériaux séléniens,1000,1300,7,10,0,100,0,66,208,0,0,0,115,67,0,0,0,3,0,0,1,False,False
67,Plaques pour infrastructure cruciale,1800,2400,1,10,0,100,1200,67,209,0,0,0,116,68,0,2200,0,4,0,0,0,False,False
68,Traitement de ressources rares,2300,3000,2,10,0,100,1200,68,210,0,0,0,117,69,0,2200,3,4,0,0,0,False,False
69,Approvisionnement en pièces pour infrastructure,700,1000,3,10,0,100,0,69,211,0,0,0,118,70,0,2200,3,4,0,0,0,False,False
70,Outils en métal,700,1000,4,10,0,100,1200,70,212,0,0,0,119,71,0,2200,3,4,0,0,0,False,False
71,Traitement expérimental de fragments de météorites,2600,3000,5,10,0,100,1200,71,213,0,0,0,120,72,0,2200,3,4,0,0,0,False,False
72,EX : Reproduction de mobilier oriental,2500,3000,6,10,0,100,1200,72,214,0,0,0,121,73,0,2100,3,5,0,0,0,False,False
73,EX : Ouvrage minutieux de matériaux,840,1000,7,10,0,100,1200,73,215,0,0,0,122,74,0,2100,3,5,0,0,0,False,False
74,EX : Approvisionnement en matériel pour la station,840,1000,8,10,0,100,1200,74,216,0,0,0,123,75,0,2100,3,5,2,0,0,False,False
75,EX : Équipement d'aide à l'artisanat,2800,3000,9,10,0,100,1200,75,217,0,0,0,124,76,0,2100,3,5,1,14,0,False,False
76,EX+ : Traitement d'amélioration de la durabilité,560,880,10,10,0,100,420,76,218,0,0,0,125,77,0,2000,0,6,0,13,0,False,False
77,EX+ : Traitement anti-chocs,560,880,11,10,0,100,330,77,219,0,0,0,126,78,0,2000,0,6,0,14,0,False,False
78,Préparation de mobilier pour infrastructure,2300,3000,12,10,0,100,1200,78,220,0,0,0,127,79,0,2200,3,4,0,0,0,False,False
79,EX : Amélioration de mobilier pour infrastructure,2500,3000,12,10,0,100,1200,79,221,0,0,78,128,80,0,2100,3,5,0,0,0,False,False
80,Préparation de matériaux de perfectionnement,1000,1600,13,10,0,100,1200,80,222,0,0,0,129,81,0,2200,0,4,0,0,0,False,False
81,EX : Amélioration de matériaux de perfectionnement,1000,1600,13,10,0,100,1200,81,223,0,0,80,130,82,0,2100,0,5,0,0,0,False,False
82,EX+ : Grand bassin pour la recherche,1000,1600,13,10,0,100,300,82,224,0,0,81,131,83,0,2000,0,6,0,0,0,False,False
83,EX : Matériaux pour vaisseau spatial,850,1000,14,10,0,100,1200,83,225,0,0,0,132,84,0,2100,3,5,0,0,0,False,False
84,EX+ : Traitement de matériaux pour vaisseau spatial,900,1000,14,10,0,100,240,84,226,0,0,83,133,85,0,2000,3,6,2,0,0,False,False
85,Préparation de matériaux pour drones ultraperformants,2300,3000,15,10,0,100,1200,85,227,0,0,0,134,86,0,2200,3,4,0,3,0,False,False
86,EX : Amélioration de matériaux pour drones ultraperformants,2500,3000,15,10,0,100,1200,86,228,0,0,85,135,87,0,2100,3,5,1,0,0,False,False
87,EX+ : Conception de drones ultraperformants,2700,3000,15,10,0,100,270,87,229,0,0,86,136,88,0,2000,3,6,2,0,0,False,False
88,EX+ : Préparation de matériaux pour machine d'un nouveau genre,980,1080,16,10,0,100,600,88,230,0,0,0,137,89,0,2000,3,6,1,9,0,False,False
89,EX+ : Amélioration de matériaux pour machine d'un nouveau genre,980,1080,16,10,0,100,600,89,231,0,0,88,138,90,0,2000,3,6,1,0,0,False,False
90,EX+ : Perfectionnement de la machine d'un nouveau genre,1000,1080,16,10,0,100,420,90,232,0,0,89,139,91,0,2000,0,6,1,0,0,False,False
91, Plaques multi-usage,1200,2400,1,11,0,100,0,91,233,0,0,0,140,92,0,0,0,1,0,0,1,False,False
92, Pièces de rechange pour vaisseau,1200,2400,14,11,0,100,0,92,234,0,0,0,141,93,0,0,0,1,0,0,1,False,False
93, Étude de fabrication d'alliages,1200,2400,2,11,0,100,0,93,235,0,0,0,142,94,0,0,0,1,0,0,1,False,False
94, Pièces adaptables simples,1200,2400,15,11,0,100,0,94,236,0,0,0,143,95,0,0,0,1,0,0,1,False,False
95, Pièces métalliques multi-usage,1200,2400,3,11,0,100,0,95,237,0,0,0,144,96,0,0,0,1,0,0,1,False,False
96, Grosse production d'articles de première nécessité,1200,2400,3,11,0,100,0,96,238,0,0,0,145,97,0,0,0,1,0,0,1,False,False
97, Plaques épaisses standard,1200,2400,1,11,0,100,0,97,239,0,0,0,146,98,0,0,0,2,0,0,1,False,False
98, Axes de transmission pour vaisseau spatial,1200,2400,14,11,0,100,0,98,240,0,0,0,147,99,0,0,0,2,0,0,1,False,False
99, Préparation d'outils de cuisine,1300,3000,4,11,0,100,0,99,241,0,0,0,148,100,0,0,3,2,0,0,1,False,False
100, Cadènes standard,700,1500,3,11,0,100,0,100,242,0,0,0,149,101,0,0,3,2,0,0,1,False,False
101, Équipements anti-poussière,1100,2500,4,11,0,100,0,101,243,0,0,0,150,102,0,0,3,2,0,0,1,False,False
102, Pièces adaptables intermédiaires,1200,2250,15,11,0,100,0,102,244,0,0,0,151,103,0,0,3,2,0,0,1,False,False
103, Équipements isolants,700,1500,9,11,0,100,0,103,245,0,0,0,152,104,0,0,3,2,0,0,1,False,False
104, Pièces pour rover,1600,2400,3,11,0,100,0,104,246,0,0,0,153,105,0,0,0,3,0,0,1,False,False
105, Plaques fines standard,1600,2400,1,11,0,100,0,105,247,0,0,0,154,106,0,0,0,3,0,0,1,False,False
106, Amélioration d'outils de cuisine,1700,2000,4,11,0,100,0,106,248,0,0,0,155,107,0,0,3,3,0,0,1,False,False
107, Mobilier pour salon de thé,2700,3000,6,11,0,100,0,107,249,0,0,0,156,108,0,0,3,3,0,0,1,False,False
108, Feux de camp pour activités en extérieur,1600,2400,9,11,0,100,0,108,250,0,0,0,157,109,0,0,0,3,0,0,1,False,False
109, Équipements de rangement pour habitation,2700,3000,12,11,0,100,0,109,251,0,0,0,158,110,0,0,3,3,0,0,1,False,False
110, Élaboration d'outils en matériaux séléniens,1000,1300,4,11,0,100,0,110,252,0,0,0,159,111,0,0,0,3,0,0,1,False,False
111, Élaboration de pièces en matériaux séléniens,1000,1300,7,11,0,100,0,111,253,0,0,0,160,112,0,0,0,3,0,0,1,False,False
112,Plaques pour infrastructure cruciale,1800,2400,1,11,0,100,1200,112,254,0,0,0,161,113,0,3200,0,4,0,0,0,False,False
113,Traitement de ressources rares,2300,3000,2,11,0,100,1200,113,255,0,0,0,162,114,0,3200,3,4,0,0,0,False,False
114,Approvisionnement en pièces pour infrastructure,700,1000,3,11,0,100,0,114,256,0,0,0,163,115,0,3200,3,4,0,0,0,False,False
115,Outils de cuisine à haute conductivité,700,1000,4,11,0,100,1200,115,257,0,0,0,164,116,0,3200,3,4,0,0,0,False,False
116,Traitement expérimental de fragments de météorites,2600,3000,5,11,0,100,1200,116,258,0,0,0,165,117,0,3200,3,4,0,0,0,False,False
117,EX : Reproduction d'encensoir,2500,3000,6,11,0,100,1200,117,259,0,0,0,166,118,0,3100,3,5,0,0,0,False,False
118,EX : Ouvrage minutieux de matériaux,840,1000,7,11,0,100,1200,118,260,0,0,0,167,119,0,3100,3,5,0,0,0,False,False
119,EX : Approvisionnement en matériel pour la station,840,1000,8,11,0,100,1200,119,261,0,0,0,168,120,0,3100,3,5,2,0,0,False,False
120,EX : Éclairages pour lieu de travail,2800,3000,9,11,0,100,1200,120,262,0,0,0,169,121,0,3100,3,5,1,13,0,False,False
121,EX+ : Traitement d'amélioration de la durabilité,560,880,10,11,0,100,420,121,263,0,0,0,170,122,0,3000,0,6,0,13,0,False,False
122,EX+ : Traitement anti-chocs,560,880,11,11,0,100,330,122,264,0,0,0,171,123,0,3000,0,6,0,14,0,False,False
123,Préparation de mobilier pour infrastructure,2300,3000,12,11,0,100,1200,123,265,0,0,0,172,124,0,3200,3,4,0,0,0,False,False
124,EX : Amélioration de mobilier pour infrastructure,2500,3000,12,11,0,100,1200,124,266,0,0,123,173,125,0,3100,3,5,0,0,0,False,False
125,Préparation de matériaux de perfectionnement,1000,1600,13,11,0,100,1200,125,267,0,0,0,174,126,0,3200,0,4,0,0,0,False,False
126,EX : Amélioration de matériaux de perfectionnement,1000,1600,13,11,0,100,1200,126,268,0,0,125,175,127,0,3100,0,5,0,0,0,False,False
127,EX+ : Coffres-forts pour pré­ser­va­tion d'échan­til­lons cruciaux,1000,1600,13,11,0,100,300,127,269,0,0,126,176,128,0,3000,0,6,0,0,0,False,False
128,EX : Matériaux pour vaisseau spatial,850,1000,14,11,0,100,1200,128,270,0,0,0,177,129,0,3100,3,5,0,0,0,False,False
129,EX+ : Traitement de matériaux pour vaisseau spatial,900,1000,14,11,0,100,240,129,271,0,0,128,178,130,0,3000,3,6,2,0,0,False,False
130,Préparation de matériaux pour drones ultraperformants,2300,3000,15,11,0,100,1200,130,272,0,0,0,179,131,0,3200,3,4,0,5,0,False,False
131,EX : Amélioration de matériaux pour drones ultraperformants,2500,3000,15,11,0,100,1200,131,273,0,0,130,180,132,0,3100,3,5,1,0,0,False,False
132,EX+ : Conception de drones ultraperformants,2700,3000,15,11,0,100,270,132,274,0,0,131,181,133,0,3000,3,6,2,0,0,False,False
133,EX+ : Préparation de matériaux pour machine d'un nouveau genre,980,1080,16,11,0,100,600,133,275,0,0,0,182,134,0,3000,3,6,1,11,0,False,False
134,EX+ : Amélioration de matériaux pour machine d'un nouveau genre,980,1080,16,11,0,100,600,134,276,0,0,133,183,135,0,3000,3,6,1,0,0,False,False
135,EX+ : Perfectionnement de la machine d'un nouveau genre,1000,1080,16,11,0,100,420,135,277,0,0,134,184,136,0,3000,0,6,1,0,0,False,False
136, Plaques multi-usage,1200,2400,1,12,0,100,0,136,278,0,0,0,185,137,0,0,0,1,0,0,1,False,False
137, Pièces de rechange pour vaisseau,1200,2400,14,12,0,100,0,137,279,0,0,0,186,138,0,0,0,1,0,0,1,False,False
138, Étude de fabrication d'alliages,1200,2400,2,12,0,100,0,138,280,0,0,0,187,139,0,0,0,1,0,0,1,False,False
139, Pièces adaptables simples,1200,2400,15,12,0,100,0,139,281,0,0,0,188,140,0,0,0,1,0,0,1,False,False
140, Pièces métalliques multi-usage,1200,2400,3,12,0,100,0,140,282,0,0,0,189,141,0,0,0,1,0,0,1,False,False
141, Grosse production d'articles de première nécessité,1200,2400,3,12,0,100,0,141,283,0,0,0,190,142,0,0,0,1,0,0,1,False,False
142, Plaques épaisses standard,1200,2400,1,12,0,100,0,142,284,0,0,0,191,143,0,0,0,2,0,0,1,False,False
143, Axes de transmission pour vaisseau spatial,1200,2400,14,12,0,100,0,143,285,0,0,0,192,144,0,0,0,2,0,0,1,False,False
144, Outils de polissage,1300,3000,4,12,0,100,0,144,286,0,0,0,193,145,0,0,3,2,0,0,1,False,False
145, Chaînes standard,700,1500,3,12,0,100,0,145,287,0,0,0,194,146,0,0,3,2,0,0,1,False,False
146, Protections pour les yeux,1100,2500,4,12,0,100,0,146,288,0,0,0,195,147,0,0,3,2,0,0,1,False,False
147, Pièces adaptables intermédiaires,1200,2250,15,12,0,100,0,147,289,0,0,0,196,148,0,0,3,2,0,0,1,False,False
148, Équipements thermorésistants,700,1500,9,12,0,100,0,148,290,0,0,0,197,149,0,0,3,2,0,0,1,False,False
149, Pièces pour rover,1600,2400,3,12,0,100,0,149,291,0,0,0,198,150,0,0,0,3,0,0,1,False,False
150, Plaques fines standard,1600,2400,1,12,0,100,0,150,292,0,0,0,199,151,0,0,0,3,0,0,1,False,False
151, Nécessaire de couture,1700,2000,4,12,0,100,0,151,293,0,0,0,200,152,0,0,3,3,0,0,1,False,False
152, Mobilier d'observation,2700,3000,6,12,0,100,0,152,294,0,0,0,201,153,0,0,3,3,0,0,1,False,False
153, Cheminées pour intérieur,1600,2400,9,12,0,100,0,153,295,0,0,0,202,154,0,0,0,3,0,0,1,False,False
154, Miroirs de maquillage pour habitation,2700,3000,12,12,0,100,0,154,296,0,0,0,203,155,0,0,3,3,0,0,1,False,False
155, Élaboration d'outils en matériaux séléniens,1000,1300,4,12,0,100,0,155,297,0,0,0,204,156,0,0,0,3,0,0,1,False,False
156, Élaboration de pièces en matériaux séléniens,1000,1300,7,12,0,100,0,156,298,0,0,0,205,157,0,0,0,3,0,0,1,False,False
157,Plaques pour infrastructure cruciale,1800,2400,1,12,0,100,1200,157,299,0,0,0,206,158,0,4200,0,4,0,0,0,False,False
158,Traitement de ressources rares,2300,3000,2,12,0,100,1200,158,300,0,0,0,207,159,0,4200,3,4,0,0,0,False,False
159,Approvisionnement en pièces pour infrastructure,700,1000,3,12,0,100,0,159,301,0,0,0,208,160,0,4200,3,4,0,0,0,False,False
160,Couteaux de précision,700,1000,4,12,0,100,1200,160,302,0,0,0,209,161,0,4200,3,4,0,0,0,False,False
161,Traitement expérimental de fragments de météorites,2600,3000,5,12,0,100,1200,161,303,0,0,0,210,162,0,4200,3,4,0,0,0,False,False
162,EX : Reproduction de mobilier de bain,2500,3000,6,12,0,100,1200,162,304,0,0,0,211,163,0,4100,3,5,0,0,0,False,False
163,EX : Ouvrage minutieux de matériaux,840,1000,7,12,0,100,1200,163,305,0,0,0,212,164,0,4100,3,5,0,0,0,False,False
164,EX : Approvisionnement en matériel pour la station,840,1000,8,12,0,100,1200,164,306,0,0,0,213,165,0,4100,3,5,2,0,0,False,False
165,EX : Bras mécaniques pour aide au labeur,2800,3000,9,12,0,100,1200,165,307,0,0,0,214,166,0,4100,3,5,1,14,0,False,False
166,EX+ : Traitement d'amélioration de la durabilité,560,880,10,12,0,100,420,166,308,0,0,0,215,167,0,4000,0,6,0,13,0,False,False
167,EX+ : Traitement anti-chocs,560,880,11,12,0,100,330,167,309,0,0,0,216,168,0,4000,0,6,0,14,0,False,False
168,Préparation de mobilier pour infrastructure,2300,3000,12,12,0,100,1200,168,310,0,0,0,217,169,0,4200,3,4,0,0,0,False,False
169,EX : Amélioration de mobilier pour infrastructure,2500,3000,12,12,0,100,1200,169,311,0,0,168,218,170,0,4100,3,5,0,0,0,False,False
170,Préparation de matériaux de perfectionnement,1000,1600,13,12,0,100,1200,170,312,0,0,0,219,171,0,4200,0,4,0,0,0,False,False
171,EX : Amélioration de matériaux de perfectionnement,1000,1600,13,12,0,100,1200,171,313,0,0,170,220,172,0,4100,0,5,0,0,0,False,False
172,EX+ : Distributeurs automatiques,1000,1600,13,12,0,100,300,172,314,0,0,171,221,173,0,4000,0,6,0,0,0,False,False
173,EX : Matériaux pour vaisseau spatial,850,1000,14,12,0,100,1200,173,315,0,0,0,222,174,0,4100,3,5,0,0,0,False,False
174,EX+ : Traitement de matériaux pour vaisseau spatial,900,1000,14,12,0,100,240,174,316,0,0,173,223,175,0,4000,3,6,2,0,0,False,False
175,Préparation de matériaux pour drones ultraperformants,2300,3000,15,12,0,100,1200,175,317,0,0,0,224,176,0,4200,3,4,0,7,0,False,False
176,EX : Amélioration de matériaux pour drones ultraperformants,2500,3000,15,12,0,100,1200,176,318,0,0,175,225,177,0,4100,3,5,1,0,0,False,False
177,EX+ : Conception de drones ultraperformants,2700,3000,15,12,0,100,270,177,319,0,0,176,226,178,0,4000,3,6,2,0,0,False,False
178,EX+ : Préparation de matériaux pour machine d'un nouveau genre,980,1080,16,12,0,100,600,178,320,0,0,0,227,179,0,4000,3,6,1,1,0,False,False
179,EX+ : Amélioration de matériaux pour machine d'un nouveau genre,980,1080,16,12,0,100,600,179,321,0,0,178,228,180,0,4000,3,6,1,0,0,False,False
180,EX+ : Perfectionnement de la machine d'un nouveau genre,1000,1080,16,12,0,100,420,180,322,0,0,179,229,181,0,4000,0,6,1,0,0,False,False
181, Lanières de cuir multi-usage,1200,2400,17,13,0,100,0,181,323,0,0,0,230,182,0,0,0,1,0,0,1,False,False
182, Cuir de première nécessité,1200,2400,20,13,0,100,0,182,324,0,0,0,231,183,0,0,0,1,0,0,1,False,False
183, Protège-mains pour la récolte,1200,2400,22,13,0,100,0,183,325,0,0,0,232,184,0,0,0,1,0,0,1,False,False
184, Matériaux pour la recherche,1200,2400,29,13,0,100,0,184,326,0,0,0,233,185,0,0,0,1,0,0,1,False,False
185, Sacoches de travail,1200,2400,20,13,0,100,0,185,327,0,0,0,234,186,0,0,0,1,0,0,1,False,False
186, Chaussures en cuir d'intérieur,1200,2400,19,13,0,100,0,186,328,0,0,0,235,187,0,0,0,1,0,0,1,False,False
187, Lanières de cuir thermorésistantes,1200,2400,17,13,0,100,0,187,329,0,0,0,236,188,0,0,0,2,0,0,1,False,False
188, Bagages grande capacité,1200,2400,20,13,0,100,0,188,330,0,0,0,237,189,0,0,0,2,0,0,1,False,False
189, Ceintures de travail,1300,3000,26,13,0,100,0,189,331,0,0,0,238,190,0,0,3,2,0,0,1,False,False
190, Papier d'excellente qualité,700,1500,18,13,0,100,0,190,332,0,0,0,239,191,0,0,3,2,0,0,1,False,False
191, Tapis moutonneux,1100,2500,19,13,0,100,0,191,333,0,0,0,240,192,0,0,3,2,0,0,1,False,False
192, Matériaux pour cosmo-navette,1200,2250,28,13,0,100,0,192,334,0,0,0,241,193,0,0,3,2,0,0,1,False,False
193, Jaques en matière nouvelle,700,1500,22,13,0,100,0,193,335,0,0,0,242,194,0,0,3,2,0,0,1,False,False
194, Sacs en cuir de première nécessité,1600,2400,20,13,0,100,0,194,336,0,0,0,243,195,0,0,0,3,0,0,1,False,False
195, Lanières de cuir bactéricides,1600,2400,17,13,0,100,0,195,337,0,0,0,244,196,0,0,0,3,0,0,1,False,False
196, Décorations de sol d'excellente qualité,1700,2000,19,13,0,100,0,196,338,0,0,0,245,197,0,0,3,3,0,0,1,False,False
197, Cuir pour le transport de ressources,2700,3000,31,13,0,100,0,197,339,0,0,0,246,198,0,0,3,3,0,0,1,False,False
198, Papier pour conservation longue durée,1600,2400,18,13,0,100,0,198,340,0,0,0,247,199,0,0,0,3,0,0,1,False,False
199, Mobilier de relaxation d'excellente qualité,2700,3000,30,13,0,100,0,199,341,0,0,0,248,200,0,0,3,3,0,0,1,False,False
200, Gants en matériaux expérimentaux,1000,1300,22,13,0,100,0,200,342,0,0,0,249,201,0,0,0,3,0,0,1,False,False
201, Mobilier de relaxation d'excellente qualité,1000,1300,24,13,0,100,0,201,343,0,0,0,250,202,0,0,0,3,0,0,1,False,False
202,Lanières de cuir résistantes,1800,2400,17,13,0,100,1200,202,344,0,0,0,251,203,0,5200,0,4,0,0,0,False,False
203,Papier de qualité supérieure,2300,3000,18,13,0,100,1200,203,345,0,0,0,252,204,0,5200,3,4,0,0,0,False,False
204,Parquet en fibres végétales pour la recherche,700,1000,19,13,0,100,0,204,346,0,0,0,253,205,0,5200,3,4,0,0,0,False,False
205,Cuir isotherme,700,1000,20,13,0,100,1200,205,347,0,0,0,254,206,0,5200,3,4,0,0,0,False,False
206,Traitement expérimental de végétaux lunaires,2600,3000,21,13,0,100,1200,206,348,0,0,0,255,207,0,5200,3,4,0,0,0,False,False
207,EX : Traitement final de matériaux d'essai,2500,3000,22,13,0,100,1200,207,349,0,0,0,256,208,0,5100,3,5,0,0,0,False,False
208,EX : Petites sacoches de travail,840,1000,23,13,0,100,1200,208,350,0,0,0,257,209,0,5100,3,5,0,0,0,False,False
209,EX : Sofas d'excellente qualité,840,1000,24,13,0,100,1200,209,351,0,0,0,258,210,0,5100,3,5,2,0,0,False,False
210,EX : Mobilier typique,2800,3000,25,13,0,100,1200,210,352,0,0,0,259,211,0,5100,3,5,1,13,0,False,False
211,EX+ : Chaussures de sécurité,560,880,26,13,0,100,420,211,353,0,0,0,260,212,0,5000,0,6,0,14,0,False,False
212,EX+ : Habits de récolte,560,880,27,13,0,100,330,212,354,0,0,0,261,213,0,5000,0,6,0,13,0,False,False
213,Préparation de matériel pour poste avancé,2300,3000,28,13,0,100,1200,213,355,0,0,0,262,214,0,5200,3,4,0,0,0,False,False
214,EX : Amélioration de matériel pour poste avancé,2500,3000,28,13,0,100,1200,214,356,0,0,213,263,215,0,5100,3,5,0,0,0,False,False
215,Préparation de matériaux de raffinement,1000,1600,29,13,0,100,1200,215,357,0,0,0,264,216,0,5200,0,4,0,0,0,False,False
216,EX : Amélioration de matériaux de raffinement,1000,1600,29,13,0,100,1200,216,358,0,0,215,265,217,0,5100,0,5,0,0,0,False,False
217,EX+ : Matériaux de grande taille pour la recherche,1000,1600,29,13,0,100,300,217,359,0,0,216,266,218,0,5000,0,6,0,0,0,False,False
218,EX : Matériaux pour articles de relaxation,850,1000,30,13,0,100,1200,218,360,0,0,0,267,219,0,5100,3,5,0,0,0,False,False
219,EX+ : Mobilier de relaxation,900,1000,30,13,0,100,240,219,361,0,0,218,268,220,0,5000,3,6,2,0,0,False,False
220,Préparation de matériaux pour conteneurs,2300,3000,31,13,0,100,1200,220,362,0,0,0,269,221,0,5200,3,4,0,9,0,False,False
221,EX : Amélioration de matériaux pour conteneurs,2500,3000,31,13,0,100,1200,221,363,0,0,220,270,222,0,5100,3,5,1,0,0,False,False
222,EX+ : Conteneurs de fret pour rovers,2700,3000,31,13,0,100,270,222,364,0,0,221,271,223,0,5000,3,6,2,0,0,False,False
223,EX+ : Préparation de com­bi­nai­sons cosmiques,980,1080,32,13,0,100,600,223,365,0,0,0,272,224,0,5000,3,6,1,3,0,False,False
224,EX+ : Amélioration de com­bi­nai­sons cosmiques,980,1080,32,13,0,100,600,224,366,0,0,223,273,225,0,5000,3,6,1,0,0,False,False
225,EX+ : Perfectionnement de com­bi­nai­sons cosmiques,1000,1080,32,13,0,100,420,225,367,0,0,224,274,226,0,5000,0,6,1,0,0,False,False
226, Pelotes de fil multi-usage,1200,2400,17,14,0,100,0,226,368,0,0,0,275,227,0,0,0,1,0,0,1,False,False
227, Étoffes de première nécessité,1200,2400,20,14,0,100,0,227,369,0,0,0,276,228,0,0,0,1,0,0,1,False,False
228, Protège-têtes pour la récolte,1200,2400,22,14,0,100,0,228,370,0,0,0,277,229,0,0,0,1,0,0,1,False,False
229, Matériaux pour la recherche,1200,2400,29,14,0,100,0,229,371,0,0,0,278,230,0,0,0,1,0,0,1,False,False
230, Filins pro­fes­sion­nels multi-usage,1200,2400,20,14,0,100,0,230,372,0,0,0,279,231,0,0,0,1,0,0,1,False,False
231, Rideaux de partition,1200,2400,19,14,0,100,0,231,373,0,0,0,280,232,0,0,0,1,0,0,1,False,False
232, Pelotes de fil thermorésistant,1200,2400,17,14,0,100,0,232,374,0,0,0,281,233,0,0,0,2,0,0,1,False,False
233, Vêtements d'intérieur,1200,2400,20,14,0,100,0,233,375,0,0,0,282,234,0,0,0,2,0,0,1,False,False
234, Serviettes multi-usage,1300,3000,26,14,0,100,0,234,376,0,0,0,283,235,0,0,3,2,0,0,1,False,False
235, Fibres composites,700,1500,18,14,0,100,0,235,377,0,0,0,284,236,0,0,3,2,0,0,1,False,False
236, Rideaux médicaux,1100,2500,19,14,0,100,0,236,378,0,0,0,285,237,0,0,3,2,0,0,1,False,False
237, Matériaux pour cosmo-navette,1200,2250,28,14,0,100,0,237,379,0,0,0,286,238,0,0,3,2,0,0,1,False,False
238, Pantalons en matière nouvelle,700,1500,22,14,0,100,0,238,380,0,0,0,287,239,0,0,3,2,0,0,1,False,False
239, Corde de travail,1600,2400,20,14,0,100,0,239,381,0,0,0,288,240,0,0,0,3,0,0,1,False,False
240, Pelotes de fil bactéricides,1600,2400,17,14,0,100,0,240,382,0,0,0,289,241,0,0,0,3,0,0,1,False,False
241, Rideaux d'excellente qualité,1700,2000,19,14,0,100,0,241,383,0,0,0,290,242,0,0,3,3,0,0,1,False,False
242, Étoffes pour le transport de ressources,2700,3000,31,14,0,100,0,242,384,0,0,0,291,243,0,0,3,3,0,0,1,False,False
243, Fibres composites résistantes,1600,2400,18,14,0,100,0,243,385,0,0,0,292,244,0,0,0,3,0,0,1,False,False
244, Accessoires de relaxation,2700,3000,30,14,0,100,0,244,386,0,0,0,293,245,0,0,3,3,0,0,1,False,False
245, Chapeaux en matériaux expérimentaux,1000,1300,22,14,0,100,0,245,387,0,0,0,294,246,0,0,0,3,0,0,1,False,False
246, Coussins de relaxation,1000,1300,24,14,0,100,0,246,388,0,0,0,295,247,0,0,0,3,0,0,1,False,False
247,Pelotes de fil résistant,1800,2400,17,14,0,100,1200,247,389,0,0,0,296,248,0,6200,0,4,0,0,0,False,False
248,Fibres composites d'excellente qualité,2300,3000,18,14,0,100,1200,248,390,0,0,0,297,249,0,6200,3,4,0,0,0,False,False
249,Rideaux pour salle de repos d'excellente qualité,700,1000,19,14,0,100,0,249,391,0,0,0,298,250,0,6200,3,4,0,0,0,False,False
250,Bandages de premiers secours,700,1000,20,14,0,100,1200,250,392,0,0,0,299,251,0,6200,3,4,0,0,0,False,False
251,Traitement expérimental de végétaux lunaires,2600,3000,21,14,0,100,1200,251,393,0,0,0,300,252,0,6200,3,4,0,0,0,False,False
252,EX : Traitement final de matériaux d'essai,2500,3000,22,14,0,100,1200,252,394,0,0,0,301,253,0,6100,3,5,0,0,0,False,False
253,EX : Matériaux pour synthèse de fibres,840,1000,23,14,0,100,1200,253,395,0,0,0,302,254,0,6100,3,5,0,0,0,False,False
254,EX : Ensemble de coussins de relaxation,840,1000,24,14,0,100,1200,254,396,0,0,0,303,255,0,6100,3,5,2,0,0,False,False
255,EX : Décorations de sol typiques,2800,3000,25,14,0,100,1200,255,397,0,0,0,304,256,0,6100,3,5,1,14,0,False,False
256,EX+ : Chapeaux thermiques,560,880,26,14,0,100,420,256,398,0,0,0,305,257,0,6000,0,6,0,14,0,False,False
257,EX+ : Habits d'artisanat,560,880,27,14,0,100,330,257,399,0,0,0,306,258,0,6000,0,6,0,13,0,False,False
258,Préparation de matériaux pour cosmo-navette,2300,3000,28,14,0,100,1200,258,400,0,0,0,307,259,0,6200,3,4,0,0,0,False,False
259,EX : Amélioration de matériaux pour cosmo-navette,2500,3000,28,14,0,100,1200,259,401,0,0,258,308,260,0,6100,3,5,0,0,0,False,False
260,Préparation de matériaux de raffinement,1000,1600,29,14,0,100,1200,260,402,0,0,0,309,261,0,6200,0,4,0,0,0,False,False
261,EX : Amélioration de matériaux de raffinement,1000,1600,29,14,0,100,1200,261,403,0,0,260,310,262,0,6100,0,5,0,0,0,False,False
262,EX+ : Matériaux de grande taille pour la recherche,1000,1600,29,14,0,100,300,262,404,0,0,261,311,263,0,6000,0,6,0,0,0,False,False
263,EX : Matériaux pour articles de relaxation,850,1000,30,14,0,100,1200,263,405,0,0,0,312,264,0,6100,3,5,0,0,0,False,False
264,EX+ : Articles de relaxation,900,1000,30,14,0,100,240,264,406,0,0,263,313,265,0,6000,3,6,2,0,0,False,False
265,Préparation de matériaux pour conteneurs,2300,3000,31,14,0,100,1200,265,407,0,0,0,314,266,0,6200,3,4,0,11,0,False,False
266,EX : Amélioration de matériaux pour conteneurs,2500,3000,31,14,0,100,1200,266,408,0,0,265,315,267,0,6100,3,5,1,0,0,False,False
267,EX+ : Conteneurs de fret pour rovers,2700,3000,31,14,0,100,270,267,409,0,0,266,316,268,0,6000,3,6,2,0,0,False,False
268,EX+ : Préparation d'uniformes cosmiques,980,1080,32,14,0,100,600,268,410,0,0,0,317,269,0,6000,3,6,1,5,0,False,False
269,EX+ : Amélioration d'uniformes cosmiques,980,1080,32,14,0,100,600,269,411,0,0,268,318,270,0,6000,3,6,1,0,0,False,False
270,EX+ : Perfectionnement d'uniformes cosmiques,1000,1080,32,14,0,100,420,270,412,0,0,269,319,271,0,6000,0,6,1,0,0,False,False
271, Briques multi-usage,1200,2400,33,15,0,100,0,271,413,0,0,0,320,272,0,0,0,1,0,0,1,False,False
272, Traitement de condiments de produits récoltés,1200,2400,40,15,0,100,0,272,414,0,0,0,321,273,0,0,0,1,0,0,1,False,False
273, Mortier de con­struc­tion,1200,2400,34,15,0,100,0,273,415,0,0,0,322,274,0,0,0,1,0,0,1,False,False
274, Ravitaillement en nourriture pour ouvriers,1200,2400,35,15,0,100,0,274,416,0,0,0,323,275,0,0,0,1,0,0,1,False,False
275, Colle aqueuse,1200,2400,36,15,0,100,0,275,417,0,0,0,324,276,0,0,0,1,0,0,1,False,False
276, Recherche sur la médecine nutritive,1200,2400,46,15,0,100,0,276,418,0,0,0,325,277,0,0,0,1,0,0,1,False,False
277, Briques thermorésistantes,1200,2400,33,15,0,100,0,277,419,0,0,0,326,278,0,0,0,2,0,0,1,False,False
278, Boissons toniques,1200,2400,35,15,0,100,0,278,420,0,0,0,327,279,0,0,0,2,0,0,1,False,False
279, Peinture de con­struc­tion,1300,3000,33,15,0,100,0,279,421,0,0,0,328,280,0,0,3,2,0,0,1,False,False
280, Dallages traditionnels,700,1500,41,15,0,100,0,280,422,0,0,0,329,281,0,0,3,2,0,0,1,False,False
281, Articles d'éclairage nocturne,1100,2500,36,15,0,100,0,281,423,0,0,0,330,282,0,0,3,2,0,0,1,False,False
282, Rations alimentaires d'urgence,1200,2250,39,15,0,100,0,282,424,0,0,0,331,283,0,0,3,2,0,0,1,False,False
283, Boissons de nouvelle génération,700,1500,47,15,0,100,0,283,425,0,0,0,332,284,0,0,3,2,0,0,1,False,False
284, Traitement de condiments de végétaux séléniens,1600,2400,39,15,0,100,0,284,426,0,0,0,333,285,0,0,0,3,0,0,1,False,False
285, Briques étanches,1600,2400,33,15,0,100,0,285,427,0,0,0,334,286,0,0,0,3,0,0,1,False,False
286, Ravitaillement en médicaments expérimentaux,1700,2000,43,15,0,100,0,286,428,0,0,0,335,287,0,0,3,3,0,0,1,False,False
287, Eau sacrée pour potions alchimiques,2700,3000,42,15,0,100,0,287,429,0,0,0,336,288,0,0,3,3,0,0,1,False,False
288, Dallages de matériaux séléniens,1600,2400,41,15,0,100,0,288,430,0,0,0,337,289,0,0,0,3,0,0,1,False,False
289, Revitalisants d'excellente qualité,2700,3000,35,15,0,100,0,289,431,0,0,0,338,290,0,0,3,3,0,0,1,False,False
290, Jardins de petite taille,1000,1300,41,15,0,100,0,290,432,0,0,0,339,291,0,0,0,3,0,0,1,False,False
291, Plantes décoratives de végétaux séléniens,1000,1300,40,15,0,100,0,291,433,0,0,0,340,292,0,0,0,3,0,0,1,False,False
292,Briques étanches,1800,2400,33,15,0,100,1200,292,434,0,0,0,341,293,0,7200,0,4,0,0,0,False,False
293,Mortier d'excellente qualité,2300,3000,34,15,0,100,1200,293,435,0,0,0,342,294,0,7200,3,4,0,0,0,False,False
294,Médicaments pour nutrition équilibrée,700,1000,35,15,0,100,0,294,436,0,0,0,343,295,0,7200,3,4,0,0,0,False,False
295,Vaisselle de cuisine pour cantine,700,1000,37,15,0,100,1200,295,437,0,0,0,344,296,0,7200,3,4,0,0,0,False,False
296,Traitement expérimental de produits aquatiques séléniens,2600,3000,38,15,0,100,1200,296,438,0,0,0,345,297,0,7200,3,4,0,0,0,False,False
297,EX : Boissons de réserve,2500,3000,39,15,0,100,1200,297,439,0,0,0,346,298,0,7100,3,5,0,0,0,False,False
298,EX : Recherche sur les produits de maquillage,840,1000,40,15,0,100,1200,298,440,0,0,0,347,299,0,7100,3,5,0,0,0,False,False
299,EX : Reproduction de plantes décoratives,840,1000,41,15,0,100,1200,299,441,0,0,0,348,300,0,7100,3,5,2,0,0,False,False
300,EX : Médicaments pour artisans ,2800,3000,42,15,0,100,1200,300,442,0,0,0,349,301,0,7100,3,5,1,13,0,False,False
301,EX+ : Produits antirouille,560,880,36,15,0,100,420,301,443,0,0,0,350,302,0,7000,0,6,0,13,0,False,False
302,EX+ : Conservateurs alimentaires,560,880,43,15,0,100,330,302,444,0,0,0,351,303,0,7000,0,6,0,14,0,False,False
303,Préparation de remèdes expérimentaux,2300,3000,44,15,0,100,1200,303,445,0,0,0,352,304,0,7200,3,4,0,0,0,False,False
304,EX : Amélioration de remèdes expérimentaux,2500,3000,44,15,0,100,1200,304,446,0,0,303,353,305,0,7100,3,5,0,0,0,False,False
305,Préparation de finitions d'habitat pour Loporrite,1000,1600,45,15,0,100,1200,305,447,0,0,0,354,306,0,7200,0,4,0,0,0,False,False
306,EX : Amélioration de finitions d'habitat pour Loporrite,1000,1600,45,15,0,100,1200,306,448,0,0,305,355,307,0,7100,0,5,0,0,0,False,False
307,EX+ : Finitions d'habitat pour Loporrite,1000,1600,45,15,0,100,300,307,449,0,0,306,356,308,0,7000,0,6,0,0,0,False,False
308,EX : Préparation de pâtées pour élevage,850,1000,46,15,0,100,1200,308,450,0,0,0,357,309,0,7100,3,5,0,0,0,False,False
309,EX+ : Amélioration de pâtées pour élevage,900,1000,46,15,0,100,240,309,451,0,0,308,358,310,0,7000,3,6,2,0,0,False,False
310,Préparation de boissons gélatineuses de haute qualité nutritive,2300,3000,47,15,0,100,1200,310,452,0,0,0,359,311,0,7200,3,4,0,1,0,False,False
311,EX : Amélioration de boissons gélatineuses de haute qualité nutritive,2500,3000,47,15,0,100,1200,311,453,0,0,310,360,312,0,7100,3,5,1,0,0,False,False
312,EX+ : Boissons gélatineuses de haute qualité nutritive,2700,3000,47,15,0,100,270,312,454,0,0,311,361,313,0,7000,3,6,2,0,0,False,False
313,EX+ : Préparation de potions alchimiques multicolores,980,1080,48,15,0,100,600,313,455,0,0,0,362,314,0,7000,3,6,1,7,0,False,False
314,EX+ : Amélioration de potions alchimiques multicolores,980,1080,48,15,0,100,600,314,456,0,0,313,363,315,0,7000,3,6,1,0,0,False,False
315,EX+ : Perfectionnement de potions alchimiques multicolores,1000,1080,48,15,0,100,420,315,457,0,0,314,364,316,0,7000,0,6,1,0,0,False,False
316, Huile multi-usage,1200,2400,33,16,0,100,0,316,458,0,0,0,365,317,0,0,0,1,0,0,1,False,False
317, Traitement de condiments de produits récoltés,1200,2400,40,16,0,100,0,317,459,0,0,0,366,318,0,0,0,1,0,0,1,False,False
318, Colle de con­struc­tion,1200,2400,34,16,0,100,0,318,460,0,0,0,367,319,0,0,0,1,0,0,1,False,False
319, Bouillons de produits aquatiques,1200,2400,35,16,0,100,0,319,461,0,0,0,368,320,0,0,0,1,0,0,1,False,False
320, Encre aqueuse,1200,2400,36,16,0,100,0,320,462,0,0,0,369,321,0,0,0,1,0,0,1,False,False
321, Recherche sur la médecine nutritive,1200,2400,46,16,0,100,0,321,463,0,0,0,370,322,0,0,0,1,0,0,1,False,False
322, Huile thermorésistante,1200,2400,33,16,0,100,0,322,464,0,0,0,371,323,0,0,0,2,0,0,1,False,False
323, Aliments pour nutrition équilibrée,1200,2400,35,16,0,100,0,323,465,0,0,0,372,324,0,0,0,2,0,0,1,False,False
324, Peinture de con­struc­tion,1300,3000,33,16,0,100,0,324,466,0,0,0,373,325,0,0,3,2,0,0,1,False,False
325, Nourriture portable,700,1500,41,16,0,100,0,325,467,0,0,0,374,326,0,0,3,2,0,0,1,False,False
326, Traitement de produits de la mer de haute qualité nutritive,1100,2500,36,16,0,100,0,326,468,0,0,0,375,327,0,0,3,2,0,0,1,False,False
327, Rations alimentaires d'urgence,1200,2250,39,16,0,100,0,327,469,0,0,0,376,328,0,0,3,2,0,0,1,False,False
328, Reproduction de repas complets essentiels,700,1500,47,16,0,100,0,328,470,0,0,0,377,329,0,0,3,2,0,0,1,False,False
329, Produits de nouvelle génération pour conservation,1600,2400,39,16,0,100,0,329,471,0,0,0,378,330,0,0,0,3,0,0,1,False,False
330, Huile étanche,1600,2400,33,16,0,100,0,330,472,0,0,0,379,331,0,0,0,3,0,0,1,False,False
331, Boissons de nouvelle génération,1700,2000,43,16,0,100,0,331,473,0,0,0,380,332,0,0,3,3,0,0,1,False,False
332, Cuisine de grâce,2700,3000,42,16,0,100,0,332,474,0,0,0,381,333,0,0,3,3,0,0,1,False,False
333, Reproduction de nourriture typique aux ingrédients aquatiques séléniens,1600,2400,41,16,0,100,0,333,475,0,0,0,382,334,0,0,0,3,0,0,1,False,False
334, Produits récoltés séléniens pour nutrition équilibrée,2700,3000,35,16,0,100,0,334,476,0,0,0,383,335,0,0,3,3,0,0,1,False,False
335, Étude de fondation de boulangerie,1000,1300,41,16,0,100,0,335,477,0,0,0,384,336,0,0,0,3,0,0,1,False,False
336, Traitement de pré­pa­ra­tions aux champignons,1000,1300,40,16,0,100,0,336,478,0,0,0,385,337,0,0,0,3,0,0,1,False,False
337,Huile étanche,1800,2400,33,16,0,100,1200,337,479,0,0,0,386,338,0,8200,0,4,0,0,0,False,False
338,Colle d'excellente qualité,2300,3000,34,16,0,100,1200,338,480,0,0,0,387,339,0,8200,3,4,0,0,0,False,False
339,Ravitaillement en boissons revigorantes,700,1000,35,16,0,100,0,339,481,0,0,0,388,340,0,8200,3,4,0,0,0,False,False
340,Petit déjeuner pour cantine,700,1000,37,16,0,100,1200,340,482,0,0,0,389,341,0,8200,3,4,0,0,0,False,False
341,Traitement expérimental de produits aquatiques séléniens,2600,3000,38,16,0,100,1200,341,483,0,0,0,390,342,0,8200,3,4,0,0,0,False,False
342,EX : Fabrication en série de nouveaux aliments pour conservation,2500,3000,39,16,0,100,1200,342,484,0,0,0,391,343,0,8100,3,5,0,0,0,False,False
343,EX : Étude de reproduction de cuisine sharlayanaise,840,1000,40,16,0,100,1200,343,485,0,0,0,392,344,0,8100,3,5,0,0,0,False,False
344,EX : Reproduction de cuisine rapide pour activités en extérieur,840,1000,41,16,0,100,1200,344,486,0,0,0,393,345,0,8100,3,5,2,0,0,False,False
345,EX : Revitalisants portables,2800,3000,42,16,0,100,1200,345,487,0,0,0,394,346,0,8100,3,5,1,14,0,False,False
346,EX+ : Traitement de produits de la mer fumés,560,880,36,16,0,100,420,346,488,0,0,0,395,347,0,8000,0,6,0,13,0,False,False
347,EX+ : Traitement de viande animale fumée,560,880,43,16,0,100,330,347,489,0,0,0,396,348,0,8000,0,6,0,14,0,False,False
348,Préparation d'en-cas pour ouvriers,2300,3000,44,16,0,100,1200,348,490,0,0,0,397,349,0,8200,3,4,0,0,0,False,False
349,EX : Amélioration d'en-cas pour ouvriers,2500,3000,44,16,0,100,1200,349,491,0,0,348,398,350,0,8100,3,5,0,0,0,False,False
350,Préparation de régime adapté pour Loporrite,1000,1600,45,16,0,100,1200,350,492,0,0,0,399,351,0,8200,0,4,0,0,0,False,False
351,EX : Amélioration de régime adapté pour Loporrite,1000,1600,45,16,0,100,1200,351,493,0,0,350,400,352,0,8100,0,5,0,0,0,False,False
352,EX+ : Régime adapté pour Loporrite,1000,1600,45,16,0,100,300,352,494,0,0,351,401,353,0,8000,0,6,0,0,0,False,False
353,EX : Préparation de pâtées pour élevage,850,1000,46,16,0,100,1200,353,495,0,0,0,402,354,0,8100,3,5,0,0,0,False,False
354,EX+ : Amélioration de pâtées pour élevage,900,1000,46,16,0,100,240,354,496,0,0,353,403,355,0,8000,3,6,2,0,0,False,False
355,Préparation d'aliments de haute qualité nutritive,2300,3000,47,16,0,100,1200,355,497,0,0,0,404,356,0,8200,3,4,0,3,0,False,False
356,EX : Amélioration d'aliments de haute qualité nutritive,2500,3000,47,16,0,100,1200,356,498,0,0,355,405,357,0,8100,3,5,1,0,0,False,False
357,EX+ : Aliments de haute qualité nutritive,2700,3000,47,16,0,100,270,357,499,0,0,356,406,358,0,8000,3,6,2,0,0,False,False
358,EX+ : Préparation de repas complets,980,1080,48,16,0,100,600,358,500,0,0,0,407,359,0,8000,3,6,1,9,0,False,False
359,EX+ : Amélioration de repas complets,980,1080,48,16,0,100,600,359,501,0,0,358,408,360,0,8000,3,6,1,0,0,False,False
360,EX+ : Perfectionnement de repas complets,1000,1080,48,16,0,100,420,360,502,0,0,359,409,361,0,8000,0,6,1,0,0,False,False
361, Étude géologique des alentours de la station,1550,1700,54,17,0,100,600,361,53,0,0,0,0,0,5220,0,0,1,0,0,1,False,False
362, Étude des ressources au nord-ouest,1550,1700,60,17,0,100,600,362,54,0,0,0,0,0,5220,0,0,1,0,0,1,False,False
363, Enquête sur les normes de travail,4920,5020,50,17,0,100,600,363,55,0,0,0,0,0,5220,0,0,1,0,0,1,False,False
364, Matériaux d'essai pour la purification de l'eau,4920,5020,62,17,0,100,600,364,56,0,0,0,0,0,5220,0,0,1,0,0,1,False,False
365, Matériaux pour plaques multi-usage,1550,1700,51,17,0,100,600,365,57,0,0,0,0,0,5220,0,0,1,0,0,1,False,False
366, Matériaux pour filtres à air,1550,1700,63,17,0,100,600,366,58,0,0,0,0,0,5220,0,0,1,0,0,1,False,False
367, Étude géologique du secteur central,1550,1900,54,17,0,100,600,367,59,0,0,0,0,0,5226,0,0,2,0,0,1,False,False
368, Métaux pour transformation,4920,5270,50,17,0,100,600,368,60,0,0,0,0,0,5230,0,0,2,0,0,1,False,False
369, Matériaux pour plaques épaisses,1550,1900,51,17,0,100,600,369,61,0,0,0,0,0,5226,0,0,2,0,0,1,False,False
370, Évaluation des méthodes de récolte en continu,850,1050,52,17,0,100,600,370,62,0,0,0,0,0,5230,0,0,2,0,0,1,False,False
371, Évaluation des méthodes d'obtention de matériaux,2000,2600,53,17,0,100,600,371,63,0,0,0,0,0,5230,0,0,2,0,0,1,False,False
372, Nouveaux points de collecte de métaux météoritiques,2850,3550,60,17,0,100,600,372,64,0,0,0,0,0,5226,0,0,2,0,0,1,False,False
373, Matériaux pour filtres à eau,120,140,62,17,0,100,600,373,65,0,0,0,0,0,5226,0,3,2,0,0,1,False,False
374, Étude géologique du secteur extérieur,1550,1950,54,17,0,100,600,374,66,0,0,0,0,0,5221,0,0,3,0,0,1,False,False
375, Matériaux résistants à l'eau et à la chaleur,4920,5320,50,17,0,100,600,375,67,0,0,0,0,0,5221,0,0,3,0,0,1,False,False
376, Matériaux pour plaques fines,1550,1950,51,17,0,100,600,376,68,0,0,0,0,0,5232,0,0,3,0,0,1,False,False
377, Récolte continue de cuivre jaune sélénien,850,1050,52,17,0,100,600,377,69,0,0,0,0,0,5221,0,0,3,0,0,1,False,False
378, Programme de recherche des techniques,2000,2600,53,17,0,100,600,378,70,0,0,0,0,0,5232,0,0,3,0,0,1,False,False
379, Matériaux pour générateurs d'énergie,2850,3550,61,17,0,100,600,379,71,0,0,0,0,0,5221,0,0,3,0,0,1,False,False
380, Matériaux pour transformation avancée,130,150,58,17,0,100,600,380,72,0,0,0,0,0,5221,0,3,3,0,0,1,False,False
381, Matériaux de haute qualité pour réparations,4400,4600,55,17,0,100,600,381,73,0,0,0,0,0,5232,0,4,3,0,0,1,False,False
382,Matériaux pour la fabrication d'alliages,2800,3200,49,17,0,100,600,382,74,0,0,0,0,0,5221,9200,0,4,0,0,0,False,False
383,Matériaux des cratères,4800,5100,50,17,0,100,600,383,75,0,0,0,0,0,5226,9200,0,4,0,0,0,False,False
384,Matériaux pour plaques spéciales,3000,3400,51,17,0,100,600,384,76,0,0,0,0,0,5230,9200,0,4,0,0,0,False,False
385,Récolte continue de chromite sélénienne,2350,2950,52,17,0,100,600,385,77,0,0,0,0,0,5220,9200,0,4,0,0,0,False,False
386,Techniques d'acquisition de fer météoritique,4000,5200,53,17,0,100,600,386,78,0,0,0,0,0,5226,9200,0,4,0,0,0,False,False
387,EX : Étude géologique avancée,2850,3250,54,17,0,100,600,387,79,0,0,0,0,0,5226,9100,0,5,0,0,0,False,False
388,EX : Extraction d'ingrédients d'alchimie pour éthérolyse,1750,1950,55,17,0,100,600,388,80,0,0,0,0,0,5220,9100,4,5,0,0,0,False,False
389,EX : Étude des ressources au sud-ouest,1160,1680,56,17,0,100,600,389,81,0,0,0,0,0,5223,9100,3,5,1,0,0,False,False
390,EX : Étude approfondie du Nadir lunaire,900,1100,57,17,0,100,600,390,82,0,0,0,0,0,5234,9100,3,5,2,14,0,False,False
391,EX+ : Récupération de matériaux rares,900,1300,58,17,0,100,300,391,83,0,0,0,0,0,5221,9000,4,6,0,13,0,False,False
392,EX+ : Matériaux auxiliaires pour transformation,1310,1680,59,17,0,100,300,392,84,0,0,0,0,0,5230,9000,3,6,0,14,0,False,False
393,Étude des ressources aux alentours de la station,2800,3200,60,17,0,100,600,393,85,0,0,0,0,0,5220,9200,0,4,0,0,0,False,False
394,EX : Étude des ressources aux alentours de la station,2350,2950,60,17,0,100,600,394,86,0,0,393,0,0,5226,9100,0,5,0,0,0,False,False
395,Matériaux pour générateurs à haute énergie,4800,5100,61,17,0,100,600,395,87,0,0,0,0,0,5230,9200,0,4,0,0,0,False,False
396,EX : Matériaux pour générateurs à haute énergie,4200,5400,61,17,0,100,600,396,88,0,0,395,0,0,5221,9100,0,5,0,0,0,False,False
397,EX+ : Matériaux pour générateurs à haute énergie,900,1200,61,17,0,100,180,397,89,0,0,396,0,0,5232,9000,3,6,0,0,0,False,False
398,EX : Composants de filtre à eau avancé,3000,3400,62,17,0,100,600,398,90,0,0,0,0,0,5226,9100,0,5,0,0,0,False,False
399,EX+ : Composants de filtre à eau avancé,1750,2100,62,17,0,100,180,399,91,0,0,398,0,0,5234,9000,4,6,2,0,0,False,False
400,Composants de filtre à air avancé,3000,3400,63,17,0,100,600,400,92,0,0,0,0,0,5220,9200,0,4,0,2,0,False,False
401,EX : Composants de filtre à air avancé,7000,7950,63,17,0,100,180,401,93,0,0,402,0,0,5234,9100,0,6,2,0,0,False,False
402,EX+ : Composants de filtre à air avancé,900,1100,63,17,0,100,600,402,94,0,0,400,0,0,5223,9000,3,5,1,0,0,False,False
403,EX+ : Matériaux de légende,900,1300,64,17,0,100,300,403,95,0,0,0,0,0,5223,9000,4,6,1,8,0,False,False
404,EX+ : Matériaux de légende II,1330,1730,64,17,0,100,300,404,96,0,0,403,0,0,5223,9000,3,6,1,0,0,False,False
405,EX+ : Matériaux de légende III,1800,2250,64,17,0,100,180,405,97,0,0,404,0,0,5223,9000,4,6,1,0,0,False,False
406, Étude des sols aux alentours de la station,1550,1700,54,18,0,100,600,406,98,0,0,0,0,0,5220,0,0,1,0,0,1,False,False
407, Étude des ressources à l'est,1550,1700,60,18,0,100,600,407,99,0,0,0,0,0,5220,0,0,1,0,0,1,False,False
408, Enquête sur les normes de travail,4920,5020,50,18,0,100,600,408,100,0,0,0,0,0,5220,0,0,1,0,0,1,False,False
409, Matériaux d'essai pour la purification de l'eau,4920,5020,62,18,0,100,600,409,101,0,0,0,0,0,5220,0,0,1,0,0,1,False,False
410, Matériaux pour panneaux en fibre multi-usage,1550,1700,51,18,0,100,600,410,102,0,0,0,0,0,5220,0,0,1,0,0,1,False,False
411, Matériaux pour filtres à air,1550,1700,63,18,0,100,600,411,103,0,0,0,0,0,5220,0,0,1,0,0,1,False,False
412, Étude des sols du secteur central,1550,1900,54,18,0,100,600,412,104,0,0,0,0,0,5227,0,0,2,0,0,1,False,False
413, Fibres pour transformation,4920,5270,50,18,0,100,600,413,105,0,0,0,0,0,5220,0,0,2,0,0,1,False,False
414, Matériaux pour panneaux en fibre fins,1550,1900,51,18,0,100,600,414,106,0,0,0,0,0,5227,0,0,2,0,0,1,False,False
415, Évaluation des méthodes de récolte en continu,850,1050,52,18,0,100,600,415,107,0,0,0,0,0,5220,0,0,2,0,0,1,False,False
416, Évaluation des méthodes d'obtention de matériaux,2000,2600,53,18,0,100,600,416,108,0,0,0,0,0,5220,0,0,2,0,0,1,False,False
417, Nouveaux points de collecte de branchages,2850,3550,60,18,0,100,600,417,109,0,0,0,0,0,5227,0,0,2,0,0,1,False,False
418, Matériaux pour filtres à eau,120,140,62,18,0,100,600,418,110,0,0,0,0,0,5227,0,3,2,0,0,1,False,False
419, Étude des sols du secteur extérieur,1550,1950,54,18,0,100,600,419,111,0,0,0,0,0,5222,0,0,3,0,0,1,False,False
420, Matériaux résistants à la chaleur,4920,5320,50,18,0,100,600,420,112,0,0,0,0,0,5222,0,0,3,0,0,1,False,False
421, Matériaux pour panneaux en fibre épais,1550,1950,51,18,0,100,600,421,113,0,0,0,0,0,5222,0,0,3,0,0,1,False,False
422, Récolte continue de fibre bleue,850,1050,52,18,0,100,600,422,114,0,0,0,0,0,5222,0,0,3,0,0,1,False,False
423, Programme de recherche des techniques,2000,2600,53,18,0,100,600,423,115,0,0,0,0,0,5222,0,0,3,0,0,1,False,False
424, Matériaux pour générateurs d'énergie,2850,3550,61,18,0,100,600,424,116,0,0,0,0,0,5222,0,0,3,0,0,1,False,False
425, Matériaux pour transformation avancée,130,150,58,18,0,100,600,425,117,0,0,0,0,0,5222,0,3,3,0,0,1,False,False
426, Matériaux de haute qualité pour réparations,4400,4600,55,18,0,100,600,426,118,0,0,0,0,0,5222,0,4,3,0,0,1,False,False
427,Nouveaux matériaux de tannerie,2800,3200,49,18,0,100,600,427,119,0,0,0,0,0,5222,10200,0,4,0,0,0,False,False
428,Végétation de la zone expérimentale,4800,5100,50,18,0,100,600,428,120,0,0,0,0,0,5227,10200,0,4,0,0,0,False,False
429,Matériaux pour panneaux en fibre,3000,3400,51,18,0,100,600,429,121,0,0,0,0,0,5220,10200,0,4,0,0,0,False,False
430,Récolte continue de champignons séléniens,2350,2950,52,18,0,100,600,430,122,0,0,0,0,0,5220,10200,0,4,0,0,0,False,False
431,Techniques d'acquisition de fibre,4000,5200,53,18,0,100,600,431,123,0,0,0,0,0,5227,10200,0,4,0,0,0,False,False
432,EX : Étude des sols avancée,2850,3250,54,18,0,100,600,432,124,0,0,0,0,0,5227,10100,0,5,0,0,0,False,False
433,EX : Extraction d'ingrédients d'alchimie pour éthérolyse,1750,1950,55,18,0,100,600,433,125,0,0,0,0,0,5220,10100,4,5,0,0,0,False,False
434,EX : Étude des ressources au sud-ouest,1160,1680,56,18,0,100,600,434,126,0,0,0,0,0,5233,10100,3,5,1,0,0,False,False
435,EX : Étude approfondie du Nadir lunaire,900,1100,57,18,0,100,600,435,127,0,0,0,0,0,5236,10100,3,5,2,13,0,False,False
436,EX+ : Récupération de matériaux rares,900,1300,58,18,0,100,300,436,128,0,0,0,0,0,5222,10000,4,6,0,14,0,False,False
437,EX+ : Matériaux auxiliaires pour transformation,1310,1680,59,18,0,100,300,437,129,0,0,0,0,0,5220,10000,3,6,0,13,0,False,False
438,Étude des ressources aux alentours de la station,2800,3200,60,18,0,100,600,438,130,0,0,0,0,0,5227,10200,0,4,0,0,0,False,False
439,EX : Étude des ressources aux alentours de la station,2350,2950,60,18,0,100,600,439,131,0,0,438,0,0,5220,10100,0,5,0,0,0,False,False
440,Matériaux pour générateurs à haute énergie,4800,5100,61,18,0,100,600,440,132,0,0,0,0,0,5220,10200,0,4,0,0,0,False,False
441,EX : Matériaux pour générateurs à haute énergie,4200,5400,61,18,0,100,600,441,133,0,0,440,0,0,5222,10100,0,5,0,0,0,False,False
442,EX+ : Matériaux pour générateurs à haute énergie,900,1200,61,18,0,100,180,442,134,0,0,441,0,0,5222,10000,3,6,0,0,0,False,False
443,EX : Composants de filtre à eau avancé,3000,3400,62,18,0,100,600,443,135,0,0,0,0,0,5220,10100,0,5,0,0,0,False,False
444,EX+ : Composants de filtre à eau avancé,1750,2100,62,18,0,100,180,444,136,0,0,443,0,0,5236,10000,4,6,2,0,0,False,False
445,Composants de filtre à air avancé,3000,3400,63,18,0,100,600,445,137,0,0,0,0,0,5227,10200,0,4,0,6,0,False,False
446,EX : Composants de filtre à air avancé,7000,7950,63,18,0,100,180,446,138,0,0,447,0,0,5236,10100,0,6,2,0,0,False,False
447,EX+ : Composants de filtre à air avancé,900,1100,63,18,0,100,600,447,139,0,0,445,0,0,5233,10000,3,5,1,0,0,False,False
448,EX+ : Matériaux de légende,900,1300,64,18,0,100,300,448,140,0,0,0,0,0,5233,10000,4,6,1,12,0,False,False
449,EX+ : Matériaux de légende II,1330,1730,64,18,0,100,300,449,141,0,0,448,0,0,5233,10000,3,6,1,0,0,False,False
450,EX+ : Matériaux de légende III,1800,2250,64,18,0,100,180,450,142,0,0,449,0,0,5233,10000,4,6,1,0,0,False,False
451, Vivres d'urgence pour déjeuner,16700,16900,67,19,0,100,1800,451,8,0,0,0,5,0,5206,0,0,1,0,0,1,False,False
452, Grand spécimen aquatique,630,1280,69,19,0,100,1800,452,9,0,0,0,6,0,5207,0,0,1,0,0,1,False,False
453, Contrôle qualité de l'eau à l'ouest de la station,15100,15300,65,19,0,100,1800,453,10,0,0,0,7,0,5208,0,0,1,0,0,1,False,False
454, Produits de la mer pour mise en réserve,1300,1500,73,19,0,100,1800,454,11,0,0,0,8,0,5209,0,0,1,0,0,1,False,False
455, Étude écologique de l'étang des Larmes,16600,16800,66,19,0,100,1800,455,12,0,0,0,9,0,5206,0,0,1,0,0,1,False,False
456, Ingrédients d'alchimie en grande quantité,5200,5500,71,19,0,100,1800,456,13,0,0,0,10,0,5207,0,0,1,0,0,1,False,False
457, Poisson géant pour étude,2040,3690,69,19,0,100,1800,457,14,0,0,0,11,0,5209,0,0,2,0,0,1,False,False
458, Étude environnementale à partir d'échan­til­lons d'espèces pertinentes,15000,15400,65,19,0,100,1800,458,15,0,0,0,12,0,5206,0,0,2,0,0,1,False,False
459, Produits de la mer à pigments polarisants,1500,2000,73,19,0,100,1800,459,16,0,0,0,13,0,5208,0,0,2,0,0,1,False,False
460, Étude écologique d'un plan d'eau au sud-est de la station,3000,4000,68,19,0,100,1800,460,17,0,0,0,14,0,5209,0,0,2,0,0,1,False,False
461, Ingrédients de sauce de poisson en grande quantité,31000,37000,71,19,0,100,1800,461,18,0,0,0,15,0,5206,0,0,2,0,0,1,False,False
462, Contrôle qualité via collecte d'échan­til­lons aquatiques,300,1000,74,19,0,100,1800,462,19,0,0,0,16,0,5208,0,3,2,0,0,1,False,False
463, Contrôle qualité de l'eau au nord-ouest de la station,12500,13000,66,19,0,100,1800,463,20,0,0,0,17,0,5207,0,0,2,0,0,1,False,False
464, Contrôle qualité de l'eau au Creux de La Gourde,15600,16100,65,19,0,100,1800,464,21,0,0,0,18,0,5210,0,0,3,0,0,1,False,False
465, Produits de la mer pour conservation,3500,3700,73,19,0,100,1800,465,22,0,0,0,19,0,5206,0,0,3,0,0,1,False,False
466, Étude écologique du Creux de La Gourde,4000,5000,68,19,0,100,1800,466,23,0,0,0,20,0,5210,0,0,3,0,0,1,False,False
467, Étude écologique : record de taille,5540,6280,72,19,0,100,1800,467,24,0,0,0,21,0,5207,0,0,3,0,0,1,False,False
468, Spécimens endémiques aux fuites magismologiques pour transformation,3800,4500,74,19,0,100,1800,468,25,0,0,0,22,0,5211,0,11,3,0,0,1,False,False
469, Étude écologique du Saut du Lapin ouest,15500,16100,66,19,0,100,1800,469,26,0,0,0,23,0,5208,0,0,3,0,0,1,False,False
470, Vivres d'urgence pour dîner,15100,15500,67,19,0,100,1800,470,27,0,0,0,24,0,5209,0,0,3,0,0,1,False,False
471, Produits de la mer pour alchimie,44000,50000,71,19,0,100,1800,471,28,0,0,0,25,0,5211,0,10,3,0,0,1,False,False
472,Étude écologique du Saut du Lapin nord,15800,16100,65,19,0,100,1800,472,29,0,0,0,26,0,5207,11200,0,4,0,0,0,False,False
473,Spécimen aquatique rare pour étude,3000,3500,70,19,0,100,1800,473,30,0,0,0,27,0,5208,11200,3,4,0,0,0,False,False
474,Produits de la mer en urgence,14700,14850,67,19,0,100,1800,474,31,0,0,0,28,0,5210,11200,0,4,0,0,0,False,False
475,Contrôle qualité avancé de l'eau,7200,7700,73,19,0,100,1800,475,32,0,0,0,29,0,5211,11200,10,4,0,0,0,False,False
476,Produits de la mer pour transformation avancée,10000,15000,74,19,0,100,1800,476,33,0,0,0,30,0,5210,11200,3,4,0,0,0,False,False
477,EX : Grand spécimen aquatique,10240,10260,69,19,0,100,1800,477,34,0,0,0,31,0,5206,11100,0,5,0,0,0,False,False
478,EX : Ingrédients d'alchimie en grande quantité,34000,36000,71,19,0,100,1800,478,35,0,0,0,32,0,5209,11100,0,5,0,0,0,False,False
479,EX : Essai technologique aux Chutes éthérées,2250,2650,70,19,0,100,1800,479,36,0,0,0,33,0,5214,11100,11,5,2,0,0,False,False
480,EX : Produits de la mer en urgence,15300,15500,67,19,0,100,1800,480,37,0,0,0,34,0,5212,11100,10,5,1,14,0,False,False
481,EX+ : Étude écologique de Palus Arsenici,1600,2000,65,19,0,100,300,481,38,0,0,0,35,0,5211,11000,10,6,0,13,0,False,False
482,EX+ : Grand spécimen aquatique,8500,8550,69,19,0,100,240,482,39,0,0,0,36,0,5210,11000,0,6,0,14,0,False,False
483,Étude de biodiversité aquatique,5000,6000,75,19,0,100,1800,483,40,0,0,0,37,0,5211,11200,10,4,0,0,0,False,False
484,EX : Étude de biodiversité aquatique,14700,15700,75,19,0,100,1800,484,41,0,0,483,38,0,5209,11100,0,5,0,0,0,False,False
485,Composants de filtre à eau avancé,6500,6540,76,19,0,100,1800,485,42,0,0,0,39,0,5208,11200,0,4,0,0,0,False,False
486,EX : Composants de filtre à eau avancé,15900,16200,76,19,0,100,1800,486,43,0,0,485,40,0,5206,11100,0,5,0,0,0,False,False
487,EX+ : Composants de filtre à eau avancé,9600,12300,76,19,0,100,270,487,44,0,0,486,41,0,5210,11000,0,6,0,0,0,False,False
488,EX : Étude écologique d'espèces cohabitantes,12200,12900,77,19,0,100,1800,488,45,0,0,0,42,0,5207,11100,0,5,0,0,0,False,False
489,EX+ : Étude écologique d'espèces cohabitantes,3050,3450,77,19,0,100,300,489,46,0,0,488,43,0,5212,11000,11,6,1,0,0,False,False
490,Échantillons issus de fuites magismologiques,4830,9240,78,19,0,100,1800,490,47,0,0,0,44,0,5211,11200,10,4,0,4,0,False,False
491,EX : Échantillons issus de fuites magismologiques,5000,6000,78,19,0,100,1800,491,48,0,0,490,45,0,5213,11100,10,5,1,0,0,False,False
492,EX+ : Échantillons issus de fuites magismologiques,11640,23140,78,19,0,100,300,492,49,0,0,491,46,0,5214,11000,10,6,2,0,0,False,False
493,EX+ : Espèces non répertoriées,300,800,79,19,0,100,240,493,50,0,0,0,47,0,5214,11000,10,6,2,10,0,False,False
494,EX+ : Espèces non répertoriées II,1600,2300,79,19,0,100,510,494,51,0,0,493,48,0,5211,11000,10,6,2,0,0,False,False
495,EX+ : Espèces non répertoriées III,8000,20000,79,19,0,100,480,495,52,0,0,494,49,0,5213,11000,10,6,2,0,0,False,False
496,EX : Conteneurs pour la recherche sur les produits marins,1800,2700,81,17,9,100,1200,496,503,0,0,0,458,362,5230,20100,0,5,0,0,0,False,False
497,EX : Conteneurs résistants aux chocs,1800,2700,81,17,11,100,1200,497,504,0,0,0,459,363,5220,20100,0,5,0,0,0,False,False
498,EX : Brûleurs d'encens de la planète-mère,1800,2700,83,17,12,100,1200,498,505,0,0,0,460,364,5221,20100,0,5,0,0,0,False,False
499,EX+ : Étude de l'extraction de roches souterraines,1800,2700,82,17,10,100,1200,499,506,0,0,0,461,365,5220,20000,0,6,3,13,0,False,False
500,EX+ : Cuir tanné avec des matériaux séléniens,1800,2700,84,17,13,100,1200,500,507,0,0,0,462,366,5226,20000,0,6,4,14,0,False,False
501,EX+ : Damier brillant de luxe,1800,2700,83,17,14,100,1200,501,508,0,0,0,463,367,5232,20000,0,6,5,13,0,False,False
502,EX : Approvisionnement en matériaux de tannerie,1800,2700,84,18,13,100,1200,502,509,0,0,0,464,368,5220,20100,0,5,0,0,0,False,False
503,EX : Traitement de mycélium rare,1800,2700,84,18,14,100,1200,503,510,0,0,0,465,369,5222,20100,0,5,0,0,0,False,False
504,EX : Transformation d'aliments frais,1800,2700,86,18,16,100,1200,504,511,0,0,0,466,370,5220,20100,0,5,0,0,0,False,False
505,EX+ : Outils pour la récolte de matériaux séléniens,1800,2700,82,18,9,100,1200,505,512,0,0,0,467,371,5227,20000,0,6,6,14,0,False,False
506,EX+ : Fabrication de fours à haute température,1800,2700,82,18,11,100,1200,506,513,0,0,0,468,372,5222,20000,0,6,7,13,0,False,False
507,EX+ : Champignons d'intérieur,1800,2700,83,18,15,100,1200,507,514,0,0,0,469,373,5220,20000,0,6,8,14,0,False,False
508,EX : Transformation de métaux aquatiques en lingots,1800,2700,85,19,10,100,1200,508,515,0,0,0,454,374,5209,20100,0,5,0,0,0,False,False
509,EX : Glu sélénienne améliorée,1800,2700,85,19,15,100,1200,509,516,0,0,0,455,375,5208,20100,0,5,0,0,0,False,False
510,EX+ : Pierre précieuse cristalline,1800,2700,85,19,12,100,1200,510,517,0,0,0,456,376,5211,20000,10,6,9,13,0,False,False
511,EX+ : Ration d'anguille,1800,2700,86,19,16,100,1200,511,518,0,0,0,457,377,5210,20000,0,6,10,14,0,False,False
512, Échelles de chantier,0,0,87,9,0,100,1200,512,519,520,0,0,414,378,5223,24000,0,1,1,0,1,True,False
513, Bois d'allumage,0,0,95,9,0,100,1200,513,521,522,0,0,415,379,5222,24000,0,1,13,0,1,True,False
514, Nouveaux matériaux fongiques de con­struc­tion,0,0,98,9,0,100,1200,514,523,524,0,0,416,380,5222,24500,0,1,13,0,1,True,False
515, Foreuses à météorites,0,0,91,10,0,100,1200,515,525,526,0,0,419,383,5220,24000,0,1,0,0,1,True,False
516, Buses d'aspirateurs,0,0,93,10,0,100,1200,516,529,530,0,0,423,387,5224,24000,0,1,16,0,1,True,False
517, Composants de lance-flammes,0,0,97,10,0,100,1200,517,527,528,0,0,420,384,5222,24000,0,1,13,0,1,True,False
518, Réservoirs de rechange pour aspirateur,0,0,89,11,0,100,1200,518,531,532,0,0,424,388,5220,24000,0,1,0,0,1,True,False
519, Plaques pour entretien de véhicule,0,0,92,11,0,100,1200,519,533,534,0,0,426,390,5220,24500,0,1,0,0,1,True,False
520, Réservoirs de gaz,0,0,93,11,0,100,1200,520,535,536,0,0,428,392,5224,24000,0,1,16,0,1,True,False
521, Outils de réparation pour l'éclairage,0,0,87,12,0,100,1200,521,537,538,0,0,429,393,5223,24000,0,1,1,0,1,True,False
522, Pièces de précision pour aspirateur,0,0,89,12,0,100,1200,522,541,542,0,0,432,396,5220,24000,0,1,0,0,1,True,False
523, Pièces de rechange pour véhicule,0,0,92,12,0,100,1200,523,539,540,0,0,430,394,5220,24500,0,1,0,0,1,True,False
524, Gants indéchirables,0,0,91,13,0,100,1200,524,543,544,0,0,434,398,5220,24000,0,1,0,0,1,True,False
525, Masques à gaz,0,0,93,13,0,100,1200,525,545,546,0,0,436,400,5224,24000,0,1,16,0,1,True,False
526, Bottes de travail résistantes au feu,0,0,95,13,0,100,1200,526,547,548,0,0,437,401,5222,24000,0,1,13,0,1,True,False
527, Tissus pour entretien,0,0,87,14,0,100,1200,527,551,552,0,0,440,404,5223,24000,0,1,1,0,1,True,False
528, Tissus résistants au feu,0,0,95,14,0,100,1200,528,553,554,0,0,441,405,5222,24000,0,1,13,0,1,True,False
529, Nouveaux tissus mycéliens,0,0,98,14,0,100,1200,529,549,550,0,0,439,403,5222,24500,0,1,13,0,1,True,False
530, Agents de protection spéciaux,0,0,89,15,0,100,1200,530,555,556,0,0,444,408,5220,24000,0,1,0,0,1,True,False
531, Solutions antitoxiques,0,0,94,15,0,100,1200,531,559,560,0,0,448,412,5224,24500,0,1,16,0,1,True,False
532, Carburant pour lance-flammes,0,0,97,15,0,100,1200,532,557,558,0,0,447,411,5222,24000,0,1,13,0,1,True,False
533, Aliments de longue conservation,0,0,88,16,0,100,1200,533,561,562,0,0,449,413,5220,24500,0,1,1,0,1,True,False
534, Gelée nutritive,0,0,94,16,0,100,1200,534,563,564,0,0,450,414,5224,24500,0,1,16,0,1,True,False
535, Étude des champignons anormaux,0,0,96,16,0,100,1200,535,565,566,0,0,451,415,5220,24500,0,1,13,0,1,True,False
536, Matériaux isolants,0,0,88,17,0,100,1200,536,567,568,0,0,0,0,5220,24500,0,1,1,0,1,True,False
537, Recherche des drones accidentés,0,0,90,17,0,100,1200,537,569,570,0,0,0,0,5220,24500,0,1,0,0,1,True,False
538, Collecte de fer météorique rare,0,0,91,17,0,100,1200,538,571,572,0,0,0,0,5220,24000,0,1,0,0,1,True,False
539, Noyaux fongiques aux propriétés médicinales,0,0,94,18,0,100,1200,539,577,578,0,0,0,0,5224,24500,0,1,16,0,1,True,False
540, Étude de l'impact du nuage de spores,0,0,96,18,0,100,1200,540,575,576,0,0,0,0,5220,24500,0,1,13,0,1,True,False
541, Champignons comestibles,0,0,98,18,0,100,1200,541,573,574,0,0,0,0,5222,24500,0,1,13,0,1,True,False
542, Poissons comestibles,0,0,88,19,0,100,1200,542,579,580,0,0,411,0,5208,24500,0,1,1,0,1,True,False
543, Recherche de drones immergés,0,0,90,19,0,100,1200,543,581,582,0,0,410,0,5207,24500,0,1,0,0,1,True,False
544, Capture de poissons mutants,0,0,96,19,0,100,1200,544,583,584,0,0,413,0,5206,24500,0,1,13,0,1,True,False
545, Verre multi-usage,1200,2400,165,9,0,100,0,545,711,0,0,0,512,418,0,0,0,1,0,0,1,False,False
546, Matériaux de tente renforcée,1200,2400,166,9,0,100,0,546,712,0,0,0,513,419,0,0,0,1,0,0,1,False,False
547, Essai de traitement de matières spéciales,1200,2400,167,9,0,100,0,547,713,0,0,0,514,420,0,0,0,1,0,0,1,False,False
548, Mise en pratique de ressources renouvelables,1200,2400,168,9,0,100,0,548,714,0,0,0,515,421,0,0,0,1,0,0,1,False,False
549, Tentes pour hébergement,1200,2400,169,9,0,100,0,549,715,0,0,0,516,422,0,0,0,1,0,0,1,False,False
550, Recherche sur les traitements de pseudo-plantes,1200,2400,170,9,0,100,0,550,716,0,0,0,517,423,0,0,0,1,0,0,1,False,False
551, Verre multi-usage sup­plé­men­tai­re,1200,2400,165,9,0,100,0,551,717,0,0,0,518,424,0,0,0,2,0,0,1,False,False
552, Matériaux de tente traitée contre le froid,1200,2400,166,9,0,100,0,552,718,0,0,0,519,425,0,0,0,2,0,0,1,False,False
553, Essai amélioré de traitement de matières spéciales,1300,3000,167,9,0,100,0,553,719,0,0,0,520,426,0,0,3,2,0,0,1,False,False
554, Mise en pratique améliorée de ressources renouvelables,700,1500,168,9,0,100,0,554,720,0,0,0,521,427,0,0,3,2,0,0,1,False,False
555, Tente traitée contre le froid,1100,2500,169,9,0,100,0,555,721,0,0,0,522,428,0,0,3,2,0,0,1,False,False
556, Recherches améliorées sur les traitements de pseudo-plantes,1100,2500,170,9,0,100,0,556,722,0,0,0,523,429,0,0,3,2,0,0,1,False,False
557, Outils de récolte,700,1500,171,9,0,100,0,557,723,0,0,0,524,430,0,0,3,2,0,0,1,False,False
558, Essai de traitement haut niveau de matières spéciales,1600,2400,167,9,0,100,0,558,724,0,0,0,525,431,0,0,0,3,0,0,1,False,False
559, Fibres de verre,1600,2400,165,9,0,100,0,559,725,0,0,0,526,432,0,0,0,3,0,0,1,False,False
560, Matériaux de tente traitée contre la chaleur,1000,1600,166,9,0,100,0,560,726,0,0,0,527,433,0,0,0,3,0,0,1,False,False
561, Mise en pratique efficace de ressources renouvelables,2700,3000,168,9,0,100,0,561,727,0,0,0,528,434,0,0,3,3,0,0,1,False,False
562, Tente traitée contre la chaleur,1600,2400,169,9,0,100,0,562,728,0,0,0,529,435,0,0,0,3,0,0,1,False,False
563, Recherche sur les traitements de pseudo-plantes solides,2700,3000,170,9,0,100,0,563,729,0,0,0,530,436,0,0,3,3,0,0,1,False,False
564, Amélioration d'outils de récolte,1000,1300,171,9,0,100,0,564,730,0,0,0,531,437,0,0,0,3,0,0,1,False,False
565, Literie pour habitation,1000,1300,172,9,0,100,0,565,731,0,0,0,532,438,0,0,0,3,0,0,1,False,False
566,Fibres de verre sup­plé­men­tai­res,1800,2400,165,9,0,100,0,566,732,0,0,0,533,439,0,0,0,4,0,0,0,False,False
567,Essai amélioré de traitement haut niveau de matières spéciales,1800,2400,167,9,0,100,1200,567,733,0,0,0,534,440,0,0,0,4,0,0,0,False,False
568,Matériaux pour renforcement de tente,700,1000,166,9,0,100,0,568,734,0,0,0,535,441,0,0,3,4,0,0,0,False,False
569,Mise en pratique efficace améliorée de ressources renouvelables,700,1000,168,9,0,100,0,569,735,0,0,0,536,442,0,0,3,4,0,0,0,False,False
570,Recherches sur l'utilité des ressources de Phaenna,2600,3000,173,9,0,100,0,570,736,0,0,0,537,443,0,0,3,4,0,0,0,False,False
571,EX : Équipements pour activités en extérieur,2500,3000,169,9,0,100,0,571,737,0,0,0,538,444,0,0,3,5,0,0,0,False,False
572,EX : Outils pour artisans ex­pé­ri­men­tés,2500,3000,171,9,0,100,0,572,738,0,0,0,539,445,0,0,3,5,0,0,0,False,False
573,EX : Caisses de rangement pour transport spatial,800,1050,174,9,0,100,1200,573,739,0,0,0,540,446,0,0,0,5,11,16,0,False,False
574,EX+ : Aide à la con­struc­tion d'un lieu de stockage provisoire,980,1080,175,9,0,100,0,574,740,0,0,0,541,447,0,0,3,6,0,21,0,False,False
575,EX+ : Literie ultraperformante,1800,2000,172,9,0,100,540,575,741,0,0,0,542,448,0,0,3,6,0,15,0,False,False
576,Production de masse d'équipements pour l'exploration de Phaenna,2300,3000,176,9,0,100,0,576,742,0,0,0,543,449,0,0,3,4,0,0,0,False,False
577,Nouvelle production de masse d'équipements pour l'exploration de Phaenna,2300,3000,176,9,0,100,0,577,743,0,0,576,544,450,0,0,3,4,0,0,0,False,False
578,EX : Ouvrages artisanaux pour le Conseil,1700,2000,177,9,0,100,0,578,744,0,0,0,545,451,0,0,3,5,0,0,0,False,False
579,EX : Ouvrages artisanaux améliorés pour le Conseil,600,800,177,9,0,100,0,579,745,0,0,578,546,452,0,0,0,5,0,0,0,False,False
580,EX : Ouvrages artisanaux perfectionnés pour le Conseil,850,1000,177,9,0,100,1200,580,746,0,0,579,547,453,0,0,3,5,0,0,0,False,False
581,Plan d'amélioration des habitations,1400,2000,178,9,0,100,0,581,747,0,0,0,548,454,0,0,3,4,0,1,0,False,False
582,EX : Suite du plan d'amélioration des habitations,850,1000,178,9,0,100,0,582,748,0,0,581,549,455,0,0,3,5,11,0,0,False,False
583,EX+ : Fin du plan d'amélioration des habitations,1000,1600,178,9,0,100,540,583,749,0,0,582,550,456,0,0,0,6,12,0,0,False,False
584,EX+ : Inspection du raffinement des cristaux de résine,980,1080,164,9,0,100,0,584,750,0,0,0,551,457,0,0,3,6,12,5,0,False,False
585,EX+ : Inspection améliorée du raffinement des cristaux de résine,980,1080,164,9,0,100,600,585,751,0,0,584,552,458,0,0,3,6,12,0,0,False,False
586,EX+ : Inspection perfectionnée du raffinement des cristaux de résine,1000,1080,164,9,0,100,450,586,752,0,0,585,553,459,0,0,0,6,12,0,0,False,False
587, Verre multi-usage,1200,2400,150,10,0,100,0,587,753,0,0,0,554,460,0,0,0,1,0,0,1,False,False
588, Élaboration de matériaux de réparation,1200,2400,152,10,0,100,0,588,754,0,0,0,555,461,0,0,0,1,0,0,1,False,False
589, Extraction de ressources à partir du verre,1200,2400,151,10,0,100,0,589,755,0,0,0,556,462,0,0,0,1,0,0,1,False,False
590, Traitement des lentilles pour drones,1200,2400,155,10,0,100,0,590,756,0,0,0,557,463,0,0,0,1,0,0,1,False,False
591, Composants pour ins­tal­la­tions extérieures,1200,2400,156,10,0,100,0,591,757,0,0,0,558,464,0,0,0,1,0,0,1,False,False
592, Matériaux de protection contre les intempéries,1200,2400,158,10,0,100,0,592,758,0,0,0,559,465,0,0,0,1,0,0,1,False,False
593, Verre multi-usage sup­plé­men­tai­re,1200,2400,150,10,0,100,0,593,759,0,0,0,560,466,0,0,0,2,0,0,1,False,False
594, Aide à la fabrication de composants de la station,1200,2400,156,10,0,100,0,594,760,0,0,0,561,467,0,0,0,2,0,0,1,False,False
595, Outils de récolte sup­plé­men­tai­res,1300,3000,153,10,0,100,0,595,761,0,0,0,562,468,0,0,3,2,0,0,1,False,False
596, Composants imperméabilisés,700,1500,158,10,0,100,0,596,762,0,0,0,563,469,0,0,3,2,0,0,1,False,False
597, Assemblage de fours pour le traitement du verre,1100,2500,157,10,0,100,0,597,763,0,0,0,564,470,0,0,3,2,0,0,1,False,False
598, Traitement des composants de précision pour drones,1100,2500,155,10,0,100,0,598,764,0,0,0,565,471,0,0,3,2,0,0,1,False,False
599, Installation d'équipements de chauffage,700,1500,159,10,0,100,0,599,765,0,0,0,566,472,0,0,3,2,0,0,1,False,False
600, Élaboration d'éléments temporaires,1600,2400,152,10,0,100,0,600,766,0,0,0,567,473,0,0,0,3,0,0,1,False,False
601, Verre phaennien,1600,2400,150,10,0,100,0,601,767,0,0,0,568,474,0,0,0,3,0,0,1,False,False
602, Extraction de minerais spéciaux,1000,1600,151,10,0,100,0,602,768,0,0,0,569,475,0,0,0,3,0,0,1,False,False
603, Élaboration de lentilles pour le Stellascope,2700,3000,155,10,0,100,0,603,769,0,0,0,570,476,0,0,3,3,0,0,1,False,False
604, Aide à la fabrication de conteneurs résistants aux intempéries,1600,2400,156,10,0,100,0,604,770,0,0,0,571,477,0,0,0,3,0,0,1,False,False
605, Installation d'équipements de bain,2700,3000,159,10,0,100,0,605,771,0,0,0,572,478,0,0,3,3,0,0,1,False,False
606, Nouveaux éléments de protections contre les intempéries,1000,1300,158,10,0,100,0,606,772,0,0,0,573,479,0,0,0,3,0,0,1,False,False
607, Équipements de cuisine de grande taille,1000,1300,153,10,0,100,0,607,773,0,0,0,574,480,0,0,0,3,0,0,1,False,False
608,Verre phaennien sup­plé­men­tai­re,1800,2400,150,10,0,100,0,608,774,0,0,0,575,481,0,0,0,4,0,0,0,False,False
609,Extraction de minerais phaenniens,1800,2400,151,10,0,100,1200,609,775,0,0,0,576,482,0,0,0,4,0,0,0,False,False
610,Élaboration de composants de précision,700,1000,152,10,0,100,0,610,776,0,0,0,577,483,0,0,3,4,0,0,0,False,False
611,Outils d'artisans,700,1000,153,10,0,100,0,611,777,0,0,0,578,484,0,0,3,4,0,0,0,False,False
612,Affinage expérimental d'échan­til­lons d'alliages,2600,3000,154,10,0,100,0,612,778,0,0,0,579,485,0,0,3,4,0,0,0,False,False
613,EX : Traitement de produits artisanaux,2500,3000,155,10,0,100,0,613,779,0,0,0,580,486,0,0,3,5,0,0,0,False,False
614,EX : Matériaux pour cosmo-navettes,2500,3000,156,10,0,100,0,614,780,0,0,0,581,487,0,0,3,5,0,0,0,False,False
615,EX : Assemblage amélioré de fours pour le traitement du verre,800,1050,157,10,0,100,1200,615,781,0,0,0,582,488,0,0,0,5,11,15,0,False,False
616,EX+ : Eléments de protections contre les intempéries sup­plé­men­tai­res,980,1080,158,10,0,100,0,616,782,0,0,0,583,489,0,0,3,6,0,22,0,False,False
617,EX+ : Production augmentée de réservoirs d'énergie,1800,2000,160,10,0,100,540,617,783,0,0,0,584,490,0,0,3,6,0,16,0,False,False
618,Outils de traitement du verre ,2300,3000,161,10,0,100,0,618,784,0,0,0,585,491,0,0,3,4,0,0,0,False,False
619,Amélioration des outils de traitement du verre ,2300,3000,161,10,0,100,0,619,785,0,0,618,586,492,0,0,3,4,0,0,0,False,False
620,EX : Composants pour drones refroidissants,1700,2000,162,10,0,100,0,620,786,0,0,0,587,493,0,0,3,5,0,0,0,False,False
621,EX : Amélioration des composants pour drones refroidissants,600,800,162,10,0,100,0,621,787,0,0,620,588,494,0,0,0,5,0,0,0,False,False
622,EX : Perfectionnement des composants pour drones refroidissants,850,1000,162,10,0,100,1200,622,788,0,0,621,589,495,0,0,3,5,0,0,0,False,False
623,Éléments du Stellascope,1400,2000,163,10,0,100,0,623,789,0,0,0,590,496,0,0,3,4,0,3,0,False,False
624,EX : Amélioration des éléments du Stellascope,850,1000,163,10,0,100,0,624,790,0,0,623,591,497,0,0,3,5,11,0,0,False,False
625,EX+ : Perfectionnement des éléments du Stellascope,1000,1600,163,10,0,100,540,625,791,0,0,624,592,498,0,0,0,6,12,0,0,False,False
626,EX+ : Transformation avancée du verre pseudo-cristallisé,980,1080,164,10,0,100,0,626,792,0,0,0,593,499,0,0,3,6,12,7,0,False,False
627,EX+ : Amélioration de la transformation avancée du verre pseudo-cristallisé,980,1080,164,10,0,100,600,627,793,0,0,626,594,500,0,0,3,6,12,0,0,False,False
628,EX+ : Transformation avancée des produits artisanaux phaenniens,1000,1080,164,10,0,100,450,628,794,0,0,627,595,501,0,0,0,6,12,0,0,False,False
629, Verre multi-usage,1200,2400,150,11,0,100,0,629,795,0,0,0,596,502,0,0,0,1,0,0,1,False,False
630, Élaboration de matériaux de réparation,1200,2400,152,11,0,100,0,630,796,0,0,0,597,503,0,0,0,1,0,0,1,False,False
631, Extraction de ressources à partir du verre,1200,2400,151,11,0,100,0,631,797,0,0,0,598,504,0,0,0,1,0,0,1,False,False
632, Traitement des lentilles pour drones,1200,2400,155,11,0,100,0,632,798,0,0,0,599,505,0,0,0,1,0,0,1,False,False
633, Composants pour ins­tal­la­tions extérieures,1200,2400,156,11,0,100,0,633,799,0,0,0,600,506,0,0,0,1,0,0,1,False,False
634, Matériaux de protection contre les intempéries,1200,2400,158,11,0,100,0,634,800,0,0,0,601,507,0,0,0,1,0,0,1,False,False
635, Verre multi-usage sup­plé­men­tai­re,1200,2400,150,11,0,100,0,635,801,0,0,0,602,508,0,0,0,2,0,0,1,False,False
636, Aide à la fabrication de composants de la station,1200,2400,156,11,0,100,0,636,802,0,0,0,603,509,0,0,0,2,0,0,1,False,False
637, Outils de récolte sup­plé­men­tai­res,1300,3000,153,11,0,100,0,637,803,0,0,0,604,510,0,0,3,2,0,0,1,False,False
638, Composants imperméabilisés,700,1500,158,11,0,100,0,638,804,0,0,0,605,511,0,0,3,2,0,0,1,False,False
639, Assemblage de fours pour le traitement du verre,1100,2500,157,11,0,100,0,639,805,0,0,0,606,512,0,0,3,2,0,0,1,False,False
640, Traitement des composants de précision pour drones,1100,2500,155,11,0,100,0,640,806,0,0,0,607,513,0,0,3,2,0,0,1,False,False
641, Installation d'équipements de chauffage,700,1500,159,11,0,100,0,641,807,0,0,0,608,514,0,0,3,2,0,0,1,False,False
642, Élaboration d'éléments temporaires,1600,2400,152,11,0,100,0,642,808,0,0,0,609,515,0,0,0,3,0,0,1,False,False
643, Verre phaennien,1600,2400,150,11,0,100,0,643,809,0,0,0,610,516,0,0,0,3,0,0,1,False,False
644, Extraction de minerais spéciaux,1000,1600,151,11,0,100,0,644,810,0,0,0,611,517,0,0,0,3,0,0,1,False,False
645, Élaboration de lentilles pour le Stellascope,2700,3000,155,11,0,100,0,645,811,0,0,0,612,518,0,0,3,3,0,0,1,False,False
646, Aide à la fabrication de conteneurs résistants aux intempéries,1600,2400,156,11,0,100,0,646,812,0,0,0,613,519,0,0,0,3,0,0,1,False,False
647, Installation d'équipements de bain,2700,3000,159,11,0,100,0,647,813,0,0,0,614,520,0,0,3,3,0,0,1,False,False
648, Nouveaux éléments de protections contre les intempéries,1000,1300,158,11,0,100,0,648,814,0,0,0,615,521,0,0,0,3,0,0,1,False,False
649, Équipements de cuisine de grande taille,1000,1300,153,11,0,100,0,649,815,0,0,0,616,522,0,0,0,3,0,0,1,False,False
650,Verre phaennien sup­plé­men­tai­re,1800,2400,150,11,0,100,0,650,816,0,0,0,617,523,0,0,0,4,0,0,0,False,False
651,Extraction de minerais phaenniens,1800,2400,151,11,0,100,1200,651,817,0,0,0,618,524,0,0,0,4,0,0,0,False,False
652,Élaboration de composants de précision,700,1000,152,11,0,100,0,652,818,0,0,0,619,525,0,0,3,4,0,0,0,False,False
653,Outils d'artisans,700,1000,153,11,0,100,0,653,819,0,0,0,620,526,0,0,3,4,0,0,0,False,False
654,Affinage expérimental d'échan­til­lons d'alliages,2600,3000,154,11,0,100,0,654,820,0,0,0,621,527,0,0,3,4,0,0,0,False,False
655,EX : Traitement de produits artisanaux,2500,3000,155,11,0,100,0,655,821,0,0,0,622,528,0,0,3,5,0,0,0,False,False
656,EX : Matériaux pour cosmo-navettes,2500,3000,156,11,0,100,0,656,822,0,0,0,623,529,0,0,3,5,0,0,0,False,False
657,EX : Assemblage de réchauds d'urgence,800,1050,157,11,0,100,1200,657,823,0,0,0,624,530,0,0,0,5,11,16,0,False,False
658,EX+ : Eléments de protections contre les intempéries sup­plé­men­tai­res,980,1080,158,11,0,100,0,658,824,0,0,0,625,531,0,0,3,6,0,17,0,False,False
659,EX+ : Production augmentée de réservoirs d'énergie,1800,2000,160,11,0,100,540,659,825,0,0,0,626,532,0,0,3,6,0,15,0,False,False
660,Outils de traitement du verre ,2300,3000,161,11,0,100,0,660,826,0,0,0,627,533,0,0,3,4,0,0,0,False,False
661,Amélioration des outils de traitement du verre ,2300,3000,161,11,0,100,0,661,827,0,0,660,628,534,0,0,3,4,0,0,0,False,False
662,EX : Composants pour drones refroidissants,1700,2000,162,11,0,100,0,662,828,0,0,0,629,535,0,0,3,5,0,0,0,False,False
663,EX : Amélioration des composants pour drones refroidissants,600,800,162,11,0,100,0,663,829,0,0,662,630,536,0,0,0,5,0,0,0,False,False
664,EX : Perfectionnement des composants pour drones refroidissants,850,1000,162,11,0,100,1200,664,830,0,0,663,631,537,0,0,3,5,0,0,0,False,False
665,Éléments du Stellascope,1400,2000,163,11,0,100,0,665,831,0,0,0,632,538,0,0,3,4,0,5,0,False,False
666,EX : Amélioration des éléments du Stellascope,850,1000,163,11,0,100,0,666,832,0,0,665,633,539,0,0,3,5,11,0,0,False,False
667,EX+ : Perfectionnement des éléments du Stellascope,1000,1600,163,11,0,100,540,667,833,0,0,666,634,540,0,0,0,6,12,0,0,False,False
668,EX+ : Transformation avancée du verre pseudo-cristallisé,980,1080,164,11,0,100,0,668,834,0,0,0,635,541,0,0,3,6,12,9,0,False,False
669,EX+ : Amélioration de la transformation avancée du verre pseudo-cristallisé,980,1080,164,11,0,100,600,669,835,0,0,668,636,542,0,0,3,6,12,0,0,False,False
670,EX+ : Transformation avancée des produits artisanaux phaenniens,1000,1080,164,11,0,100,450,670,836,0,0,669,637,543,0,0,0,6,12,0,0,False,False
671, Verre multi-usage,1200,2400,150,12,0,100,0,671,837,0,0,0,638,544,0,0,0,1,0,0,1,False,False
672, Élaboration de matériaux de réparation,1200,2400,152,12,0,100,0,672,838,0,0,0,639,545,0,0,0,1,0,0,1,False,False
673, Extraction de ressources à partir du verre,1200,2400,151,12,0,100,0,673,839,0,0,0,640,546,0,0,0,1,0,0,1,False,False
674, Traitement des lentilles pour drones,1200,2400,155,12,0,100,0,674,840,0,0,0,641,547,0,0,0,1,0,0,1,False,False
675, Composants pour ins­tal­la­tions extérieures,1200,2400,156,12,0,100,0,675,841,0,0,0,642,548,0,0,0,1,0,0,1,False,False
676, Matériaux de protection contre les intempéries,1200,2400,158,12,0,100,0,676,842,0,0,0,643,549,0,0,0,1,0,0,1,False,False
677, Verre multi-usage sup­plé­men­tai­re,1200,2400,150,12,0,100,0,677,843,0,0,0,644,550,0,0,0,2,0,0,1,False,False
678, Aide à la fabrication de composants de la station,1200,2400,156,12,0,100,0,678,844,0,0,0,645,551,0,0,0,2,0,0,1,False,False
679, Outils de récolte sup­plé­men­tai­res,1300,3000,153,12,0,100,0,679,845,0,0,0,646,552,0,0,3,2,0,0,1,False,False
680, Composants imperméabilisés,700,1500,158,12,0,100,0,680,846,0,0,0,647,553,0,0,3,2,0,0,1,False,False
681, Assemblage de fours pour le traitement du verre,1100,2500,157,12,0,100,0,681,847,0,0,0,648,554,0,0,3,2,0,0,1,False,False
682, Traitement des composants de précision pour drones,1100,2500,155,12,0,100,0,682,848,0,0,0,649,555,0,0,3,2,0,0,1,False,False
683, Installation d'équipements de chauffage,700,1500,159,12,0,100,0,683,849,0,0,0,650,556,0,0,3,2,0,0,1,False,False
684, Élaboration d'éléments temporaires,1600,2400,152,12,0,100,0,684,850,0,0,0,651,557,0,0,0,3,0,0,1,False,False
685, Verre phaennien,1600,2400,150,12,0,100,0,685,851,0,0,0,652,558,0,0,0,3,0,0,1,False,False
686, Extraction de minerais spéciaux,1000,1600,151,12,0,100,0,686,852,0,0,0,653,559,0,0,0,3,0,0,1,False,False
687, Élaboration de lentilles pour le Stellascope,2700,3000,155,12,0,100,0,687,853,0,0,0,654,560,0,0,3,3,0,0,1,False,False
688, Aide à la fabrication de conteneurs résistants aux intempéries,1600,2400,156,12,0,100,0,688,854,0,0,0,655,561,0,0,0,3,0,0,1,False,False
689, Installation d'équipements de bain,2700,3000,159,12,0,100,0,689,855,0,0,0,656,562,0,0,3,3,0,0,1,False,False
690, Nouveaux éléments de protections contre les intempéries,1000,1300,158,12,0,100,0,690,856,0,0,0,657,563,0,0,0,3,0,0,1,False,False
691, Équipements de cuisine de grande taille,1000,1300,153,12,0,100,0,691,857,0,0,0,658,564,0,0,0,3,0,0,1,False,False
692,Verre phaennien sup­plé­men­tai­re,1800,2400,150,12,0,100,0,692,858,0,0,0,659,565,0,0,0,4,0,0,0,False,False
693,Extraction de minerais phaenniens,1800,2400,151,12,0,100,1200,693,859,0,0,0,660,566,0,0,0,4,0,0,0,False,False
694,Élaboration de composants de précision,700,1000,152,12,0,100,0,694,860,0,0,0,661,567,0,0,3,4,0,0,0,False,False
695,Outils d'artisans,700,1000,153,12,0,100,0,695,861,0,0,0,662,568,0,0,3,4,0,0,0,False,False
696,Affinage expérimental d'échan­til­lons d'alliages,2600,3000,154,12,0,100,0,696,862,0,0,0,663,569,0,0,3,4,0,0,0,False,False
697,EX : Traitement de produits artisanaux,2500,3000,155,12,0,100,0,697,863,0,0,0,664,570,0,0,3,5,0,0,0,False,False
698,EX : Matériaux pour cosmo-navettes,2500,3000,156,12,0,100,0,698,864,0,0,0,665,571,0,0,3,5,0,0,0,False,False
699,EX : Assemblage de fours d'urgence,800,1050,157,12,0,100,1200,699,865,0,0,0,666,572,0,0,0,5,11,15,0,False,False
700,EX+ : Eléments de protections contre les intempéries sup­plé­men­tai­res,980,1080,158,12,0,100,0,700,866,0,0,0,667,573,0,0,3,6,0,18,0,False,False
701,EX+ : Production augmentée de réservoirs d'énergie,1800,2000,160,12,0,100,540,701,867,0,0,0,668,574,0,0,3,6,0,16,0,False,False
702,Outils de traitement du verre ,2300,3000,161,12,0,100,0,702,868,0,0,0,669,575,0,0,3,4,0,0,0,False,False
703,Amélioration des outils de traitement du verre ,2300,3000,161,12,0,100,0,703,869,0,0,702,670,576,0,0,3,4,0,0,0,False,False
704,EX : Composants pour drones refroidissants,1700,2000,162,12,0,100,0,704,870,0,0,0,671,577,0,0,3,5,0,0,0,False,False
705,EX : Amélioration des composants pour drones refroidissants,600,800,162,12,0,100,0,705,871,0,0,704,672,578,0,0,0,5,0,0,0,False,False
706,EX : Perfectionnement des composants pour drones refroidissants,850,1000,162,12,0,100,1200,706,872,0,0,705,673,579,0,0,3,5,0,0,0,False,False
707,Éléments du Stellascope,1400,2000,163,12,0,100,0,707,873,0,0,0,674,580,0,0,3,4,0,7,0,False,False
708,EX : Amélioration des éléments du Stellascope,850,1000,163,12,0,100,0,708,874,0,0,707,675,581,0,0,3,5,11,0,0,False,False
709,EX+ : Perfectionnement des éléments du Stellascope,1000,1600,163,12,0,100,540,709,875,0,0,708,676,582,0,0,0,6,12,0,0,False,False
710,EX+ : Transformation avancée du verre pseudo-cristallisé,980,1080,164,12,0,100,0,710,876,0,0,0,677,583,0,0,3,6,12,11,0,False,False
711,EX+ : Amélioration de la transformation avancée du verre pseudo-cristallisé,980,1080,164,12,0,100,600,711,877,0,0,710,678,584,0,0,3,6,12,0,0,False,False
712,EX+ : Transformation avancée des produits artisanaux phaenniens,1000,1080,164,12,0,100,450,712,878,0,0,711,679,585,0,0,0,6,12,0,0,False,False
713, Verre multi-usage,1200,2400,165,13,0,100,0,713,879,0,0,0,680,586,0,0,0,1,0,0,1,False,False
714, Matériaux de tente renforcée,1200,2400,166,13,0,100,0,714,880,0,0,0,681,587,0,0,0,1,0,0,1,False,False
715, Essai de traitement de matières spéciales,1200,2400,167,13,0,100,0,715,881,0,0,0,682,588,0,0,0,1,0,0,1,False,False
716, Mise en pratique de ressources renouvelables,1200,2400,168,13,0,100,0,716,882,0,0,0,683,589,0,0,0,1,0,0,1,False,False
717, Tentes pour hébergement,1200,2400,169,13,0,100,0,717,883,0,0,0,684,590,0,0,0,1,0,0,1,False,False
718, Recherche sur les traitements de pseudo-plantes,1200,2400,170,13,0,100,0,718,884,0,0,0,685,591,0,0,0,1,0,0,1,False,False
719, Verre multi-usage sup­plé­men­tai­re,1200,2400,165,13,0,100,0,719,885,0,0,0,686,592,0,0,0,2,0,0,1,False,False
720, Matériaux de tente traitée contre le froid,1200,2400,166,13,0,100,0,720,886,0,0,0,687,593,0,0,0,2,0,0,1,False,False
721, Essai amélioré de traitement de matières spéciales,1300,3000,167,13,0,100,0,721,887,0,0,0,688,594,0,0,3,2,0,0,1,False,False
722, Mise en pratique améliorée de ressources renouvelables,700,1500,168,13,0,100,0,722,888,0,0,0,689,595,0,0,3,2,0,0,1,False,False
723, Tente traitée contre le froid,1100,2500,169,13,0,100,0,723,889,0,0,0,690,596,0,0,3,2,0,0,1,False,False
724, Recherches améliorées sur les traitements de pseudo-plantes,1100,2500,170,13,0,100,0,724,890,0,0,0,691,597,0,0,3,2,0,0,1,False,False
725, Approvisionnement d'outils d'artisanat,700,1500,171,13,0,100,0,725,891,0,0,0,692,598,0,0,3,2,0,0,1,False,False
726, Essai de traitement haut niveau de matières spéciales,1600,2400,167,13,0,100,0,726,892,0,0,0,693,599,0,0,0,3,0,0,1,False,False
727, Fibres de verre,1600,2400,165,13,0,100,0,727,893,0,0,0,694,600,0,0,0,3,0,0,1,False,False
728, Matériaux de tente traitée contre la chaleur,1000,1600,166,13,0,100,0,728,894,0,0,0,695,601,0,0,0,3,0,0,1,False,False
729, Mise en pratique efficace de ressources renouvelables,2700,3000,168,13,0,100,0,729,895,0,0,0,696,602,0,0,3,3,0,0,1,False,False
730, Tente traitée contre la chaleur,1600,2400,169,13,0,100,0,730,896,0,0,0,697,603,0,0,0,3,0,0,1,False,False
731, Recherche sur les traitements de pseudo-plantes solides,2700,3000,170,13,0,100,0,731,897,0,0,0,698,604,0,0,3,3,0,0,1,False,False
732, Amélioration d'outils d'artisanat,1000,1300,171,13,0,100,0,732,898,0,0,0,699,605,0,0,0,3,0,0,1,False,False
733, Literie pour habitation,1000,1300,172,13,0,100,0,733,899,0,0,0,700,606,0,0,0,3,0,0,1,False,False
734,Fibres de verre sup­plé­men­tai­res,1800,2400,165,13,0,100,0,734,900,0,0,0,701,607,0,0,0,4,0,0,0,False,False
735,Essai amélioré de traitement haut niveau de matières spéciales,1800,2400,167,13,0,100,1200,735,901,0,0,0,702,608,0,0,0,4,0,0,0,False,False
736,Matériaux pour renforcement de tente,700,1000,166,13,0,100,0,736,902,0,0,0,703,609,0,0,3,4,0,0,0,False,False
737,Mise en pratique efficace améliorée de ressources renouvelables,700,1000,168,13,0,100,0,737,903,0,0,0,704,610,0,0,3,4,0,0,0,False,False
738,Recherches sur l'utilité des ressources de Phaenna,2600,3000,173,13,0,100,0,738,904,0,0,0,705,611,0,0,3,4,0,0,0,False,False
739,EX : Équipements pour activités en extérieur,2500,3000,169,13,0,100,0,739,905,0,0,0,706,612,0,0,3,5,0,0,0,False,False
740,EX : Équipements d'exploration renforcés,2500,3000,171,13,0,100,0,740,906,0,0,0,707,613,0,0,3,5,0,0,0,False,False
741,EX : Caisses de rangement pour transport spatial,800,1050,174,13,0,100,1200,741,907,0,0,0,708,614,0,0,0,5,11,16,0,False,False
742,EX+ : Aide à la con­struc­tion d'un lieu de stockage provisoire,980,1080,175,13,0,100,0,742,908,0,0,0,709,615,0,0,3,6,0,19,0,False,False
743,EX+ : Literie ultraperformante,1800,2000,172,13,0,100,540,743,909,0,0,0,710,616,0,0,3,6,0,15,0,False,False
744,Production de masse d'équipements pour l'exploration de Phaenna,2300,3000,176,13,0,100,0,744,910,0,0,0,711,617,0,0,3,4,0,0,0,False,False
745,Nouvelle production de masse d'équipements pour l'exploration de Phaenna,2300,3000,176,13,0,100,0,745,911,0,0,744,712,618,0,0,3,4,0,0,0,False,False
746,EX : Ouvrages artisanaux pour le Conseil,1700,2000,177,13,0,100,0,746,912,0,0,0,713,619,0,0,3,5,0,0,0,False,False
747,EX : Ouvrages artisanaux améliorés pour le Conseil,600,800,177,13,0,100,0,747,913,0,0,746,714,620,0,0,0,5,0,0,0,False,False
748,EX : Ouvrages artisanaux perfectionnés pour le Conseil,850,1000,177,13,0,100,1200,748,914,0,0,747,715,621,0,0,3,5,0,0,0,False,False
749,Plan d'amélioration des habitations,1400,2000,178,13,0,100,0,749,915,0,0,0,716,622,0,0,3,4,0,9,0,False,False
750,EX : Suite du plan d'amélioration des habitations,850,1000,178,13,0,100,0,750,916,0,0,749,717,623,0,0,3,5,11,0,0,False,False
751,EX+ : Fin du plan d'amélioration des habitations,1000,1600,178,13,0,100,540,751,917,0,0,750,718,624,0,0,0,6,12,0,0,False,False
752,EX+ : Préparation de com­bi­nai­sons de pilote,980,1080,164,13,0,100,0,752,918,0,0,0,719,625,0,0,3,6,12,1,0,False,False
753,EX+ : Amélioration de com­bi­nai­sons de pilote,980,1080,164,13,0,100,600,753,919,0,0,752,720,626,0,0,3,6,12,0,0,False,False
754,EX+ : Perfectionnement de com­bi­nai­sons de pilote,1000,1080,164,13,0,100,450,754,920,0,0,753,721,627,0,0,0,6,12,0,0,False,False
755, Verre multi-usage,1200,2400,165,14,0,100,0,755,921,0,0,0,722,628,0,0,0,1,0,0,1,False,False
756, Matériaux de tente renforcée,1200,2400,166,14,0,100,0,756,922,0,0,0,723,629,0,0,0,1,0,0,1,False,False
757, Essai de traitement de matières spéciales,1200,2400,167,14,0,100,0,757,923,0,0,0,724,630,0,0,0,1,0,0,1,False,False
758, Mise en pratique de ressources renouvelables,1200,2400,168,14,0,100,0,758,924,0,0,0,725,631,0,0,0,1,0,0,1,False,False
759, Tentes pour hébergement,1200,2400,169,14,0,100,0,759,925,0,0,0,726,632,0,0,0,1,0,0,1,False,False
760, Recherche sur les traitements de pseudo-plantes,1200,2400,170,14,0,100,0,760,926,0,0,0,727,633,0,0,0,1,0,0,1,False,False
761, Verre multi-usage sup­plé­men­tai­re,1200,2400,165,14,0,100,0,761,927,0,0,0,728,634,0,0,0,2,0,0,1,False,False
762, Matériaux de tente traitée contre le froid,1200,2400,166,14,0,100,0,762,928,0,0,0,729,635,0,0,0,2,0,0,1,False,False
763, Essai amélioré de traitement de matières spéciales,1300,3000,167,14,0,100,0,763,929,0,0,0,730,636,0,0,3,2,0,0,1,False,False
764, Mise en pratique améliorée de ressources renouvelables,700,1500,168,14,0,100,0,764,930,0,0,0,731,637,0,0,3,2,0,0,1,False,False
765, Tente traitée contre le froid,1100,2500,169,14,0,100,0,765,931,0,0,0,732,638,0,0,3,2,0,0,1,False,False
766, Recherches améliorées sur les traitements de pseudo-plantes,1100,2500,170,14,0,100,0,766,932,0,0,0,733,639,0,0,3,2,0,0,1,False,False
767, Approvisionnement d'outils d'artisanat,700,1500,171,14,0,100,0,767,933,0,0,0,734,640,0,0,3,2,0,0,1,False,False
768, Essai de traitement haut niveau de matières spéciales,1600,2400,167,14,0,100,0,768,934,0,0,0,735,641,0,0,0,3,0,0,1,False,False
769, Fibres de verre,1600,2400,165,14,0,100,0,769,935,0,0,0,736,642,0,0,0,3,0,0,1,False,False
770, Matériaux de tente traitée contre la chaleur,1000,1600,166,14,0,100,0,770,936,0,0,0,737,643,0,0,0,3,0,0,1,False,False
771, Mise en pratique efficace de ressources renouvelables,2700,3000,168,14,0,100,0,771,937,0,0,0,738,644,0,0,3,3,0,0,1,False,False
772, Tente traitée contre la chaleur,1600,2400,169,14,0,100,0,772,938,0,0,0,739,645,0,0,0,3,0,0,1,False,False
773, Recherche sur les traitements de pseudo-plantes solides,2700,3000,170,14,0,100,0,773,939,0,0,0,740,646,0,0,3,3,0,0,1,False,False
774, Amélioration d'outils d'artisanat,1000,1300,171,14,0,100,0,774,940,0,0,0,741,647,0,0,0,3,0,0,1,False,False
775, Literie pour habitation,1000,1300,172,14,0,100,0,775,941,0,0,0,742,648,0,0,0,3,0,0,1,False,False
776,Fibres de verre sup­plé­men­tai­res,1800,2400,165,14,0,100,0,776,942,0,0,0,743,649,0,0,0,4,0,0,0,False,False
777,Essai amélioré de traitement haut niveau de matières spéciales,1800,2400,167,14,0,100,1200,777,943,0,0,0,744,650,0,0,0,4,0,0,0,False,False
778,Matériaux pour renforcement de tente,700,1000,166,14,0,100,0,778,944,0,0,0,745,651,0,0,3,4,0,0,0,False,False
779,Mise en pratique efficace améliorée de ressources renouvelables,700,1000,168,14,0,100,0,779,945,0,0,0,746,652,0,0,3,4,0,0,0,False,False
780,Recherches sur l'utilité des ressources de Phaenna,2600,3000,173,14,0,100,0,780,946,0,0,0,747,653,0,0,3,4,0,0,0,False,False
781,EX : Équipements pour activités en extérieur,2500,3000,169,14,0,100,0,781,947,0,0,0,748,654,0,0,3,5,0,0,0,False,False
782,EX : Équipements d'exploration thermorésistants,2500,3000,171,14,0,100,0,782,948,0,0,0,749,655,0,0,3,5,0,0,0,False,False
783,EX : Caisses de rangement pour transport spatial,800,1050,174,14,0,100,1200,783,949,0,0,0,750,656,0,0,0,5,11,15,0,False,False
784,EX+ : Aide à la con­struc­tion d'un lieu de stockage provisoire,980,1080,175,14,0,100,0,784,950,0,0,0,751,657,0,0,3,6,0,20,0,False,False
785,EX+ : Literie ultraperformante,1800,2000,172,14,0,100,540,785,951,0,0,0,752,658,0,0,3,6,0,16,0,False,False
786,Production de masse d'équipements pour l'exploration de Phaenna,2300,3000,176,14,0,100,0,786,952,0,0,0,753,659,0,0,3,4,0,0,0,False,False
787,Nouvelle production de masse d'équipements pour l'exploration de Phaenna,2300,3000,176,14,0,100,0,787,953,0,0,786,754,660,0,0,3,4,0,0,0,False,False
788,EX : Ouvrages artisanaux pour le Conseil,1700,2000,177,14,0,100,0,788,954,0,0,0,755,661,0,0,3,5,0,0,0,False,False
789,EX : Ouvrages artisanaux améliorés pour le Conseil,600,800,177,14,0,100,0,789,955,0,0,788,756,662,0,0,0,5,0,0,0,False,False
790,EX : Ouvrages artisanaux perfectionnés pour le Conseil,850,1000,177,14,0,100,1200,790,956,0,0,789,757,663,0,0,3,5,0,0,0,False,False
791,Plan d'amélioration des habitations,1400,2000,178,14,0,100,0,791,957,0,0,0,758,664,0,0,3,4,0,11,0,False,False
792,EX : Suite du plan d'amélioration des habitations,850,1000,178,14,0,100,0,792,958,0,0,791,759,665,0,0,3,5,11,0,0,False,False
793,EX+ : Fin du plan d'amélioration des habitations,1000,1600,178,14,0,100,540,793,959,0,0,792,760,666,0,0,0,6,12,0,0,False,False
794,EX+ : Tenue de capitaine,980,1080,164,14,0,100,0,794,960,0,0,0,761,667,0,0,3,6,12,3,0,False,False
795,EX+ : Amélioration de la tenue de capitaine,980,1080,164,14,0,100,600,795,961,0,0,794,762,668,0,0,3,6,12,0,0,False,False
796,EX+ : Perfectionnement de la tenue de capitaine,1000,1080,164,14,0,100,450,796,962,0,0,795,763,669,0,0,0,6,12,0,0,False,False
797, Matériaux multi-usage,1200,2400,180,15,0,100,0,797,963,0,0,0,764,670,0,0,0,1,0,0,1,False,False
798, Accompagnement pour sagepain,1200,2400,181,15,0,100,0,798,964,0,0,0,765,671,0,0,0,1,0,0,1,False,False
799, Rations d'urgence,1200,2400,182,15,0,100,0,799,965,0,0,0,766,672,0,0,0,1,0,0,1,False,False
800, Levures expérimentales,1200,2400,183,15,0,100,0,800,966,0,0,0,767,673,0,0,0,1,0,0,1,False,False
801, Préparation basique d'aliments de culture,1200,2400,184,15,0,100,0,801,967,0,0,0,768,674,0,0,0,1,0,0,1,False,False
802, Support de la pisciculture,1200,2400,185,15,0,100,0,802,968,0,0,0,769,675,0,0,0,1,0,0,1,False,False
803, Matériaux multi-usage sup­plé­men­tai­res,1200,2400,180,15,0,100,0,803,969,0,0,0,770,676,0,0,0,2,0,0,1,False,False
804, Accompagnement amélioré de sagepain,1200,2400,181,15,0,100,0,804,970,0,0,0,771,677,0,0,0,2,0,0,1,False,False
805, Amélioration de levures expérimentales,1300,3000,183,15,0,100,0,805,971,0,0,0,772,678,0,0,3,2,0,0,1,False,False
806, Rations de grande capacité,700,1500,182,15,0,100,0,806,972,0,0,0,773,679,0,0,3,2,0,0,1,False,False
807, Préparation pratique d'aliments de culture,1100,2500,184,15,0,100,0,807,973,0,0,0,774,680,0,0,3,2,0,0,1,False,False
808, Support amélioré de la pisciculture,1100,2500,185,15,0,100,0,808,974,0,0,0,775,681,0,0,3,2,0,0,1,False,False
809, Extraction d'huile de pseudo-plantes,700,1500,186,15,0,100,0,809,975,0,0,0,776,682,0,0,3,2,0,0,1,False,False
810, Sagepain raffiné,1600,2400,181,15,0,100,0,810,976,0,0,0,777,683,0,0,0,3,0,0,1,False,False
811, Matériaux résistants à la chaleur,1600,2400,180,15,0,100,0,811,977,0,0,0,778,684,0,0,0,3,0,0,1,False,False
812, Rations peu grasses,1000,1600,182,15,0,100,0,812,978,0,0,0,779,685,0,0,0,3,0,0,1,False,False
813, Levures raffinées,2700,3000,183,15,0,100,0,813,979,0,0,0,780,686,0,0,3,3,0,0,1,False,False
814, Préparation améliorée d'aliments de culture,1600,2400,184,15,0,100,0,814,980,0,0,0,781,687,0,0,0,3,0,0,1,False,False
815, Préparatifs de la fête de mi-projet,2700,3000,187,15,0,100,0,815,981,0,0,0,782,688,0,0,3,3,0,0,1,False,False
816, Support de la pisciculture spécialisée,1000,1300,185,15,0,100,0,816,982,0,0,0,783,689,0,0,0,3,0,0,1,False,False
817, Extraction améliorée d'huile de pseudo-plantes,1000,1300,186,15,0,100,0,817,983,0,0,0,784,690,0,0,0,3,0,0,1,False,False
818,Amélioration de sagepain raffiné,1800,2400,181,15,0,100,0,818,984,0,0,0,785,691,0,0,0,4,0,0,0,False,False
819,Matériaux résistants à la chaleur sup­plé­men­tai­res,1800,2400,180,15,0,100,1200,819,985,0,0,0,786,692,0,0,0,4,0,0,0,False,False
820,Rations fonctionnelles,700,1000,182,15,0,100,0,820,986,0,0,0,787,693,0,0,3,4,0,0,0,False,False
821,Amélioration de levures raffinées,700,1000,183,15,0,100,0,821,987,0,0,0,788,694,0,0,3,4,0,0,0,False,False
822,Support amélioré de la pisciculture spécialisée,2600,3000,185,15,0,100,0,822,988,0,0,0,789,695,0,0,3,4,0,0,0,False,False
823,EX : Préparation automatisée d'aliments de culture,2500,3000,184,15,0,100,0,823,989,0,0,0,790,696,0,0,3,5,0,0,0,False,False
824,EX : Douceurs phaeniennes,2500,3000,188,15,0,100,0,824,990,0,0,0,791,697,0,0,3,5,0,0,0,False,False
825,EX : Extraction perfectionnée d'huile de pseudo-plantes,800,1050,186,15,0,100,1200,825,991,0,0,0,792,698,0,0,0,5,11,16,0,False,False
826,EX+ : Transformation de produits laitiers,980,1080,189,15,0,100,0,826,992,0,0,0,793,699,0,0,3,6,0,21,0,False,False
827,EX+ : Application de cultures expérimentales,1800,2000,190,15,0,100,540,827,993,0,0,0,794,700,0,0,3,6,0,15,0,False,False
828,Articles de gra­ti­fi­ca­tion,2300,3000,191,15,0,100,0,828,994,0,0,0,795,701,0,0,3,4,0,0,0,False,False
829,Amélioration d'articles de gra­ti­fi­ca­tion,2300,3000,191,15,0,100,0,829,995,0,0,828,796,702,0,0,3,4,0,0,0,False,False
830,EX : Préparatifs de la fête de fin de projet,1700,2000,192,15,0,100,0,830,996,0,0,0,797,703,0,0,3,5,0,0,0,False,False
831,EX : Suite des préparatifs de la fête de fin de projet,600,800,192,15,0,100,0,831,997,0,0,830,798,704,0,0,0,5,0,0,0,False,False
832,EX : Fin des préparatifs de la fête de fin de projet,850,1000,192,15,0,100,1200,832,998,0,0,831,799,705,0,0,3,5,0,0,0,False,False
833,Aliments nutritifs,1400,2000,193,15,0,100,0,833,999,0,0,0,800,706,0,0,3,4,0,1,0,False,False
834,EX : Amélioration d'aliments nutritifs,850,1000,193,15,0,100,0,834,1000,0,0,833,801,707,0,0,3,5,11,0,0,False,False
835,EX+ : Perfectionnement d'aliments nutritifs,1000,1600,193,15,0,100,540,835,1001,0,0,834,802,708,0,0,0,6,12,0,0,False,False
836,EX+ : Matériaux de con­struc­tion cosmique,980,1080,164,15,0,100,0,836,1002,0,0,0,803,709,0,0,3,6,12,5,0,False,False
837,EX+ : Amélioration de matériaux de con­struc­tion cosmique,980,1080,164,15,0,100,600,837,1003,0,0,836,804,710,0,0,3,6,12,0,0,False,False
838,EX+ : Perfectionnement de matériaux de con­struc­tion cosmique,1000,1080,164,15,0,100,450,838,1004,0,0,837,805,711,0,0,0,6,12,0,0,False,False
839, Lubrifiant résiduel,1200,2400,180,16,0,100,0,839,1005,0,0,0,806,712,0,0,0,1,0,0,1,False,False
840, Accompagnement pour sagepain,1200,2400,181,16,0,100,0,840,1006,0,0,0,807,713,0,0,0,1,0,0,1,False,False
841, Rations longue conservation,1200,2400,182,16,0,100,0,841,1007,0,0,0,808,714,0,0,0,1,0,0,1,False,False
842, Levures expérimentales,1200,2400,183,16,0,100,0,842,1008,0,0,0,809,715,0,0,0,1,0,0,1,False,False
843, Préparation basique d'aliments de culture,1200,2400,184,16,0,100,0,843,1009,0,0,0,810,716,0,0,0,1,0,0,1,False,False
844, Support de la pisciculture,1200,2400,185,16,0,100,0,844,1010,0,0,0,811,717,0,0,0,1,0,0,1,False,False
845, Lubrifiant résistant aux intempéries,1200,2400,180,16,0,100,0,845,1011,0,0,0,812,718,0,0,0,2,0,0,1,False,False
846, Accompagnement amélioré de sagepain,1200,2400,181,16,0,100,0,846,1012,0,0,0,813,719,0,0,0,2,0,0,1,False,False
847, Amélioration de levures expérimentales,1300,3000,183,16,0,100,0,847,1013,0,0,0,814,720,0,0,3,2,0,0,1,False,False
848, Production massive de rations longue conservation,700,1500,182,16,0,100,0,848,1014,0,0,0,815,721,0,0,3,2,0,0,1,False,False
849, Préparation pratique d'aliments de culture,1100,2500,184,16,0,100,0,849,1015,0,0,0,816,722,0,0,3,2,0,0,1,False,False
850, Support amélioré de la pisciculture,1100,2500,185,16,0,100,0,850,1016,0,0,0,817,723,0,0,3,2,0,0,1,False,False
851, Extraction d'huile de pseudo-plantes,700,1500,186,16,0,100,0,851,1017,0,0,0,818,724,0,0,3,2,0,0,1,False,False
852, Sagepain raffiné,1600,2400,181,16,0,100,0,852,1018,0,0,0,819,725,0,0,0,3,0,0,1,False,False
853, Réserves de lubrifiant résistant aux intempéries,1600,2400,180,16,0,100,0,853,1019,0,0,0,820,726,0,0,0,3,0,0,1,False,False
854, Rations pour base d'exploration,1000,1600,182,16,0,100,0,854,1020,0,0,0,821,727,0,0,0,3,0,0,1,False,False
855, Levures raffinées,2700,3000,183,16,0,100,0,855,1021,0,0,0,822,728,0,0,3,3,0,0,1,False,False
856, Préparation améliorée d'aliments de culture,1600,2400,184,16,0,100,0,856,1022,0,0,0,823,729,0,0,0,3,0,0,1,False,False
857, Préparatifs de la fête de mi-projet,2700,3000,187,16,0,100,0,857,1023,0,0,0,824,730,0,0,3,3,0,0,1,False,False
858, Support de la pisciculture spécialisée,1000,1300,185,16,0,100,0,858,1024,0,0,0,825,731,0,0,0,3,0,0,1,False,False
859, Extraction améliorée d'huile de pseudo-plantes,1000,1300,186,16,0,100,0,859,1025,0,0,0,826,732,0,0,0,3,0,0,1,False,False
860,Amélioration de sagepain raffiné,1800,2400,181,16,0,100,0,860,1026,0,0,0,827,733,0,0,0,4,0,0,0,False,False
861,Lubrifiant pour machines de précision,1800,2400,180,16,0,100,1200,861,1027,0,0,0,828,734,0,0,0,4,0,0,0,False,False
862,Aliments longue conservation résistants aux intempéries,700,1000,182,16,0,100,0,862,1028,0,0,0,829,735,0,0,3,4,0,0,0,False,False
863,Amélioration de levures raffinées,700,1000,183,16,0,100,0,863,1029,0,0,0,830,736,0,0,3,4,0,0,0,False,False
864,Support amélioré de la pisciculture spécialisée,2600,3000,185,16,0,100,0,864,1030,0,0,0,831,737,0,0,3,4,0,0,0,False,False
865,EX : Préparation automatisée d'aliments de culture,2500,3000,184,16,0,100,0,865,1031,0,0,0,832,738,0,0,3,5,0,0,0,False,False
866,EX : Douceurs pour la fête de fin de projet,2500,3000,188,16,0,100,0,866,1032,0,0,0,833,739,0,0,3,5,0,0,0,False,False
867,EX : Extraction pour pseudo-café,800,1050,186,16,0,100,1200,867,1033,0,0,0,834,740,0,0,0,5,11,15,0,False,False
868,EX+ : Transformation de produits laitiers,980,1080,189,16,0,100,0,868,1034,0,0,0,835,741,0,0,3,6,0,22,0,False,False
869,EX+ : Application de cultures expérimentales,1800,2000,190,16,0,100,540,869,1035,0,0,0,836,742,0,0,3,6,0,16,0,False,False
870,Articles de gra­ti­fi­ca­tion,2300,3000,191,16,0,100,0,870,1036,0,0,0,837,743,0,0,3,4,0,0,0,False,False
871,Amélioration d'articles de gra­ti­fi­ca­tion,2300,3000,191,16,0,100,0,871,1037,0,0,870,838,744,0,0,3,4,0,0,0,False,False
872,EX : Desserts pour la fête de fin de projet,1700,2000,192,16,0,100,0,872,1038,0,0,0,839,745,0,0,3,5,0,0,0,False,False
873,EX : Amélioration des desserts pour la fête de fin de projet,600,800,192,16,0,100,0,873,1039,0,0,872,840,746,0,0,0,5,0,0,0,False,False
874,EX : Perfectionnement des desserts pour la fête de fin de projet,850,1000,192,16,0,100,1200,874,1040,0,0,873,841,747,0,0,3,5,0,0,0,False,False
875,Aliments d'urgence,1400,2000,193,16,0,100,0,875,1041,0,0,0,842,748,0,0,3,4,0,3,0,False,False
876,EX : Aliments pour nuits blanches,850,1000,193,16,0,100,0,876,1042,0,0,875,843,749,0,0,3,5,11,0,0,False,False
877,EX+ : Plateaux de suppléments alimentaires,1000,1600,193,16,0,100,540,877,1043,0,0,876,844,750,0,0,0,6,12,0,0,False,False
878,EX+ : Aliments nutritifs complets,980,1080,164,16,0,100,0,878,1044,0,0,0,845,751,0,0,3,6,12,7,0,False,False
879,EX+ : Amélioration d'aliments nutritifs complets,980,1080,164,16,0,100,600,879,1045,0,0,878,846,752,0,0,3,6,12,0,0,False,False
880,EX+ : Perfectionnement d'aliments nutritifs complets,1000,1080,164,16,0,100,450,880,1046,0,0,879,847,753,0,0,0,6,12,0,0,False,False
881, Étude géologique des alentours de la station,1550,1700,195,17,0,100,600,881,585,0,0,0,0,0,5309,0,0,1,0,0,1,False,False
882, Inspection d'itinéraire pour les machines,4920,5020,197,17,0,100,600,882,586,0,0,0,0,0,5309,0,0,1,0,0,1,False,False
883, Étude des ressources de Phaenna,1550,1700,198,17,0,100,600,883,587,0,0,0,0,0,5309,0,0,1,0,0,1,False,False
884, Étude géologique de l'antre des Souffleurs de verre,1550,1700,195,17,0,100,600,884,588,0,0,0,0,0,5309,0,0,3,0,0,1,False,False
885, Matériaux résistants à la chaleur,4920,5020,197,17,0,100,600,885,589,0,0,0,0,0,5309,0,0,3,0,0,1,False,False
886, Matériaux pour la purification de l'eau,1550,1700,198,17,0,100,600,886,590,0,0,0,0,0,5309,0,0,3,0,0,1,False,False
887, Essais de techniques de récolte,2350,2850,200,17,0,100,600,887,591,0,0,0,0,0,5309,0,0,3,0,0,1,False,False
888, Récolte continue de verre Milliaflore,750,850,196,17,0,100,600,888,592,0,0,0,0,0,5303,0,0,1,0,0,1,False,False
889, Enquête sur les exercices en conditions réelles,4920,5020,197,17,0,100,600,889,593,0,0,0,0,0,5303,0,0,1,0,0,1,False,False
890, Matériaux pour verre multi-usage,1550,1700,198,17,0,100,600,890,594,0,0,0,0,0,5303,0,0,1,0,0,1,False,False
891,EX+ : Éthérolyse de matériaux rares,900,1300,204,17,0,100,300,891,595,0,0,0,0,0,5303,0,4,6,0,20,0,False,False
892, Récolte continue de verre irisé,750,850,196,17,0,100,600,892,596,0,0,0,0,0,5305,0,0,3,0,0,1,False,False
893, Matériaux conducteurs pour cosmo-navette,1600,2000,199,17,0,100,600,893,597,0,0,0,0,0,5305,0,0,3,0,0,1,False,False
894, Matériaux pour transformation avancée,120,140,201,17,0,100,600,894,598,0,0,0,0,0,5305,0,3,3,0,0,1,False,False
895, Matériaux pour lentille polarisante,4920,5020,197,17,0,100,600,895,599,0,0,0,0,0,5305,0,0,3,0,0,1,False,False
896,EX+ : Aide à la fabrication de lentilles ultra-réfractantes,1000,1200,201,17,0,100,180,896,600,0,0,0,0,0,5305,0,3,6,0,15,0,False,False
897,Aide à l'étude de matériaux pour polissage du verre,2350,2500,205,17,0,100,600,897,601,0,0,0,0,0,5303,0,0,4,0,0,0,False,False
898,EX : Matériaux pour structure de panneau énergétique,2700,3100,206,17,0,100,600,898,602,0,0,0,0,0,5303,0,0,5,0,0,0,False,False
899,Sélection de verre bronze,600,700,201,17,0,100,600,899,603,0,0,0,0,0,5303,0,3,4,0,0,0,False,False
900,Matériaux pour alliage métallique,3400,4000,199,17,0,100,600,900,604,0,0,0,0,0,5303,0,0,4,0,0,0,False,False
901,EX : Matériaux pour dispositif de transmission,2350,2700,195,17,0,100,600,901,605,0,0,0,0,0,5303,0,0,5,0,0,0,False,False
902, Étude des sols des alentours des Flots sodocalciques,1550,1700,195,17,0,100,600,902,606,0,0,0,0,0,5304,0,0,2,0,0,1,False,False
903, Minerais rares,1550,1700,198,17,0,100,600,903,607,0,0,0,0,0,5306,0,0,2,0,0,1,False,False
904, Récolte continue de pegmatite,750,850,196,17,0,100,600,904,608,0,0,0,0,0,5306,0,0,2,0,0,1,False,False
905, Matériaux d'essais pour lentilles,1600,2000,199,17,0,100,600,905,609,0,0,0,0,0,5306,0,0,2,0,0,1,False,False
906,Étude des sols avancée des alentours des Flots sodocalciques,2350,2500,195,17,0,100,600,906,610,0,0,0,0,0,5304,0,0,4,0,0,0,False,False
907,Étude conjointe sur la dis­tri­bu­tion des minerais,4600,4700,197,17,0,100,600,907,611,0,0,0,0,0,5306,0,0,4,0,0,0,False,False
908,Matériaux pour l'affinage du verre,2600,3000,198,17,0,100,600,908,612,0,0,0,0,0,5306,0,0,4,0,0,0,False,False
909,EX : Extraction d'ingrédients d'alchimie pour éthérolyse,1350,1600,202,17,0,100,600,909,613,0,0,0,0,0,5306,0,4,5,0,0,0,False,False
910,Étude des sols avancée du fond de la rivière,2350,2500,207,17,0,100,600,910,614,0,0,0,0,0,5304,0,0,4,0,2,0,False,False
911, Matériaux de con­struc­tion,4920,5020,197,17,0,100,600,911,615,0,0,0,0,0,5306,0,0,2,0,0,1,False,False
912, Essais de techniques de récolte continue,2350,2850,200,17,0,100,600,912,616,0,0,0,0,0,5306,0,0,2,0,0,1,False,False
913, Roches naturelles de Phaenna,120,140,201,17,0,100,600,913,617,0,0,0,0,0,5306,0,3,2,0,0,1,False,False
914,Aide à l'étude de matériaux pour soudage thermique,4600,4700,205,17,0,100,600,914,618,0,0,897,0,0,5306,0,0,4,0,0,0,False,False
915,EX : Matériaux pour machine à fusion du verre,4000,4600,206,17,0,100,600,915,619,0,0,898,0,0,5306,0,0,5,0,0,0,False,False
916,EX : Matériaux pour noyau conducteur,800,900,206,17,0,100,600,916,620,0,0,915,0,0,5306,0,3,5,0,0,0,False,False
917,EX : Étude des sols du gouffre aux Capsules,1130,1370,203,17,0,100,600,917,621,0,0,0,0,0,5317,0,3,5,11,16,0,False,False
918,EX : Matériaux pour miroir hautement réfléchissant,3700,4100,207,17,0,100,600,918,622,0,0,910,0,0,5317,0,4,5,11,0,0,False,False
919,EX+ : Étude des sols des hauteurs volcaniques,1000,1200,207,17,0,100,180,919,623,0,0,918,0,0,5308,0,3,6,12,0,0,False,False
920,EX+ : Composants résistants à la chaleur,900,1300,208,17,0,100,300,920,624,0,0,0,0,0,5308,0,4,6,12,9,0,False,False
921,EX+ : Recherche sur la réduction du bruit optique,2000,2500,208,17,0,100,180,921,625,0,0,920,0,0,5308,0,4,6,12,0,0,False,False
922,EX+ : Matériaux d'atténuation des vibrations,1400,1750,208,17,0,100,300,922,626,0,0,921,0,0,5308,0,3,6,12,0,0,False,False
923, Étude des végétaux des alentours de la station,1550,1700,195,18,0,100,600,923,627,0,0,0,0,0,5303,0,0,1,0,0,1,False,False
924, Inspection d'itinéraire pour les machines,4920,5020,197,18,0,100,600,924,628,0,0,0,0,0,5303,0,0,1,0,0,1,False,False
925, Étude des ressources de Phaenna,1550,1700,198,18,0,100,600,925,629,0,0,0,0,0,5303,0,0,1,0,0,1,False,False
926, Étude des végétaux de la colline Milliaflore,1550,1700,195,18,0,100,600,926,630,0,0,0,0,0,5303,0,0,3,0,0,1,False,False
927, Matériaux isothermes,4920,5020,197,18,0,100,600,927,631,0,0,0,0,0,5303,0,0,3,0,0,1,False,False
928, Matériaux pour la purification de l'eau,1550,1700,198,18,0,100,600,928,632,0,0,0,0,0,5303,0,0,3,0,0,1,False,False
929, Essais de techniques de récolte,2350,2850,200,18,0,100,600,929,633,0,0,0,0,0,5303,0,0,3,0,0,1,False,False
930, Récolte continue de verre en spirale,750,850,196,18,0,100,600,930,634,0,0,0,0,0,5310,0,0,1,0,0,1,False,False
931, Enquête sur les exercices en conditions réelles,4920,5020,197,18,0,100,600,931,635,0,0,0,0,0,5310,0,0,1,0,0,1,False,False
932, Matériaux pour verre multi-usage,1550,1700,198,18,0,100,600,932,636,0,0,0,0,0,5310,0,0,1,0,0,1,False,False
933,EX+ : Éthérolyse de matériaux rares,900,1300,204,18,0,100,300,933,637,0,0,0,0,0,5310,0,4,6,0,22,0,False,False
934, Récolte continue d'arbres à fleurs miniatures,750,850,196,18,0,100,600,934,638,0,0,0,0,0,5319,0,0,3,0,0,1,False,False
935, Matériaux conducteurs pour cosmo-navette,1600,2000,199,18,0,100,600,935,639,0,0,0,0,0,5319,0,0,3,0,0,1,False,False
936, Matériaux pour transformation avancée,120,140,201,18,0,100,600,936,640,0,0,0,0,0,5319,0,3,3,0,0,1,False,False
937, Matériaux pour lentille polarisante,4920,5020,197,18,0,100,600,937,641,0,0,0,0,0,5319,0,0,3,0,0,1,False,False
938,EX+ : Aide à la fabrication de lentilles ultra-fines,1000,1200,201,18,0,100,180,938,642,0,0,0,0,0,5319,0,3,6,0,16,0,False,False
939,Aide à l'étude de matériaux pour polissage du verre,2350,2500,205,18,0,100,600,939,643,0,0,0,0,0,5303,0,0,4,0,0,0,False,False
940,EX : Matériaux de base pour fibre optique,2700,3100,206,18,0,100,600,940,644,0,0,0,0,0,5303,0,0,5,0,0,0,False,False
941,Sélection de feuilles-présentoir rares,600,700,201,18,0,100,600,941,645,0,0,0,0,0,5303,0,3,4,0,0,0,False,False
942,Matériaux pour lingot de verre,3400,4000,199,18,0,100,600,942,646,0,0,0,0,0,5303,0,0,4,0,0,0,False,False
943,EX : Matériaux pour dispositif de transmission,2350,2700,195,18,0,100,600,943,647,0,0,0,0,0,5303,0,0,5,0,0,0,False,False
944, Étude des sols des Marches iridescentes,1550,1700,195,18,0,100,600,944,648,0,0,0,0,0,5306,0,0,2,0,0,1,False,False
945, Fibres en verre pour transformation,1550,1700,198,18,0,100,600,945,649,0,0,0,0,0,5306,0,0,2,0,0,1,False,False
946, Récolte continue de ciboule à facettes bleue,750,850,196,18,0,100,600,946,650,0,0,0,0,0,5306,0,0,2,0,0,1,False,False
947, Colorant de verre bleu,1600,2000,199,18,0,100,600,947,651,0,0,0,0,0,5306,0,0,2,0,0,1,False,False
948,Étude des sols avancée des Marches iridescentes,2350,2500,195,18,0,100,600,948,652,0,0,0,0,0,5306,0,0,4,0,0,0,False,False
949,Étude conjointe sur la dis­tri­bu­tion des pseudo-plantes,4600,4700,197,18,0,100,600,949,653,0,0,0,0,0,5306,0,0,4,0,0,0,False,False
950,Matériaux pour l'affinage du verre,2600,3000,198,18,0,100,600,950,654,0,0,0,0,0,5306,0,0,4,0,0,0,False,False
951,EX : Extraction d'ingrédients d'alchimie pour éthérolyse,1350,1600,202,18,0,100,600,951,655,0,0,0,0,0,5306,0,4,5,0,0,0,False,False
952,Étude des sols avancée des verres colorés en terrasse,2350,2500,207,18,0,100,600,952,656,0,0,0,0,0,5306,0,0,4,0,6,0,False,False
953, Colorant de verre rouge,4920,5020,197,18,0,100,600,953,657,0,0,0,0,0,5306,0,0,2,0,0,1,False,False
954, Essais de techniques de récolte continue,2350,2850,200,18,0,100,600,954,658,0,0,0,0,0,5306,0,0,2,0,0,1,False,False
955, Étude de champignons proliférateurs,120,140,201,18,0,100,600,955,659,0,0,0,0,0,5306,0,3,2,0,0,1,False,False
956,Aide à l'étude de matériaux pour soudage thermique,4600,4700,205,18,0,100,600,956,660,0,0,939,0,0,5306,0,0,4,0,0,0,False,False
957,EX : Matériaux d'affinage du verre phaennien,4000,4600,206,18,0,100,600,957,661,0,0,940,0,0,5306,0,0,5,0,0,0,False,False
958,EX : Étude pour l'usage de champignons mutants,800,900,206,18,0,100,600,958,662,0,0,957,0,0,5306,0,3,5,0,0,0,False,False
959,EX : Étude des sols du gouffre aux Capsules,1130,1370,203,18,0,100,600,959,663,0,0,0,0,0,5307,0,3,5,11,15,0,False,False
960,EX : Recherche sur les corps à haute conductivité éthéréenne,3700,4100,207,18,0,100,600,960,664,0,0,952,0,0,5307,0,4,5,11,0,0,False,False
961,EX+ : Étude des sols des hauteurs volcaniques,1000,1200,207,18,0,100,180,961,665,0,0,960,0,0,5308,0,3,6,12,0,0,False,False
962,EX+ : Composants résistants à la chaleur,900,1300,208,18,0,100,300,962,666,0,0,0,0,0,5308,0,4,6,12,1,0,False,False
963,EX+ : Recherche sur la réduction du bruit optique,2000,2500,208,18,0,100,180,963,667,0,0,962,0,0,5308,0,4,6,12,0,0,False,False
964,EX+ : Matériaux d'atténuation des vibrations,1400,1750,208,18,0,100,300,964,668,0,0,963,0,0,5308,0,3,6,12,0,0,False,False
965, Produits de la pêche comestibles,16500,16800,209,19,0,100,1800,965,669,0,0,0,470,0,5286,0,0,1,0,0,1,False,False
966, Livraison efficace de grands spécimens,780,1110,210,19,0,100,1800,966,670,0,0,0,471,0,5287,0,0,1,0,0,1,False,False
967, Étude à la Croisée opalescente,14600,15300,211,19,0,100,1800,967,671,0,0,0,472,0,5288,0,0,1,0,0,1,False,False
968, Livraison de vivres en grande quantité,1200,1500,212,19,0,100,1800,968,672,0,0,0,473,0,5286,0,0,1,0,0,1,False,False
969, Livraison de la Croisée opalescente,16100,16500,213,19,0,100,1800,969,673,0,0,0,474,0,5288,0,0,1,0,0,1,False,False
970, Étude d'espèces grandissantes,8000,10000,214,19,0,100,1800,970,674,0,0,0,475,0,5287,0,0,1,0,0,1,False,False
971, Livraison efficace de produits de la pêche,2040,3690,210,19,0,100,1800,971,675,0,0,0,476,0,5286,0,0,2,0,0,1,False,False
972, Étude à l'ouest de la station Souffleverre,14700,15400,211,19,0,100,1800,972,676,0,0,0,477,0,5287,0,0,2,0,0,1,False,False
973, Livraison de pâte de poisson,1600,2000,212,19,0,100,1800,973,677,0,0,0,478,0,5286,0,0,2,0,0,1,False,False
974, Étude d'appâts universels,3000,4000,215,19,0,100,1800,974,678,0,0,0,479,0,5287,0,0,2,0,0,1,False,False
975, Livraison urgente de vivres,20800,26000,214,19,0,100,1800,975,679,0,0,0,480,0,5286,0,0,2,0,0,1,False,False
976, Capture de spécimens vitrifiés,1200,2750,216,19,0,100,1800,976,680,0,0,0,481,0,5288,0,3,2,0,0,1,False,False
977, Étude de bassins riches en silicium,13800,14600,213,19,0,100,1800,977,681,0,0,0,482,0,5288,0,0,2,0,0,1,False,False
978, Étude en amont des Flots sodocalciques,14400,15600,211,19,0,100,1800,978,682,0,0,0,483,0,5289,0,0,3,0,0,1,False,False
979, Étude en aval des Flots sodocalciques,2400,3000,212,19,0,100,1800,979,683,0,0,0,484,0,5290,0,0,3,0,0,1,False,False
980, Essais de bras universel,1600,2000,218,19,0,100,1800,980,684,0,0,0,485,0,5291,0,3,3,0,0,1,False,False
981, Étude de grands spécimens en aval,9240,11100,217,19,0,100,1800,981,685,0,0,0,486,0,5292,0,0,3,0,0,1,False,False
982, Étude des ressources naturelles,1500,2500,216,19,0,100,1800,982,686,0,0,0,487,0,5293,0,3,3,0,0,1,False,False
983, Étude des mutations aquatiques,13100,14000,213,19,0,100,1800,983,687,0,0,0,488,0,5287,0,0,3,0,0,1,False,False
984, Étude de spécimens vitrifiés,13500,14400,209,19,0,100,1800,984,688,0,0,0,489,0,5288,0,0,3,0,0,1,False,False
985, Étude de grands spécimens variés,32000,40000,214,19,0,100,1800,985,689,0,0,0,490,0,5293,0,0,3,0,0,1,False,False
986,Étude de prolifération aquatique,11900,13100,211,19,0,100,1800,986,690,0,0,0,491,0,5286,11200,0,4,0,0,0,False,False
987,Essais d'appâts allogènes,2400,3000,218,19,0,100,1800,987,691,0,0,0,492,0,5287,11200,3,4,0,0,0,False,False
988,Étude de pseudo-esprits aquatiques,14400,15100,209,19,0,100,1800,988,692,0,0,0,493,0,5288,11200,0,4,0,0,0,False,False
989,Étude du cloaque prismatique,3200,4000,212,19,0,100,1800,989,693,0,0,0,494,0,5293,11200,0,4,0,0,0,False,False
990,Étude de spécimens aquatiques vitrifiés,7000,10000,216,19,0,100,1800,990,694,0,0,0,495,0,5290,11200,3,4,0,0,0,False,False
991,EX : Essais de mouches écarlates cosmiques,5540,14060,210,19,0,100,1800,991,695,0,0,0,496,0,5291,11100,0,5,0,0,0,False,False
992,EX : Étude de grands spécimens de rivière,22000,27500,214,19,0,100,1800,992,696,0,0,0,497,0,5292,11100,0,5,0,0,0,False,False
993,EX : Étude des étangs aux Capsules,800,3200,216,19,0,100,1800,993,697,0,0,0,498,0,5294,11100,3,5,11,16,0,False,False
994,EX+ : Étude de grands spécimens,29500,34500,214,19,0,100,180,994,698,0,0,0,499,0,5293,11000,0,6,0,18,0,False,False
995,EX+ : Essais d'appâts allogènes,4880,5680,218,19,0,100,360,995,699,0,0,0,500,0,5289,11000,3,6,0,15,0,False,False
996,Support à l'élaboration de lentilles,5540,7390,219,19,0,100,1800,996,700,0,0,0,501,0,5289,11200,0,4,0,0,0,False,False
997,Livraison de conducteurs éthéréens,14300,15000,219,19,0,100,1800,997,701,0,0,996,502,0,5290,11200,0,4,0,0,0,False,False
998,EX : Capture de grands spécimens,5540,7390,220,19,0,100,1800,998,702,0,0,0,503,0,5290,11100,0,5,0,0,0,False,False
999,EX : Livraison de produits aquatiques rares,12100,13300,220,19,0,100,1800,999,703,0,0,998,504,0,5291,11100,0,5,0,0,0,False,False
1000,EX : Étude de pseudo-esprits de rivière,12000,15000,220,19,0,100,1800,1000,704,0,0,999,505,0,5292,11100,0,5,0,0,0,False,False
1001,Étude en aval des Flots sodocalciques,1600,2000,221,19,0,100,1800,1001,705,0,0,0,506,0,5292,11200,3,4,0,5,0,False,False
1002,EX : Étude de L'Enfer bulleux,13090,29600,221,19,0,100,1800,1002,706,0,0,1001,507,0,5295,11100,0,5,11,0,0,False,False
1003,EX+ : Étude de la coulée de Fusingway,450,900,221,19,0,100,360,1003,707,0,0,1002,508,0,5296,11000,14,6,12,0,0,False,False
1004,EX+ : Étude de pseudo-esprits des bas-fonds,23000,43000,222,19,0,100,360,1004,708,0,0,0,509,0,5293,11000,0,6,12,10,0,False,False
1005,EX+ : Étude de pseudo-esprits aquatiques,2800,4200,222,19,0,100,600,1005,709,0,0,1004,510,0,5294,11000,0,6,12,0,0,False,False
1006,EX+ : Étude de pseudo-esprits vitrifiés,22200,22590,222,19,0,100,600,1006,710,0,0,1005,511,0,5296,11000,14,6,12,0,0,False,False
1007, Caisse à outils pour réparation de câbles,0,0,223,9,0,100,1200,1007,1065,1066,0,0,848,754,5302,24000,0,1,0,0,1,True,False
1008, Purification d'échan­til­lons de plantes mutantes,0,0,229,9,0,100,1200,1008,1067,1068,0,0,849,755,5306,24000,0,1,15,0,1,True,False
1009, Fournitures pour collecte de poussière,0,0,231,9,0,100,1200,1009,1069,1070,0,0,850,756,5307,24000,0,1,15,0,1,True,False
1010, Pièces de paratonnerre d'essai,0,0,226,10,0,100,1200,1010,1071,1072,0,0,851,757,5305,24500,0,1,14,0,1,True,False
1011, Outils de jardinage renforcés,0,0,228,10,0,100,1200,1011,1073,1074,0,0,852,758,5304,24500,0,1,0,0,1,True,False
1012, Larges buses d'aspiration,0,0,234,10,0,100,1200,1012,1075,1076,0,0,853,759,5305,24500,0,1,12,0,1,True,False
1013, Pièces de rechange,0,0,230,11,0,100,1200,1013,1077,1078,0,0,854,760,5303,24500,0,1,15,0,1,True,False
1014, Réservoirs à poussière de verre,0,0,231,11,0,100,1200,1014,1079,1080,0,0,855,761,5307,24000,0,1,15,0,1,True,False
1015, Plaques pour réparation de rover,0,0,233,11,0,100,1200,1015,1081,1082,0,0,856,762,5304,24000,0,1,12,0,1,True,False
1016, Composants de rechange,0,0,224,12,0,100,1200,1016,1083,1084,0,0,857,763,5303,24500,0,1,0,0,1,True,False
1017, Câbles métalliques à haute conductivité électrique,0,0,225,12,0,100,1200,1017,1085,1086,0,0,858,764,5303,24000,0,1,14,0,1,True,False
1018, Pièces de rechange pour véhicules,0,0,233,12,0,100,1200,1018,1087,1088,0,0,859,765,5304,24000,0,1,12,0,1,True,False
1019, Gants pour réparation de câbles,0,0,223,13,0,100,1200,1019,1089,1090,0,0,860,766,5302,24000,0,1,0,0,1,True,False
1020, Chaussures de protection pour bûcherons,0,0,228,13,0,100,1200,1020,1091,1092,0,0,861,767,5304,24500,0,1,0,0,1,True,False
1021, Masques anti-poussière,0,0,231,13,0,100,1200,1021,1093,1094,0,0,862,768,5307,24000,0,1,15,0,1,True,False
1022, Tissus de réparation,0,0,224,14,0,100,1200,1022,1095,1096,0,0,863,769,5303,24500,0,1,0,0,1,True,False
1023, Ceintures à outils,0,0,225,14,0,100,1200,1023,1097,1098,0,0,864,770,5303,24000,0,1,14,0,1,True,False
1024, Filtres à poussière,0,0,234,14,0,100,1200,1024,1099,1100,0,0,865,771,5305,24500,0,1,12,0,1,True,False
1025, Caoutchouc pour réparation de câbles,0,0,223,15,0,100,1200,1025,1101,1102,0,0,866,772,5302,24000,0,1,0,0,1,True,False
1026, Batteries amplificatrices d'essai,0,0,226,15,0,100,1200,1026,1103,1104,0,0,867,773,5305,24500,0,1,14,0,1,True,False
1027, Agent protecteur,0,0,234,15,0,100,1200,1027,1105,1106,0,0,868,774,5305,24500,0,1,12,0,1,True,False
1028, Soupe chaude,0,0,227,16,0,100,1200,1028,1107,1108,0,0,869,775,5302,24000,0,1,0,0,1,True,False
1029, Huile pour travaux de rénovation,0,0,230,16,0,100,1200,1029,1109,1110,0,0,870,776,5303,24500,0,1,15,0,1,True,False
1030, Échantillons d'eau,0,0,232,16,0,100,1200,1030,1111,1112,0,0,871,777,5307,24500,0,1,15,0,1,True,False
1031, Matériaux pour paratonnerre,0,0,226,17,0,100,1200,1031,1047,1048,0,0,0,0,5305,24500,0,1,14,0,1,True,False
1032, Ressources rares en verre,0,0,227,17,0,100,1200,1032,1049,1050,0,0,0,0,5302,24000,0,1,0,0,1,True,False
1033, Livraison d'éléments métalliques,0,0,233,17,0,100,1200,1033,1051,1052,0,0,0,0,5304,24000,0,1,12,0,1,True,False
1034, Désherbage de voie de transport,0,0,225,18,0,100,1200,1034,1053,1054,0,0,0,0,5303,24000,0,1,14,0,1,True,False
1035, Abattage des plantes à pics,0,0,228,18,0,100,1200,1035,1055,1056,0,0,0,0,5304,24500,0,1,0,0,1,True,False
1036, Plantes mutantes,0,0,229,18,0,100,1200,1036,1057,1058,0,0,0,0,5306,24000,0,1,15,0,1,True,False
1037, Ingrédient de base pour bouillon,0,0,227,19,0,100,1200,1037,1059,1060,0,0,872,0,5286,24000,0,1,0,0,1,True,False
1038, Produits aquatiques pour extraction d'huile,0,0,230,19,0,100,1200,1038,1061,1062,0,0,873,0,5288,24500,0,1,15,0,1,True,False
1039, Capture de pseudo-esprits aquatiques,0,0,232,19,0,100,1200,1039,1063,1064,0,0,874,0,5295,24500,0,1,15,0,1,True,False
1040, Matériaux fibreux multi-usage,1200,2400,252,9,0,100,0,1040,1169,0,0,0,875,778,0,0,0,1,0,0,1,False,False
1041, Traitement de ressources d'adaptation environnementale,1200,2400,256,9,0,100,0,1041,1170,0,0,0,876,779,0,0,0,1,0,0,1,False,False
1042, Matériaux amortisseurs pour transport,1200,2400,254,9,0,100,0,1042,1171,0,0,0,877,780,0,0,0,1,0,0,1,False,False
1043, Matériaux antigravitationnels,1200,2400,255,9,0,100,0,1043,1172,0,0,0,878,781,0,0,0,1,0,0,1,False,False
1044, Matériaux fibreux multi-usage sup­plé­men­tai­res,1200,2400,252,9,0,100,0,1044,1173,0,0,0,879,782,0,0,0,2,0,0,1,False,False
1045, Traitement amélioré de ressources d'adaptation environnementale,1200,2400,256,9,0,100,0,1045,1174,0,0,0,880,783,0,0,0,2,0,0,1,False,False
1046, Matériaux amortisseurs renforcés,1300,3000,254,9,0,100,0,1046,1175,0,0,0,881,784,0,0,3,2,0,0,1,False,False
1047, Amélioration de matériaux antigravitationnels,700,1500,255,9,0,100,0,1047,1176,0,0,0,882,785,0,0,3,2,0,0,1,False,False
1048, Matériaux fibreux innovants,1600,2400,252,9,0,100,0,1048,1177,0,0,0,883,786,0,0,0,3,0,0,1,False,False
1049, Traitement avancé de ressources d'adaptation environnementale,1600,2400,256,9,0,100,0,1049,1178,0,0,0,884,787,0,0,0,3,0,0,1,False,False
1050, Amélioration de matériaux amortisseurs renforcés,2700,3000,254,9,0,100,0,1050,1179,0,0,0,885,788,0,0,3,3,0,0,1,False,False
1051, Perfectionnement de matériaux antigravitationnels,1000,1500,255,9,0,100,0,1051,1180,0,0,0,886,789,0,0,3,3,0,0,1,False,False
1052, Tentes adaptées à l'environnement,1600,2100,257,9,0,100,0,1052,1181,0,0,0,887,790,0,0,0,3,0,0,1,False,False
1053,Matériaux fibreux innovants sup­plé­men­tai­res,1000,1600,252,9,0,100,0,1053,1182,0,0,0,888,791,0,0,0,4,0,0,0,False,False
1054,Traitement de matériaux combustibles et conservation d'échan­til­lons,1000,1600,253,9,0,100,0,1054,1183,0,0,0,889,792,0,0,0,4,0,0,0,False,False
1055,Matériaux amortisseurs ultraperformants,1400,2000,254,9,0,100,0,1055,1184,0,0,0,890,793,0,0,3,4,0,0,0,False,False
1056,Aide à l'élaboration de solutions antigravitationnelles,1400,2000,255,9,0,100,0,1056,1185,0,0,0,891,794,0,0,3,4,0,0,0,False,False
1057,Traitement de pointe de ressources d'adaptation environnementale,1000,1600,256,9,0,100,1200,1057,1186,0,0,0,892,795,0,0,0,4,0,0,0,False,False
1058,Tente de haute sécurité,880,1050,257,9,0,100,1200,1058,1187,0,0,0,893,796,0,0,0,4,0,0,0,False,False
1059,EX : Aide à la production massive de matériaux de transport,800,1000,258,9,0,100,1200,1059,1188,0,0,0,894,797,0,0,3,5,0,0,0,False,False
1060,EX : Matériels d'excavation essentiels,800,1000,259,9,0,100,0,1060,1189,0,0,0,895,798,0,0,3,5,0,0,0,False,False
1061,EX : Appui matériel au site d'excavation,800,1000,260,9,0,100,0,1061,1190,0,0,0,896,799,0,0,3,5,0,0,0,False,False
1062,EX : Articles de vacances à la plage,1000,1600,261,9,0,100,0,1062,1191,0,0,0,897,800,0,0,0,5,17,23,0,False,False
1063,EX+ : Contrôle de l'ex­ploi­ta­tion des ressources planétaires,980,1080,262,9,0,100,0,1063,1192,0,0,0,898,801,0,0,3,6,0,21,0,False,False
1064,EX+ : Traitement avancé de ressources végétales,1800,2000,263,9,0,100,540,1064,1193,0,0,0,899,802,0,0,3,6,0,15,0,False,False
1065,EX+ : Étude de carburants renouvelables,980,1080,264,9,0,100,0,1065,1194,0,0,0,900,803,0,0,3,6,18,1,0,False,False
1066,EX+ : Étude améliorée de carburants renouvelables,980,1080,264,9,0,100,600,1066,1195,0,0,1065,901,804,0,0,3,6,18,0,0,False,False
1067,EX+ : Étude perfectionnée de carburants renouvelables,1000,1080,264,9,0,100,480,1067,1196,0,0,1066,902,805,0,0,0,6,18,0,0,False,False
1068, Composants en alliage multi-usage,1200,2400,239,10,0,100,0,1068,1197,0,0,0,903,806,0,0,0,1,0,0,1,False,False
1069, Traitement de métaux adapté à Oizys,1200,2400,244,10,0,100,0,1069,1198,0,0,0,904,807,0,0,0,1,0,0,1,False,False
1070, Matériel antigravitationnel,1200,2400,241,10,0,100,0,1070,1199,0,0,0,905,808,0,0,0,1,0,0,1,False,False
1071, Matériel manquant au site d'excavation,1200,2400,242,10,0,100,0,1071,1200,0,0,0,906,809,0,0,0,1,0,0,1,False,False
1072, Composants en alliage multi-usage sup­plé­men­tai­res,1200,2400,239,10,0,100,0,1072,1201,0,0,0,907,810,0,0,0,2,0,0,1,False,False
1073, Amélioration du traitement de métaux adapté à Oizys,1200,2400,244,10,0,100,0,1073,1202,0,0,0,908,811,0,0,0,2,0,0,1,False,False
1074, Amélioration du matériel antigravitationnel,1300,3000,241,10,0,100,0,1074,1203,0,0,0,909,812,0,0,3,2,0,0,1,False,False
1075, Amélioration du matériel manquant au site d'excavation,700,1500,242,10,0,100,0,1075,1204,0,0,0,910,813,0,0,3,2,0,0,1,False,False
1076, Composants en alliage améliorés,1600,2400,239,10,0,100,0,1076,1205,0,0,0,911,814,0,0,0,3,0,0,1,False,False
1077, Conteneurs adaptés à Oizys,1600,2400,244,10,0,100,0,1077,1206,0,0,0,912,815,0,0,0,3,0,0,1,False,False
1078, Perfectionnement du matériel antigravitationnel,2700,3000,241,10,0,100,0,1078,1207,0,0,0,913,816,0,0,3,3,0,0,1,False,False
1079, Matériel avancé manquant au site d'excavation,1000,1500,242,10,0,100,0,1079,1208,0,0,0,914,817,0,0,3,3,0,0,1,False,False
1080, Composants de combinaison cosmo-alimentée,1600,2100,247,10,0,100,0,1080,1209,0,0,0,915,818,0,0,0,3,0,0,1,False,False
1081,Composants en alliage améliorés sup­plé­men­tai­res,1000,1600,239,10,0,100,0,1081,1210,0,0,0,916,819,0,0,0,4,0,0,0,False,False
1082,Aide à l'étude de la civilisation des pionniers,1000,1600,240,10,0,100,0,1082,1211,0,0,0,917,820,0,0,0,4,0,0,0,False,False
1083,Traitement avancé de matériel antigravitationnel,1400,2000,241,10,0,100,0,1083,1212,0,0,0,918,821,0,0,3,4,0,0,0,False,False
1084,Foreuses pour gros travaux,1400,2000,242,10,0,100,0,1084,1213,0,0,0,919,822,0,0,3,4,0,0,0,False,False
1085,Traitement antirouille d'ins­tal­la­tions en bordure d'eau,1000,1600,243,10,0,100,1200,1085,1214,0,0,0,920,823,0,0,0,4,0,0,0,False,False
1086,Amélioration de conteneurs adaptés à Oizys,880,1050,244,10,0,100,1200,1086,1215,0,0,0,921,824,0,0,0,4,0,0,0,False,False
1087,EX : Affinage d'azurite gravitationnelle,800,1000,245,10,0,100,1200,1087,1216,0,0,0,922,825,0,0,3,5,0,0,0,False,False
1088,EX : Générateurs de gravité de taille réduite,800,1000,246,10,0,100,0,1088,1217,0,0,0,923,826,0,0,3,5,0,0,0,False,False
1089,EX : Composants pour torse de combinaison cosmo-alimentée,800,1000,247,10,0,100,0,1089,1218,0,0,0,924,827,0,0,3,5,0,0,0,False,False
1090,EX : Traitement avancé de composants de maintenance,1000,1600,248,10,0,100,0,1090,1219,0,0,0,925,828,0,0,0,5,17,15,0,False,False
1091,EX+ : Amélioration de générateurs de gravité de taille réduite,980,1080,249,10,0,100,0,1091,1220,0,0,0,926,829,0,0,3,6,0,22,0,False,False
1092,EX+ : Restauration de reliques des pionniers,1800,2000,250,10,0,100,540,1092,1221,0,0,0,927,830,0,0,3,6,0,23,0,False,False
1093,EX+ : Reproduction d'outils des pionniers,980,1080,251,10,0,100,0,1093,1222,0,0,0,928,831,0,0,3,6,18,3,0,False,False
1094,EX+ : Reproduction améliorée d'outils des pionniers,980,1080,251,10,0,100,600,1094,1223,0,0,1093,929,832,0,0,3,6,18,0,0,False,False
1095,EX+ : Restauration d'appareils des pionniers,1000,1080,251,10,0,100,480,1095,1224,0,0,1094,930,833,0,0,0,6,18,0,0,False,False
1096, Composants en alliage multi-usage,1200,2400,239,11,0,100,0,1096,1225,0,0,0,931,834,0,0,0,1,0,0,1,False,False
1097, Traitement de métaux adapté à Oizys,1200,2400,244,11,0,100,0,1097,1226,0,0,0,932,835,0,0,0,1,0,0,1,False,False
1098, Matériel antigravitationnel,1200,2400,241,11,0,100,0,1098,1227,0,0,0,933,836,0,0,0,1,0,0,1,False,False
1099, Matériel manquant au site d'excavation,1200,2400,242,11,0,100,0,1099,1228,0,0,0,934,837,0,0,0,1,0,0,1,False,False
1100, Composants en alliage multi-usage sup­plé­men­tai­res,1200,2400,239,11,0,100,0,1100,1229,0,0,0,935,838,0,0,0,2,0,0,1,False,False
1101, Amélioration du traitement de métaux adapté à Oizys,1200,2400,244,11,0,100,0,1101,1230,0,0,0,936,839,0,0,0,2,0,0,1,False,False
1102, Amélioration du matériel antigravitationnel,1300,3000,241,11,0,100,0,1102,1231,0,0,0,937,840,0,0,3,2,0,0,1,False,False
1103, Amélioration du matériel manquant au site d'excavation,700,1500,242,11,0,100,0,1103,1232,0,0,0,938,841,0,0,3,2,0,0,1,False,False
1104, Composants en alliage améliorés,1600,2400,239,11,0,100,0,1104,1233,0,0,0,939,842,0,0,0,3,0,0,1,False,False
1105, Conteneurs adaptés à Oizys,1600,2400,244,11,0,100,0,1105,1234,0,0,0,940,843,0,0,0,3,0,0,1,False,False
1106, Perfectionnement du matériel antigravitationnel,2700,3000,241,11,0,100,0,1106,1235,0,0,0,941,844,0,0,3,3,0,0,1,False,False
1107, Matériel avancé manquant au site d'excavation,1000,1500,242,11,0,100,0,1107,1236,0,0,0,942,845,0,0,3,3,0,0,1,False,False
1108, Composants de combinaison cosmo-alimentée,1600,2100,247,11,0,100,0,1108,1237,0,0,0,943,846,0,0,0,3,0,0,1,False,False
1109,Composants en alliage améliorés sup­plé­men­tai­res,1000,1600,239,11,0,100,0,1109,1238,0,0,0,944,847,0,0,0,4,0,0,0,False,False
1110,Aide à l'étude de la civilisation des pionniers,1000,1600,240,11,0,100,0,1110,1239,0,0,0,945,848,0,0,0,4,0,0,0,False,False
1111,Traitement avancé de matériel antigravitationnel,1400,2000,241,11,0,100,0,1111,1240,0,0,0,946,849,0,0,3,4,0,0,0,False,False
1112,Foreuses pour gros travaux,1400,2000,242,11,0,100,0,1112,1241,0,0,0,947,850,0,0,3,4,0,0,0,False,False
1113,Traitement antirouille d'ins­tal­la­tions en bordure d'eau,1000,1600,243,11,0,100,1200,1113,1242,0,0,0,948,851,0,0,0,4,0,0,0,False,False
1114,Amélioration de conteneurs adaptés à Oizys,880,1050,244,11,0,100,1200,1114,1243,0,0,0,949,852,0,0,0,4,0,0,0,False,False
1115,EX : Affinage d'azurite gravitationnelle,800,1000,245,11,0,100,1200,1115,1244,0,0,0,950,853,0,0,3,5,0,0,0,False,False
1116,EX : Générateurs de gravité de taille réduite,800,1000,246,11,0,100,0,1116,1245,0,0,0,951,854,0,0,3,5,0,0,0,False,False
1117,EX : Composants pour manches de combinaison cosmo-alimentée,800,1000,247,11,0,100,0,1117,1246,0,0,0,952,855,0,0,3,5,0,0,0,False,False
1118,EX : Traitement avancé de composants de maintenance,1000,1600,248,11,0,100,0,1118,1247,0,0,0,953,856,0,0,0,5,17,23,0,False,False
1119,EX+ : Amélioration de générateurs de gravité de taille réduite,980,1080,249,11,0,100,0,1119,1248,0,0,0,954,857,0,0,3,6,0,17,0,False,False
1120,EX+ : Restauration de reliques des pionniers,1800,2000,250,11,0,100,540,1120,1249,0,0,0,955,858,0,0,3,6,0,15,0,False,False
1121,EX+ : Reproduction d'outils des pionniers,980,1080,251,11,0,100,0,1121,1250,0,0,0,956,859,0,0,3,6,18,5,0,False,False
1122,EX+ : Reproduction améliorée d'outils des pionniers,980,1080,251,11,0,100,600,1122,1251,0,0,1121,957,860,0,0,3,6,18,0,0,False,False
1123,EX+ : Transformation avancée de reproductions,1000,1080,251,11,0,100,480,1123,1252,0,0,1122,958,861,0,0,0,6,18,0,0,False,False
1124, Composants en alliage multi-usage,1200,2400,239,12,0,100,0,1124,1253,0,0,0,959,862,0,0,0,1,0,0,1,False,False
1125, Traitement de métaux adapté à Oizys,1200,2400,244,12,0,100,0,1125,1254,0,0,0,960,863,0,0,0,1,0,0,1,False,False
1126, Matériel antigravitationnel,1200,2400,241,12,0,100,0,1126,1255,0,0,0,961,864,0,0,0,1,0,0,1,False,False
1127, Matériel manquant au site d'excavation,1200,2400,242,12,0,100,0,1127,1256,0,0,0,962,865,0,0,0,1,0,0,1,False,False
1128, Composants en alliage multi-usage sup­plé­men­tai­res,1200,2400,239,12,0,100,0,1128,1257,0,0,0,963,866,0,0,0,2,0,0,1,False,False
1129, Amélioration du traitement de métaux adapté à Oizys,1200,2400,244,12,0,100,0,1129,1258,0,0,0,964,867,0,0,0,2,0,0,1,False,False
1130, Amélioration du matériel antigravitationnel,1300,3000,241,12,0,100,0,1130,1259,0,0,0,965,868,0,0,3,2,0,0,1,False,False
1131, Amélioration du matériel manquant au site d'excavation,700,1500,242,12,0,100,0,1131,1260,0,0,0,966,869,0,0,3,2,0,0,1,False,False
1132, Composants en alliage améliorés,1600,2400,239,12,0,100,0,1132,1261,0,0,0,967,870,0,0,0,3,0,0,1,False,False
1133, Conteneurs adaptés à Oizys,1600,2400,244,12,0,100,0,1133,1262,0,0,0,968,871,0,0,0,3,0,0,1,False,False
1134, Perfectionnement du matériel antigravitationnel,2700,3000,241,12,0,100,0,1134,1263,0,0,0,969,872,0,0,3,3,0,0,1,False,False
1135, Matériel avancé manquant au site d'excavation,1000,1500,242,12,0,100,0,1135,1264,0,0,0,970,873,0,0,3,3,0,0,1,False,False
1136, Composants de combinaison cosmo-alimentée,1600,2100,247,12,0,100,0,1136,1265,0,0,0,971,874,0,0,0,3,0,0,1,False,False
1137,Composants en alliage améliorés sup­plé­men­tai­res,1000,1600,239,12,0,100,0,1137,1266,0,0,0,972,875,0,0,0,4,0,0,0,False,False
1138,Aide à l'étude de la civilisation des pionniers,1000,1600,240,12,0,100,0,1138,1267,0,0,0,973,876,0,0,0,4,0,0,0,False,False
1139,Traitement avancé de matériel antigravitationnel,1400,2000,241,12,0,100,0,1139,1268,0,0,0,974,877,0,0,3,4,0,0,0,False,False
1140,Foreuses pour gros travaux,1400,2000,242,12,0,100,0,1140,1269,0,0,0,975,878,0,0,3,4,0,0,0,False,False
1141,Traitement antirouille d'ins­tal­la­tions en bordure d'eau,1000,1600,243,12,0,100,1200,1141,1270,0,0,0,976,879,0,0,0,4,0,0,0,False,False
1142,Amélioration de conteneurs adaptés à Oizys,880,1050,244,12,0,100,1200,1142,1271,0,0,0,977,880,0,0,0,4,0,0,0,False,False
1143,EX : Affinage d'azurite gravitationnelle,800,1000,245,12,0,100,1200,1143,1272,0,0,0,978,881,0,0,3,5,0,0,0,False,False
1144,EX : Générateurs de gravité de taille réduite,800,1000,246,12,0,100,0,1144,1273,0,0,0,979,882,0,0,3,5,0,0,0,False,False
1145,EX : Composants pour ceinture de combinaison cosmo-alimentée,800,1000,247,12,0,100,0,1145,1274,0,0,0,980,883,0,0,3,5,0,0,0,False,False
1146,EX : Traitement avancé de composants de maintenance,1000,1600,248,12,0,100,0,1146,1275,0,0,0,981,884,0,0,0,5,17,15,0,False,False
1147,EX+ : Amélioration de générateurs de gravité de taille réduite,980,1080,249,12,0,100,0,1147,1276,0,0,0,982,885,0,0,3,6,0,18,0,False,False
1148,EX+ : Restauration de reliques des pionniers,1800,2000,250,12,0,100,540,1148,1277,0,0,0,983,886,0,0,3,6,0,23,0,False,False
1149,EX+ : Reproduction d'outils des pionniers,980,1080,251,12,0,100,0,1149,1278,0,0,0,984,887,0,0,3,6,18,7,0,False,False
1150,EX+ : Reproduction améliorée d'outils des pionniers,980,1080,251,12,0,100,600,1150,1279,0,0,1149,985,888,0,0,3,6,18,0,0,False,False
1151,EX+ : Transformation avancée de reproductions,1000,1080,251,12,0,100,480,1151,1280,0,0,1150,986,889,0,0,0,6,18,0,0,False,False
1152, Matériaux fibreux multi-usage,1200,2400,252,13,0,100,0,1152,1281,0,0,0,987,890,0,0,0,1,0,0,1,False,False
1153, Traitement de ressources d'adaptation environnementale,1200,2400,256,13,0,100,0,1153,1282,0,0,0,988,891,0,0,0,1,0,0,1,False,False
1154, Matériaux amortisseurs pour transport,1200,2400,254,13,0,100,0,1154,1283,0,0,0,989,892,0,0,0,1,0,0,1,False,False
1155, Matériaux antigravitationnels,1200,2400,255,13,0,100,0,1155,1284,0,0,0,990,893,0,0,0,1,0,0,1,False,False
1156, Matériaux fibreux multi-usage sup­plé­men­tai­res,1200,2400,252,13,0,100,0,1156,1285,0,0,0,991,894,0,0,0,2,0,0,1,False,False
1157, Traitement amélioré de ressources d'adaptation environnementale,1200,2400,256,13,0,100,0,1157,1286,0,0,0,992,895,0,0,0,2,0,0,1,False,False
1158, Matériaux amortisseurs renforcés,1300,3000,254,13,0,100,0,1158,1287,0,0,0,993,896,0,0,3,2,0,0,1,False,False
1159, Amélioration de matériaux antigravitationnels,700,1500,255,13,0,100,0,1159,1288,0,0,0,994,897,0,0,3,2,0,0,1,False,False
1160, Matériaux fibreux innovants,1600,2400,252,13,0,100,0,1160,1289,0,0,0,995,898,0,0,0,3,0,0,1,False,False
1161, Traitement avancé de ressources d'adaptation environnementale,1600,2400,256,13,0,100,0,1161,1290,0,0,0,996,899,0,0,0,3,0,0,1,False,False
1162, Amélioration de matériaux amortisseurs renforcés,2700,3000,254,13,0,100,0,1162,1291,0,0,0,997,900,0,0,3,3,0,0,1,False,False
1163, Perfectionnement de matériaux antigravitationnels,1000,1500,255,13,0,100,0,1163,1292,0,0,0,998,901,0,0,3,3,0,0,1,False,False
1164, Tentes adaptées à l'environnement,1600,2100,257,13,0,100,0,1164,1293,0,0,0,999,902,0,0,0,3,0,0,1,False,False
1165,Matériaux fibreux innovants sup­plé­men­tai­res,1000,1600,252,13,0,100,0,1165,1294,0,0,0,1000,903,0,0,0,4,0,0,0,False,False
1166,Traitement de matériaux combustibles et conservation d'échan­til­lons,1000,1600,253,13,0,100,0,1166,1295,0,0,0,1001,904,0,0,0,4,0,0,0,False,False
1167,Matériaux amortisseurs ultraperformants,1400,2000,254,13,0,100,0,1167,1296,0,0,0,1002,905,0,0,3,4,0,0,0,False,False
1168,Aide à l'élaboration de solutions antigravitationnelles,1400,2000,255,13,0,100,0,1168,1297,0,0,0,1003,906,0,0,3,4,0,0,0,False,False
1169,Traitement de pointe de ressources d'adaptation environnementale,1000,1600,256,13,0,100,1200,1169,1298,0,0,0,1004,907,0,0,0,4,0,0,0,False,False
1170,Tente de haute sécurité,880,1050,257,13,0,100,1200,1170,1299,0,0,0,1005,908,0,0,0,4,0,0,0,False,False
1171,EX : Aide à la production massive de matériaux de transport,800,1000,258,13,0,100,1200,1171,1300,0,0,0,1006,909,0,0,3,5,0,0,0,False,False
1172,EX : Matériels d'excavation essentiels,800,1000,259,13,0,100,0,1172,1301,0,0,0,1007,910,0,0,3,5,0,0,0,False,False
1173,EX : Appui matériel au site d'excavation,800,1000,260,13,0,100,0,1173,1302,0,0,0,1008,911,0,0,3,5,0,0,0,False,False
1174,EX : Articles de vacances à la plage,1000,1600,261,13,0,100,0,1174,1303,0,0,0,1009,912,0,0,0,5,17,23,0,False,False
1175,EX+ : Contrôle de l'ex­ploi­ta­tion des ressources planétaires,980,1080,262,13,0,100,0,1175,1304,0,0,0,1010,913,0,0,3,6,0,19,0,False,False
1176,EX+ : Traitement avancé de ressources végétales,1800,2000,263,13,0,100,540,1176,1305,0,0,0,1011,914,0,0,3,6,0,15,0,False,False
1177,EX+ : Élément jambier pour tenue de seigneur Casque Sombre,980,1080,264,13,0,100,0,1177,1306,0,0,0,1012,915,0,0,3,6,18,9,0,False,False
1178,EX+ : Amélioration d'élément jambier pour tenue de seigneur Casque Sombre,980,1080,264,13,0,100,600,1178,1307,0,0,1177,1013,916,0,0,3,6,18,0,0,False,False
1179,EX+ : Perfectionnement d'élément jambier pour tenue de seigneur Casque Sombre,1000,1080,264,13,0,100,480,1179,1308,0,0,1178,1014,917,0,0,0,6,18,0,0,False,False
1180, Matériaux fibreux multi-usage,1200,2400,252,14,0,100,0,1180,1309,0,0,0,1015,918,0,0,0,1,0,0,1,False,False
1181, Traitement de ressources d'adaptation environnementale,1200,2400,256,14,0,100,0,1181,1310,0,0,0,1016,919,0,0,0,1,0,0,1,False,False
1182, Matériaux amortisseurs pour transport,1200,2400,254,14,0,100,0,1182,1311,0,0,0,1017,920,0,0,0,1,0,0,1,False,False
1183, Matériaux antigravitationnels,1200,2400,255,14,0,100,0,1183,1312,0,0,0,1018,921,0,0,0,1,0,0,1,False,False
1184, Matériaux fibreux multi-usage sup­plé­men­tai­res,1200,2400,252,14,0,100,0,1184,1313,0,0,0,1019,922,0,0,0,2,0,0,1,False,False
1185, Traitement amélioré de ressources d'adaptation environnementale,1200,2400,256,14,0,100,0,1185,1314,0,0,0,1020,923,0,0,0,2,0,0,1,False,False
1186, Matériaux amortisseurs renforcés,1300,3000,254,14,0,100,0,1186,1315,0,0,0,1021,924,0,0,3,2,0,0,1,False,False
1187, Amélioration de matériaux antigravitationnels,700,1500,255,14,0,100,0,1187,1316,0,0,0,1022,925,0,0,3,2,0,0,1,False,False
1188, Matériaux fibreux innovants,1600,2400,252,14,0,100,0,1188,1317,0,0,0,1023,926,0,0,0,3,0,0,1,False,False
1189, Traitement avancé de ressources d'adaptation environnementale,1600,2400,256,14,0,100,0,1189,1318,0,0,0,1024,927,0,0,0,3,0,0,1,False,False
1190, Amélioration de matériaux amortisseurs renforcés,2700,3000,254,14,0,100,0,1190,1319,0,0,0,1025,928,0,0,3,3,0,0,1,False,False
1191, Perfectionnement de matériaux antigravitationnels,1000,1500,255,14,0,100,0,1191,1320,0,0,0,1026,929,0,0,3,3,0,0,1,False,False
1192, Tentes adaptées à l'environnement,1600,2100,257,14,0,100,0,1192,1321,0,0,0,1027,930,0,0,0,3,0,0,1,False,False
1193,Matériaux fibreux innovants sup­plé­men­tai­res,1000,1600,252,14,0,100,0,1193,1322,0,0,0,1028,931,0,0,0,4,0,0,0,False,False
1194,Traitement de matériaux combustibles et conservation d'échan­til­lons,1000,1600,253,14,0,100,0,1194,1323,0,0,0,1029,932,0,0,0,4,0,0,0,False,False
1195,Matériaux amortisseurs ultraperformants,1400,2000,254,14,0,100,0,1195,1324,0,0,0,1030,933,0,0,3,4,0,0,0,False,False
1196,Aide à l'élaboration de solutions antigravitationnelles,1400,2000,255,14,0,100,0,1196,1325,0,0,0,1031,934,0,0,3,4,0,0,0,False,False
1197,Traitement de pointe de ressources d'adaptation environnementale,1000,1600,256,14,0,100,1200,1197,1326,0,0,0,1032,935,0,0,0,4,0,0,0,False,False
1198,Tente de haute sécurité,880,1050,257,14,0,100,1200,1198,1327,0,0,0,1033,936,0,0,0,4,0,0,0,False,False
1199,EX : Aide à la production massive de matériaux de transport,800,1000,258,14,0,100,1200,1199,1328,0,0,0,1034,937,0,0,3,5,0,0,0,False,False
1200,EX : Matériels d'excavation essentiels,800,1000,259,14,0,100,0,1200,1329,0,0,0,1035,938,0,0,3,5,0,0,0,False,False
1201,EX : Appui matériel au site d'excavation,800,1000,260,14,0,100,0,1201,1330,0,0,0,1036,939,0,0,3,5,0,0,0,False,False
1202,EX : Articles de vacances à la plage,1000,1600,261,14,0,100,0,1202,1331,0,0,0,1037,940,0,0,0,5,17,15,0,False,False
1203,EX+ : Contrôle de l'ex­ploi­ta­tion des ressources planétaires,980,1080,262,14,0,100,0,1203,1332,0,0,0,1038,941,0,0,3,6,0,20,0,False,False
1204,EX+ : Traitement avancé de ressources végétales,1800,2000,263,14,0,100,540,1204,1333,0,0,0,1039,942,0,0,3,6,0,23,0,False,False
1205,EX+ : Élément ornemental pour tenue de seigneur Casque Sombre,980,1080,264,14,0,100,0,1205,1334,0,0,0,1040,943,0,0,3,6,18,11,0,False,False
1206,EX+ : Amélioration d'élément ornemental pour tenue de seigneur Casque Sombre,980,1080,264,14,0,100,600,1206,1335,0,0,1205,1041,944,0,0,3,6,18,0,0,False,False
1207,EX+ : Perfectionnement d'élément ornemental pour tenue de seigneur Casque Sombre,1000,1080,264,14,0,100,480,1207,1336,0,0,1206,1042,945,0,0,0,6,18,0,0,False,False
1208, Réserves d'eau d'urgence,1200,2400,265,15,0,100,0,1208,1337,0,0,0,1043,946,0,0,0,1,0,0,1,False,False
1209, Ferrofluide pour matériel d'exploration,1200,2400,266,15,0,100,0,1209,1338,0,0,0,1044,947,0,0,0,1,0,0,1,False,False
1210, Aide à la fabrication de matériaux antisismiques,1200,2400,267,15,0,100,0,1210,1339,0,0,0,1045,948,0,0,0,1,0,0,1,False,False
1211, Recherche sur les combustibles recyclés,1200,2400,268,15,0,100,0,1211,1340,0,0,0,1046,949,0,0,0,1,0,0,1,False,False
1212, Protection des sources d'eau,1200,2400,265,15,0,100,0,1212,1341,0,0,0,1047,950,0,0,0,2,0,0,1,False,False
1213, Ferrofluide pour machines de précision,1200,2400,266,15,0,100,0,1213,1342,0,0,0,1048,951,0,0,0,2,0,0,1,False,False
1214, Amélioration des matériaux antisismiques,1300,3000,267,15,0,100,0,1214,1343,0,0,0,1049,952,0,0,3,2,0,0,1,False,False
1215, Amélioration des combustibles recyclés,700,1500,268,15,0,100,0,1215,1344,0,0,0,1050,953,0,0,3,2,0,0,1,False,False
1216, Échantillons de sources d'eau,1600,2400,265,15,0,100,0,1216,1345,0,0,0,1051,954,0,0,0,3,0,0,1,False,False
1217, Ferrofluide pour poupées magiques,1600,2400,266,15,0,100,0,1217,1346,0,0,0,1052,955,0,0,0,3,0,0,1,False,False
1218, Aide à la fabrication de matériaux résistants aux tempêtes,2700,3000,267,15,0,100,0,1218,1347,0,0,0,1053,956,0,0,3,3,0,0,1,False,False
1219, Support à l'élaboration de combustibles recyclés,1000,1500,268,15,0,100,0,1219,1348,0,0,0,1054,957,0,0,3,3,0,0,1,False,False
1220, Réserves d'aliments préservés de qualité,1600,2100,270,15,0,100,0,1220,1349,0,0,0,1055,958,0,0,0,3,0,0,1,False,False
1221,Obtention d'eau ultra-pure,1000,1600,265,15,0,100,0,1221,1350,0,0,0,1056,959,0,0,0,4,0,0,0,False,False
1222,Ferrofluide pour matériel de communication avancé,1000,1600,266,15,0,100,0,1222,1351,0,0,0,1057,960,0,0,0,4,0,0,0,False,False
1223,Matériaux de renforcement des ruines,1400,2000,267,15,0,100,0,1223,1352,0,0,0,1058,961,0,0,3,4,0,0,0,False,False
1224,Amélioration de l'élaboration de carburant recyclé,1400,2000,268,15,0,100,0,1224,1353,0,0,0,1059,962,0,0,3,4,0,0,0,False,False
1225,Amélioration des réserves d'aliments préservés de qualité,1000,1600,269,15,0,100,1200,1225,1354,0,0,0,1060,963,0,0,0,4,0,0,0,False,False
1226,Perfectionnement des réserves d'aliments préservés de qualité,880,1050,270,15,0,100,1200,1226,1355,0,0,0,1061,964,0,0,0,4,0,0,0,False,False
1227,EX : Amélioration du sagepain,800,1000,271,15,0,100,1200,1227,1356,0,0,0,1062,965,0,0,3,5,0,0,0,False,False
1228,EX : Recherche sur les levures,800,1000,272,15,0,100,0,1228,1357,0,0,0,1063,966,0,0,3,5,0,0,0,False,False
1229,EX : Inspection des cultures,800,1000,273,15,0,100,0,1229,1358,0,0,0,1064,967,0,0,3,5,0,0,0,False,False
1230,EX : Amélioration du ra­vi­tail­le­ment des postes extérieurs,1000,1600,274,15,0,100,0,1230,1359,0,0,0,1065,968,0,0,0,5,17,23,0,False,False
1231,EX+ : Matériaux pour la restauration des structures cristallines,980,1080,275,15,0,100,0,1231,1360,0,0,0,1066,969,0,0,3,6,0,21,0,False,False
1232,EX+ : Matériaux pour fouilles archéologiques,1800,2000,276,15,0,100,540,1232,1361,0,0,0,1067,970,0,0,3,6,0,15,0,False,False
1233,EX+ : Renforcement des outils cosmiques,980,1080,277,15,0,100,0,1233,1362,0,0,0,1068,971,0,0,3,6,18,4,0,False,False
1234,EX+ : Amélioration des outils cosmiques,980,1080,277,15,0,100,600,1234,1363,0,0,1233,1069,972,0,0,3,6,18,0,0,False,False
1235,EX+ : Perfectionnement des outils cosmiques,1000,1080,277,15,0,100,480,1235,1364,0,0,1234,1070,973,0,0,0,6,18,0,0,False,False
1236, Réserves d'eau d'urgence,1200,2400,265,16,0,100,0,1236,1365,0,0,0,1071,974,0,0,0,1,0,0,1,False,False
1237, Ferrofluide pour matériel d'exploration,1200,2400,266,16,0,100,0,1237,1366,0,0,0,1072,975,0,0,0,1,0,0,1,False,False
1238, Aide à la fabrication de matériaux antisismiques,1200,2400,267,16,0,100,0,1238,1367,0,0,0,1073,976,0,0,0,1,0,0,1,False,False
1239, Recherche sur les engrais recyclés,1200,2400,268,16,0,100,0,1239,1368,0,0,0,1074,977,0,0,0,1,0,0,1,False,False
1240, Protection des sources d'eau,1200,2400,265,16,0,100,0,1240,1369,0,0,0,1075,978,0,0,0,2,0,0,1,False,False
1241, Ferrofluide pour machines de précision,1200,2400,266,16,0,100,0,1241,1370,0,0,0,1076,979,0,0,0,2,0,0,1,False,False
1242, Amélioration des matériaux antisismiques,1300,3000,267,16,0,100,0,1242,1371,0,0,0,1077,980,0,0,3,2,0,0,1,False,False
1243, Amélioration des combustibles recyclés,700,1500,268,16,0,100,0,1243,1372,0,0,0,1078,981,0,0,3,2,0,0,1,False,False
1244, Échantillons de sources d'eau,1600,2400,265,16,0,100,0,1244,1373,0,0,0,1079,982,0,0,0,3,0,0,1,False,False
1245, Ferrofluide pour poupées magiques,1600,2400,266,16,0,100,0,1245,1374,0,0,0,1080,983,0,0,0,3,0,0,1,False,False
1246, Aide à la fabrication de matériaux résistants aux tempêtes,2700,3000,267,16,0,100,0,1246,1375,0,0,0,1081,984,0,0,3,3,0,0,1,False,False
1247, Support à l'élaboration de combustibles recyclés,1000,1500,268,16,0,100,0,1247,1376,0,0,0,1082,985,0,0,3,3,0,0,1,False,False
1248, Réserves d'aliments préservés de qualité,1600,2100,270,16,0,100,0,1248,1377,0,0,0,1083,986,0,0,0,3,0,0,1,False,False
1249,Obtention d'eau ultra-pure,1000,1600,265,16,0,100,0,1249,1378,0,0,0,1084,987,0,0,0,4,0,0,0,False,False
1250,Ferrofluide pour matériel de communication avancé,1000,1600,266,16,0,100,0,1250,1379,0,0,0,1085,988,0,0,0,4,0,0,0,False,False
1251,Matériaux de renforcement des ruines,1400,2000,267,16,0,100,0,1251,1380,0,0,0,1086,989,0,0,3,4,0,0,0,False,False
1252,Amélioration de l'élaboration de carburant recyclé,1400,2000,268,16,0,100,0,1252,1381,0,0,0,1087,990,0,0,3,4,0,0,0,False,False
1253,Amélioration des réserves d'aliments préservés de qualité,1000,1600,269,16,0,100,1200,1253,1382,0,0,0,1088,991,0,0,0,4,0,0,0,False,False
1254,Perfectionnement des réserves d'aliments préservés de qualité,880,1050,270,16,0,100,1200,1254,1383,0,0,0,1089,992,0,0,0,4,0,0,0,False,False
1255,EX : Amélioration du sagepain,800,1000,271,16,0,100,1200,1255,1384,0,0,0,1090,993,0,0,3,5,0,0,0,False,False
1256,EX : Recherche sur les levures,800,1000,272,16,0,100,0,1256,1385,0,0,0,1091,994,0,0,3,5,0,0,0,False,False
1257,EX : Inspection des cultures,800,1000,273,16,0,100,0,1257,1386,0,0,0,1092,995,0,0,3,5,0,0,0,False,False
1258,EX : Amélioration du ra­vi­tail­le­ment des postes extérieurs,1000,1600,274,16,0,100,0,1258,1387,0,0,0,1093,996,0,0,0,5,17,15,0,False,False
1259,EX+ : Matériaux pour la restauration des structures cristallines,980,1080,275,16,0,100,0,1259,1388,0,0,0,1094,997,0,0,3,6,0,22,0,False,False
1260,EX+ : Matériaux pour fouilles archéologiques,1800,2000,276,16,0,100,540,1260,1389,0,0,0,1095,998,0,0,3,6,0,23,0,False,False
1261,EX+ : Affinage des outils cosmiques,980,1080,277,16,0,100,0,1261,1390,0,0,0,1096,999,0,0,3,6,18,2,0,False,False
1262,EX+ : Amélioration des outils cosmiques,980,1080,277,16,0,100,600,1262,1391,0,0,1261,1097,1000,0,0,3,6,18,0,0,False,False
1263,EX+ : Perfectionnement des outils cosmiques,1000,1080,277,16,0,100,480,1263,1392,0,0,1262,1098,1001,0,0,0,6,18,0,0,False,False
1264, Étude des sols autour de la base,1550,1700,278,17,0,100,600,1264,1113,0,0,0,0,0,5408,0,0,1,0,0,1,False,False
1265, Étude de la gravité environnante,4920,5020,279,17,0,100,600,1265,1114,0,0,0,0,0,5408,0,0,1,0,0,1,False,False
1266, Livraison de minerais communs,1550,1700,280,17,0,100,600,1266,1115,0,0,0,0,0,5408,0,0,1,0,0,1,False,False
1267, Récolte continue d'agates d'Oizys,750,850,281,17,0,100,600,1267,1116,0,0,0,0,0,5408,0,0,1,0,0,1,False,False
1268, Étude du désert de l'Emporte-brise,1550,1700,278,17,0,100,600,1268,1117,0,0,0,0,0,5408,0,0,2,0,0,1,False,False
1269, Étude de minéraux éthéréens,4920,5020,279,17,0,100,600,1269,1118,0,0,0,0,0,5408,0,0,2,0,0,1,False,False
1270, Livraison de matériel antigravitationnel,1550,1700,280,17,0,100,600,1270,1119,0,0,0,0,0,5408,0,0,2,0,0,1,False,False
1271, Étude de matériaux antigravitationnels,1600,2000,282,17,0,100,600,1271,1120,0,0,0,0,0,5408,0,0,2,0,0,1,False,False
1272, Étude des sols du cap Géras,1550,1700,278,17,0,100,600,1272,1121,0,0,0,0,0,5419,0,0,3,0,0,1,False,False
1273, Étude de matériaux d'entretien,4920,5020,279,17,0,100,600,1273,1122,0,0,0,0,0,5419,0,0,3,0,0,1,False,False
1274, Livraison de matériaux éthéréens,1550,1700,280,17,0,100,600,1274,1123,0,0,0,0,0,5419,0,0,3,0,0,1,False,False
1275, Étude de matériaux éthéréens,1600,2000,282,17,0,100,600,1275,1124,0,0,0,0,0,5419,0,0,3,0,0,1,False,False
1276, Essais de récolte continue sur Oizys,2350,2850,283,17,0,100,600,1276,1125,0,0,0,0,0,5419,0,0,3,0,0,1,False,False
1277,Étude des sols autour de L'Ancre,2350,2500,278,17,0,100,600,1277,1126,0,0,0,0,0,5422,0,0,4,0,0,0,False,False
1278,Livraison de nouvelles matières premières,2600,3000,280,17,0,100,600,1278,1127,0,0,0,0,0,5409,0,0,4,0,0,0,False,False
1279,Livraison d'alun d'Oizys,600,700,285,17,0,100,600,1279,1128,0,0,0,0,0,5422,0,3,4,0,0,0,False,False
1280,Livraison de poudre antigravitationnelle,1130,1370,286,17,0,100,600,1280,1129,0,0,0,0,0,5422,0,3,4,0,0,0,False,False
1281,Éthérolyse de matériaux polyvalents,3700,4100,284,17,0,100,600,1281,1130,0,0,0,0,0,5412,0,4,4,17,23,0,False,False
1282,Éthérolyse des strates d'Oizys,1350,1600,287,17,0,100,600,1282,1131,0,0,0,0,0,5409,0,4,4,0,0,0,False,False
1283,EX : Livraison de minéraux chargés en éther,4100,4200,279,17,0,100,600,1283,1132,0,0,0,0,0,5422,0,0,5,0,0,0,False,False
1284,EX : Récolte continue d'indicolite,4200,4800,281,17,0,100,600,1284,1133,0,0,0,0,0,5409,0,0,5,0,0,0,False,False
1285,EX : Étude des strates,5200,6400,282,17,0,100,600,1285,1134,0,0,0,0,0,5409,0,0,5,0,0,0,False,False
1286,EX : Essais de récolte continue de matériaux rares,9100,10800,283,17,0,100,600,1286,1135,0,0,0,0,0,5409,0,0,5,0,0,0,False,False
1287,EX+ : Éthérolyse de ressources d'exploration,900,1300,284,17,0,100,300,1287,1136,0,0,0,0,0,5409,0,4,6,0,15,0,False,False
1288,EX+ : Étude de minéraux éthéréens rares,1700,1800,279,17,0,100,300,1288,1137,0,0,0,0,0,5408,0,0,6,0,20,0,False,False
1289,EX+ : Fouilles des ruines souterraines,6400,7400,288,17,0,100,150,1289,1138,0,0,0,0,0,5413,0,0,6,18,2,0,False,False
1290,EX+ : Analyse organique des pionniers,9900,11400,288,17,0,100,120,1290,1139,0,0,1289,0,0,5413,0,0,6,18,0,0,False,False
1291,EX+ : Fouilles de vestiges des pionniers,1400,1750,288,17,0,100,300,1291,1140,0,0,1290,0,0,5413,0,3,6,18,0,0,False,False
1292, Étude des plantes autour de la base,1550,1700,278,18,0,100,600,1292,1141,0,0,0,0,0,5409,0,0,1,0,0,1,False,False
1293, Étude des nœuds éthérés environnants,4920,5020,279,18,0,100,600,1293,1142,0,0,0,0,0,5409,0,0,1,0,0,1,False,False
1294, Livraison de plantes communes,1550,1700,280,18,0,100,600,1294,1143,0,0,0,0,0,5409,0,0,1,0,0,1,False,False
1295, Récolte continue d'herbe régolithe,750,850,281,18,0,100,600,1295,1144,0,0,0,0,0,5409,0,0,1,0,0,1,False,False
1296, Étude de plantes à l'Oasis des Pionniers,1550,1700,278,18,0,100,600,1296,1145,0,0,0,0,0,5418,0,0,2,0,0,1,False,False
1297, Étude de l'éther aquatique,4920,5020,279,18,0,100,600,1297,1146,0,0,0,0,0,5418,0,0,2,0,0,1,False,False
1298, Livraison d'échan­til­lons des Pionniers,1550,1700,280,18,0,100,600,1298,1147,0,0,0,0,0,5418,0,0,2,0,0,1,False,False
1299, Étude d'échan­til­lons des Pionniers,1600,2000,282,18,0,100,600,1299,1148,0,0,0,0,0,5418,0,0,2,0,0,1,False,False
1300, Étude des plantes au Reg levant,1550,1700,278,18,0,100,600,1300,1149,0,0,0,0,0,5409,0,0,3,0,0,1,False,False
1301, Étude de fibres ex­cep­tion­nelles,4920,5020,279,18,0,100,600,1301,1150,0,0,0,0,0,5409,0,0,3,0,0,1,False,False
1302, Livraison de plantes surréalistes,1550,1700,280,18,0,100,600,1302,1151,0,0,0,0,0,5409,0,0,3,0,0,1,False,False
1303, Étude de plantes surréalistes,1600,2000,282,18,0,100,600,1303,1152,0,0,0,0,0,5409,0,0,3,0,0,1,False,False
1304, Essais de récolte continue sur Oizys,2350,2850,283,18,0,100,600,1304,1153,0,0,0,0,0,5409,0,0,3,0,0,1,False,False
1305,Étude des plantes du Reg levant,2350,2500,278,18,0,100,600,1305,1154,0,0,0,0,0,5409,0,0,4,0,0,0,False,False
1306,Livraison de plantes flottantes,2600,3000,280,18,0,100,600,1306,1155,0,0,0,0,0,5422,0,0,4,0,0,0,False,False
1307,Livraison de sarments de cèdre torsadé,600,700,285,18,0,100,600,1307,1156,0,0,0,0,0,5409,0,3,4,0,0,0,False,False
1308,Livraison de fibres antigravitationnelles,1130,1370,286,18,0,100,600,1308,1157,0,0,0,0,0,5409,0,3,4,0,0,0,False,False
1309,Éthérolyse de matériaux polyvalents,3700,4100,284,18,0,100,600,1309,1158,0,0,0,0,0,5409,0,4,4,0,0,0,False,False
1310,Éthérolyse des strates d'Oizys,1350,1600,287,18,0,100,600,1310,1159,0,0,0,0,0,5409,0,4,4,0,0,0,False,False
1311,EX : Livraison de végétaux chargés en éther,4100,4200,279,18,0,100,600,1311,1160,0,0,0,0,0,5409,0,0,5,0,0,0,False,False
1312,EX : Récolte continue d'anémones de terre rouge,4200,4800,281,18,0,100,600,1312,1161,0,0,0,0,0,5422,0,0,5,0,0,0,False,False
1313,EX : Étude des variations environnementales,5200,6400,282,18,0,100,600,1313,1162,0,0,0,0,0,5422,0,0,5,0,0,0,False,False
1314,EX : Essais de récolte continue de matériaux rares,9100,10800,283,18,0,100,600,1314,1163,0,0,0,0,0,5409,0,0,5,17,15,0,False,False
1315,EX+ : Éthérolyse de ressources alchimiques,900,1300,284,18,0,100,300,1315,1164,0,0,0,0,0,5409,0,4,6,0,23,0,False,False
1316,EX+ : Étude de plantes éthéréennes rares,1700,1800,279,18,0,100,300,1316,1165,0,0,0,0,0,5418,0,0,6,0,22,0,False,False
1317,EX+ : Analyse de l'environnement des ruines,6400,7400,288,18,0,100,150,1317,1166,0,0,0,0,0,5413,0,0,6,18,6,0,False,False
1318,EX+ : Analyse des nœuds éthérés des ruines,9900,11400,288,18,0,100,120,1318,1167,0,0,1317,0,0,5413,0,0,6,18,0,0,False,False
1319,EX+ : Analyse des matériaux des ruines,1400,1750,288,18,0,100,300,1319,1168,0,0,1318,0,0,5413,0,3,6,18,0,0,False,False
1320, Étude de l'impact des anomalies gravitationnelles sur la pisciculture,16750,17000,289,19,0,100,1800,1320,1393,0,0,0,1115,0,5425,0,0,1,0,0,1,False,False
1321, Étude à l'est de Mégalithopolis,14600,15300,291,19,0,100,1800,1321,1394,0,0,0,1116,0,5426,0,0,1,0,0,1,False,False
1322, Étude corrélative de l'environnement de l'Oasis des Pionniers,1200,1500,292,19,0,100,1800,1322,1395,0,0,0,1117,0,5425,0,0,1,0,0,1,False,False
1323, Livraison de matériaux temporaires pour la station,15900,16200,293,19,0,100,1800,1323,1396,0,0,0,1118,0,5426,0,0,1,0,0,1,False,False
1324, Étude de grands spécimens aquatiques,2040,3690,290,19,0,100,1800,1324,1397,0,0,0,1119,0,5425,0,0,2,0,0,1,False,False
1325, Étude de la viabilité d'appâts spécifiques,3000,4000,295,19,0,100,1800,1325,1398,0,0,0,1120,0,5426,0,0,2,0,0,1,False,False
1326, Grands échan­til­lons aquatiques en urgence,20800,26000,294,19,0,100,1800,1326,1399,0,0,0,1121,0,5425,0,0,2,0,0,1,False,False
1327, Collecte d'échan­til­lons du plateau,1200,2750,296,19,0,100,1800,1327,1400,0,0,0,1122,0,5426,0,3,2,0,0,1,False,False
1328, Étude corrélative de l'environnement de la Lisière d'Eau,2400,3000,292,19,0,100,1800,1328,1401,0,0,0,1123,0,5427,0,0,3,0,0,1,False,False
1329, Étude sur l'utilisation de bras universels d'eau douce,1600,2000,298,19,0,100,1800,1329,1402,0,0,0,1124,0,5428,0,3,3,0,0,1,False,False
1330, Soutien à l'étude des usurpoissons océaniques,7390,12940,297,19,0,100,1800,1330,1403,0,0,0,1125,0,5427,0,0,3,0,0,1,False,False
1331, Collecte d'échan­til­lons des ruines,1500,2500,296,19,0,100,1800,1331,1404,0,0,0,1126,0,5428,0,3,3,0,0,1,False,False
1332, Étude sur l'adaptation de la pisciculture aux anomalies gravitationnelles ,15100,15700,289,19,0,100,1800,1332,1405,0,0,0,1127,0,5427,0,0,3,0,0,1,False,False
1333,Étude à la galerie effondrée,14400,15100,291,19,0,100,1800,1333,1406,0,0,0,1128,0,5428,0,0,4,0,0,0,False,False
1334,Étude sur l'utilisation de paniers de mouches écarlates cosmiques,1600,2000,298,19,0,100,1800,1334,1407,0,0,0,1129,0,5428,0,3,4,0,0,0,False,False
1335,Étude de la comestibilité de produits océaniques,14300,15000,289,19,0,100,1800,1335,1408,0,0,0,1130,0,5427,0,0,4,0,0,0,False,False
1336,Étude corrélative de l'environnement du Puits de Moros,3000,3800,292,19,0,100,1800,1336,1409,0,0,0,1131,0,5429,0,0,4,0,0,0,False,False
1337,Collecte d'échan­til­lons océaniques,9000,12000,296,19,0,100,1800,1337,1410,0,0,0,1132,0,5427,0,3,4,0,0,0,False,False
1338,Étude de spécimens océaniques,5540,6290,290,19,0,100,1800,1338,1411,0,0,0,1133,0,5427,0,0,4,0,0,0,False,False
1339,EX : Étude de grands spécimens mutants,7390,14790,290,19,0,100,1800,1339,1412,0,0,0,1134,0,5428,0,0,5,0,0,0,False,False
1340,EX : Grands échan­til­lons des bas-fonds en urgence,29600,37000,294,19,0,100,1800,1340,1413,0,0,0,1135,0,5429,0,0,5,0,0,0,False,False
1341,EX : Étude corrélative de l'environnement du Terrier désertique,12000,15000,292,19,0,100,1800,1341,1414,0,0,0,1136,0,5431,0,0,5,18,0,0,False,False
1342,EX : Collecte d'échan­til­lons soumis à l'influence des anomalies gravitationnelles,4000,6000,296,19,0,100,1800,1342,1415,0,0,0,1137,0,5430,0,3,5,17,23,0,False,False
1343,EX+ : Grands échan­til­lons améliorés des bas-fonds en urgence,27000,31000,294,19,0,100,210,1343,1416,0,0,0,1138,0,5429,0,0,6,0,18,0,False,False
1344,EX+ : Étude sur l'utilisation de krills cosmiques,4880,5680,298,19,0,100,360,1344,1417,0,0,0,1139,0,5427,0,3,6,0,15,0,False,False
1345,EX+ : Soutien à l'étude des vestiges,2100,3000,299,19,0,100,540,1345,1418,0,0,0,1140,0,5430,0,0,6,18,10,0,False,False
1346,EX+ : Soutien sup­plé­men­tai­re à l'étude des vestiges,22500,35000,299,19,0,100,720,1346,1419,0,0,1345,1141,0,5429,0,3,6,18,0,0,False,False
1347,EX+ : Étude des flux aquatiques dans les profondeurs des vestiges,1000,2500,299,19,0,100,600,1347,1420,0,0,1346,1142,0,5431,0,0,6,18,0,0,False,False
1348, Combustible végétal,0,0,303,9,0,100,1200,1348,1433,1434,0,0,1099,1002,5418,24000,0,1,0,0,1,True,False
1349, Balais pour restauration,0,0,306,9,0,100,1200,1349,1435,1436,0,0,1100,1003,5409,24500,0,1,0,0,1,True,False
1350, Générateurs de gravité portables,0,0,301,10,0,100,1200,1350,1437,1438,0,0,1101,1004,5414,24000,0,1,0,0,1,True,False
1351, Lames pour cosmoforeuse,0,0,307,10,0,100,1200,1351,1439,1440,0,0,1102,1005,5417,24000,0,1,0,0,1,True,False
1352, Chaînes pour rover,0,0,302,11,0,100,1200,1352,1441,1442,0,0,1103,1006,5407,24500,0,1,0,0,1,True,False
1353, Réparation de rover,0,0,305,11,0,100,1200,1353,1443,1444,0,0,1104,1007,5409,24000,0,1,0,0,1,True,False
1354, Éclairages de secours,0,0,302,12,0,100,1200,1354,1445,1446,0,0,1105,1008,5407,24500,0,1,0,0,1,True,False
1355, Forge de coraux métalliques,0,0,304,12,0,100,1200,1355,1447,1448,0,0,1106,1009,5419,24500,0,1,0,0,1,True,False
1356, Sangles en cuir,0,0,301,13,0,100,1200,1356,1449,1450,0,0,1107,1010,5414,24000,0,1,0,0,1,True,False
1357, Gants de maintenance,0,0,305,13,0,100,1200,1357,1451,1452,0,0,1108,1011,5409,24000,0,1,0,0,1,True,False
1358, Bâches pour rover,0,0,302,14,0,100,1200,1358,1453,1454,0,0,1109,1012,5407,24500,0,1,0,0,1,True,False
1359, Bandages pour premiers secours,0,0,308,14,0,100,1200,1359,1455,1456,0,0,1110,1013,5407,24500,0,1,0,0,1,True,False
1360, Agent nettoyant pour restauration,0,0,306,15,0,100,1200,1360,1457,1458,0,0,1111,1014,5409,24500,0,1,0,0,1,True,False
1361, Onguent pour premiers secours,0,0,308,15,0,100,1200,1361,1459,1460,0,0,1112,1015,5407,24500,0,1,0,0,1,True,False
1362, Additifs pour combustible végétal,0,0,303,16,0,100,1200,1362,1461,1462,0,0,1113,1016,5418,24000,0,1,0,0,1,True,False
1363, Nouilles cosmiques,0,0,305,16,0,100,1200,1363,1463,1464,0,0,1114,1017,5409,24000,0,1,0,0,1,True,False
1364, Récolte de coraux métalliques,0,0,304,17,0,100,1200,1364,1421,1422,0,0,0,0,5419,24500,0,1,0,0,1,True,False
1365, Récolte de pierres oubliées,0,0,307,17,0,100,1200,1365,1423,1424,0,0,0,0,5417,24000,0,1,0,0,1,True,False
1366, Récolte de plantes hygrophiles,0,0,303,18,0,100,1200,1366,1425,1426,0,0,0,0,5418,24000,0,1,0,0,1,True,False
1367, Récolte de plantes médicinales,0,0,308,18,0,100,1200,1367,1427,1428,0,0,0,0,5414,24500,0,1,0,0,1,True,False
1368, Récupération de coraux métalliques,0,0,304,19,0,100,1200,1368,1429,1430,0,0,1143,0,5427,24500,0,1,0,0,1,True,False
1369, Récupération de ruines englouties,0,0,306,19,0,100,1200,1369,1431,1432,0,0,1144,0,5426,24500,0,1,0,0,1,True,False
1370, Livraison de cordages polyvalents,1200,2400,332,9,0,100,0,1370,1465,0,0,0,1145,1018,0,0,0,1,0,0,1,False,False
1371, Recherche sur les matériaux de con­struc­tion renforcés,1200,2400,333,9,0,100,0,1371,1466,0,0,0,1146,1019,0,0,0,1,0,0,1,False,False
1372, Matériaux pour la recon­struc­tion,1200,2400,334,9,0,100,0,1372,1467,0,0,0,1147,1020,0,0,0,1,0,0,1,False,False
1373, Matériaux pour le transport des échan­til­lons,1200,2400,339,9,0,100,0,1373,1468,0,0,0,1148,1021,0,0,0,1,0,0,1,False,False
1374, Cordages polyvalents sup­plé­men­tai­res,1200,2400,332,9,0,100,0,1374,1469,0,0,0,1149,1022,0,0,0,2,0,0,1,False,False
1375, Poursuite de la recherche sur les matériaux de con­struc­tion renforcés,1200,2400,333,9,0,100,0,1375,1470,0,0,0,1150,1023,0,0,0,2,0,0,1,False,False
1376, Approvisionnement en matériaux pour la recon­struc­tion,1300,3000,334,9,0,100,0,1376,1471,0,0,0,1151,1024,0,0,3,2,0,0,1,False,False
1377, Amélioration de matériaux pour le transport des échan­til­lons,700,1500,339,9,0,100,0,1377,1472,0,0,0,1152,1025,0,0,3,2,0,0,1,False,False
1378, Cordages innovants,1600,2400,332,9,0,100,0,1378,1473,0,0,0,1153,1026,0,0,0,3,0,0,1,False,False
1379, Traitement avancé de matériaux de con­struc­tion renforcés,1600,2400,333,9,0,100,0,1379,1474,0,0,0,1154,1027,0,0,0,3,0,0,1,False,False
1380, Approvisionnement stratégique en matériaux pour la recon­struc­tion,2700,3000,334,9,0,100,0,1380,1475,0,0,0,1155,1028,0,0,3,3,0,0,1,False,False
1381, Amélioration des matériaux pour le transport,1000,1500,339,9,0,100,0,1381,1476,0,0,0,1156,1029,0,0,3,3,0,0,1,False,False
1382, Matériaux d'exploration résistants aux intempéries,1600,2100,337,9,0,100,0,1382,1477,0,0,0,1157,1030,0,0,0,3,0,0,1,False,False
1383,Cordages innovants additionnels,1000,1600,332,9,0,100,0,1383,1478,0,0,0,1158,1031,0,0,0,4,0,0,0,False,False
1384,Reproduction et traitement de matériaux de con­struc­tion renforcés,1000,1600,333,9,0,100,0,1384,1479,0,0,0,1159,1032,0,0,0,4,0,0,0,False,False
1385,Composés alchimiques à usage localisé,1400,2000,334,9,0,100,0,1385,1480,0,0,0,1160,1033,0,0,3,4,0,0,0,False,False
1386,Matériaux pour jardinage,1400,2000,335,9,0,100,0,1386,1481,0,0,0,1161,1034,0,0,3,4,0,0,0,False,False
1387,Remplacement de mobilier,1000,1600,336,9,0,100,1200,1387,1482,0,0,0,1162,1035,0,0,0,4,0,0,0,False,False
1388,Amélioration de matériaux d'exploration résistants aux intempéries,880,1050,337,9,0,100,1200,1388,1483,0,0,0,1163,1036,0,0,0,4,0,0,0,False,False
1389,EX : Optimisation écologique des outils d'exploration,800,1000,338,9,0,100,1200,1389,1484,0,0,0,1164,1037,0,0,3,5,0,0,0,False,False
1390,EX : Matériaux pour le transport de qualité supérieure,800,1000,339,9,0,100,0,1390,1485,0,0,0,1165,1038,0,0,3,5,0,0,0,False,False
1391,EX : Combustible pour Auxesia,800,1000,340,9,0,100,0,1391,1486,0,0,0,1166,1039,0,0,3,5,19,17,0,False,False
1392,EX+ : Matériaux résistants aux intempéries portatifs,1800,2000,337,9,0,100,0,1392,1487,0,0,0,1167,1040,0,0,3,6,0,20,0,False,False
1393,EX+ : Combustible biologique hautement raffiné,980,1080,341,9,0,100,0,1393,1488,0,0,0,1168,1041,0,0,3,6,0,23,0,False,False
1394,EX+ : Analyse des matériaux de pionnier,1800,2000,342,9,0,100,540,1394,1489,0,0,0,1169,1042,0,0,3,6,20,15,0,False,False
1395,MM : Amélioration de combustible pour machines lourdes,0,0,343,9,0,357,300,1395,1490,1491,1492,0,1170,1043,0,0,3,6,0,0,0,False,True
1396,MM : Composés alchimiques d'exception,0,0,344,9,0,289,240,1396,1493,1494,1495,0,1171,1044,0,0,3,6,0,0,0,False,True
1397,MM : Recherche sur les carburants renouvelables,0,0,345,9,0,304,420,1397,1496,1497,1498,0,1172,1045,0,0,3,6,0,0,0,False,True
1398, Alliage multi-usage,1200,2400,318,10,0,100,0,1398,1499,0,0,0,1173,1046,0,0,0,1,0,0,1,False,False
1399, Scellage éthéréen de bronze importé,1200,2400,319,10,0,100,0,1399,1500,0,0,0,1174,1047,0,0,0,1,0,0,1,False,False
1400, Composants pour machinerie lourde,1200,2400,320,10,0,100,0,1400,1501,0,0,0,1175,1048,0,0,0,1,0,0,1,False,False
1401, Matériaux pour l'exploration urbaine,1200,2400,321,10,0,100,0,1401,1502,0,0,0,1176,1049,0,0,0,1,0,0,1,False,False
1402, Alliage multi-usage sup­plé­men­tai­re,1200,2400,318,10,0,100,0,1402,1503,0,0,0,1177,1050,0,0,0,2,0,0,1,False,False
1403, Scellage éthéréen d'argent importé,1200,2400,319,10,0,100,0,1403,1504,0,0,0,1178,1051,0,0,0,2,0,0,1,False,False
1404, Composants pour machinerie lourde (suite),1300,3000,320,10,0,100,0,1404,1505,0,0,0,1179,1052,0,0,3,2,0,0,1,False,False
1405, Livraison d'outils d'abattage,700,1500,321,10,0,100,0,1405,1506,0,0,0,1180,1053,0,0,3,2,0,0,1,False,False
1406, Alliage multi-usage amélioré,1600,2400,318,10,0,100,0,1406,1507,0,0,0,1181,1054,0,0,0,3,0,0,1,False,False
1407, Scellage éthéréen d'or importé,1600,2400,319,10,0,100,0,1407,1508,0,0,0,1182,1055,0,0,0,3,0,0,1,False,False
1408, Composants pour machinerie lourde améliorée,2700,3000,320,10,0,100,0,1408,1509,0,0,0,1183,1056,0,0,3,3,0,0,1,False,False
1409, Livraison d'outils d'abattage sup­plé­men­tai­res,1000,1500,321,10,0,100,0,1409,1510,0,0,0,1184,1057,0,0,3,3,0,0,1,False,False
1410, Matériaux pour l'exploration sup­plé­men­tai­res,1600,2100,324,10,0,100,0,1410,1511,0,0,0,1185,1058,0,0,0,3,0,0,1,False,False
1411,Alliage multi-usage sup­plé­men­tai­re,1000,1600,318,10,0,100,0,1411,1512,0,0,0,1186,1059,0,0,0,4,0,0,0,False,False
1412,Scellage éthéréen de platine importé,1000,1600,319,10,0,100,0,1412,1513,0,0,0,1187,1060,0,0,0,4,0,0,0,False,False
1413,Élaboration d'outils d'abattage avancés,1400,2000,320,10,0,100,0,1413,1514,0,0,0,1188,1061,0,0,3,4,0,0,0,False,False
1414,Matériel pour l'exploration urbaine,1400,2000,321,10,0,100,0,1414,1515,0,0,0,1189,1062,0,0,3,4,0,0,0,False,False
1415,Outils d'observation de l'éther,1000,1600,322,10,0,100,1200,1415,1516,0,0,0,1190,1063,0,0,0,4,0,0,0,False,False
1416,Composants durables pour machinerie lourde améliorée,880,1050,323,10,0,100,1200,1416,1517,0,0,0,1191,1064,0,0,0,4,0,0,0,False,False
1417,EX : Matériaux de qualité pour l'exploration,800,1000,324,10,0,100,1200,1417,1518,0,0,0,1192,1065,0,0,3,5,0,0,0,False,False
1418,EX : Livraison de câble durable,800,1000,325,10,0,100,0,1418,1519,0,0,0,1193,1066,0,0,3,5,0,0,0,False,False
1419,EX : Matériel de gestion environnementale,800,1000,326,10,0,100,0,1419,1520,0,0,0,1194,1067,0,0,3,5,19,19,0,False,False
1420,EX+ : Reproduction d'artefacts des pionniers,1800,2000,327,10,0,100,0,1420,1521,0,0,0,1195,1068,0,0,3,6,0,22,0,False,False
1421,EX+ : Outils d'observation de l'éther (suite),980,1080,322,10,0,100,0,1421,1522,0,0,0,1196,1069,0,0,3,6,0,15,0,False,False
1422,EX+ : Outils d'observation de l'éther améliorés,1800,2000,328,10,0,100,540,1422,1523,0,0,0,1197,1070,0,0,3,6,20,23,0,False,False
1423,MM : Foreuses améliorées,0,0,329,10,0,357,300,1423,1524,1525,1526,0,1198,1071,0,0,3,6,0,0,0,False,True
1424,MM : Éléments de restauration urbaine,0,0,330,10,0,289,240,1424,1527,1528,1529,0,1199,1072,0,0,3,6,0,0,0,False,True
1425,MM : Reproduction de maquettes des pionniers,0,0,331,10,0,304,420,1425,1530,1531,1532,0,1200,1073,0,0,3,6,0,0,0,False,True
1426, Alliage multi-usage,1200,2400,318,11,0,100,0,1426,1533,0,0,0,1201,1074,0,0,0,1,0,0,1,False,False
1427, Scellage éthéréen de bronze importé,1200,2400,319,11,0,100,0,1427,1534,0,0,0,1202,1075,0,0,0,1,0,0,1,False,False
1428, Composants pour machinerie lourde,1200,2400,320,11,0,100,0,1428,1535,0,0,0,1203,1076,0,0,0,1,0,0,1,False,False
1429, Matériaux pour l'exploration urbaine,1200,2400,321,11,0,100,0,1429,1536,0,0,0,1204,1077,0,0,0,1,0,0,1,False,False
1430, Alliage multi-usage sup­plé­men­tai­re,1200,2400,318,11,0,100,0,1430,1537,0,0,0,1205,1078,0,0,0,2,0,0,1,False,False
1431, Scellage éthéréen d'argent importé,1200,2400,319,11,0,100,0,1431,1538,0,0,0,1206,1079,0,0,0,2,0,0,1,False,False
1432, Composants pour machinerie lourde (suite),1300,3000,320,11,0,100,0,1432,1539,0,0,0,1207,1080,0,0,3,2,0,0,1,False,False
1433, Livraison d'outils d'abattage,700,1500,321,11,0,100,0,1433,1540,0,0,0,1208,1081,0,0,3,2,0,0,1,False,False
1434, Alliage multi-usage amélioré,1600,2400,318,11,0,100,0,1434,1541,0,0,0,1209,1082,0,0,0,3,0,0,1,False,False
1435, Scellage éthéréen d'or importé,1600,2400,319,11,0,100,0,1435,1542,0,0,0,1210,1083,0,0,0,3,0,0,1,False,False
1436, Composants pour machinerie lourde améliorée,2700,3000,320,11,0,100,0,1436,1543,0,0,0,1211,1084,0,0,3,3,0,0,1,False,False
1437, Livraison d'outils d'abattage sup­plé­men­tai­res,1000,1500,321,11,0,100,0,1437,1544,0,0,0,1212,1085,0,0,3,3,0,0,1,False,False
1438, Matériaux pour l'exploration sup­plé­men­tai­res,1600,2100,324,11,0,100,0,1438,1545,0,0,0,1213,1086,0,0,0,3,0,0,1,False,False
1439,Alliage multi-usage sup­plé­men­tai­re,1000,1600,318,11,0,100,0,1439,1546,0,0,0,1214,1087,0,0,0,4,0,0,0,False,False
1440,Scellage éthéréen de platine importé,1000,1600,319,11,0,100,0,1440,1547,0,0,0,1215,1088,0,0,0,4,0,0,0,False,False
1441,Élaboration d'outils d'abattage avancés,1400,2000,320,11,0,100,0,1441,1548,0,0,0,1216,1089,0,0,3,4,0,0,0,False,False
1442,Matériel pour l'exploration urbaine,1400,2000,321,11,0,100,0,1442,1549,0,0,0,1217,1090,0,0,3,4,0,0,0,False,False
1443,Outils d'observation de l'éther,1000,1600,322,11,0,100,1200,1443,1550,0,0,0,1218,1091,0,0,0,4,0,0,0,False,False
1444,Composants durables pour machinerie lourde améliorée,880,1050,323,11,0,100,1200,1444,1551,0,0,0,1219,1092,0,0,0,4,0,0,0,False,False
1445,EX : Matériaux de qualité pour l'exploration,800,1000,324,11,0,100,1200,1445,1552,0,0,0,1220,1093,0,0,3,5,0,0,0,False,False
1446,EX : Livraison de câble durable,800,1000,325,11,0,100,0,1446,1553,0,0,0,1221,1094,0,0,3,5,0,0,0,False,False
1447,EX : Matériel de gestion environnementale,800,1000,326,11,0,100,0,1447,1554,0,0,0,1222,1095,0,0,3,5,19,19,0,False,False
1448,EX+ : Reproduction d'artefacts des pionniers,1800,2000,327,11,0,100,0,1448,1555,0,0,0,1223,1096,0,0,3,6,0,22,0,False,False
1449,EX+ : Outils d'observation de l'éther (suite),980,1080,322,11,0,100,0,1449,1556,0,0,0,1224,1097,0,0,3,6,0,23,0,False,False
1450,EX+ : Outils d'observation de l'éther améliorés,1800,2000,328,11,0,100,540,1450,1557,0,0,0,1225,1098,0,0,3,6,20,15,0,False,False
1451,MM : Aspergeurs de formule améliorés,0,0,329,11,0,357,300,1451,1558,1559,1560,0,1226,1099,0,0,3,6,0,0,0,False,True
1452,MM : Éléments de restauration urbaine,0,0,330,11,0,289,240,1452,1561,1562,1563,0,1227,1100,0,0,3,6,0,0,0,False,True
1453,MM : Reproduction de terminaux des pionniers,0,0,331,11,0,304,420,1453,1564,1565,1566,0,1228,1101,0,0,3,6,0,0,0,False,True
1454, Alliage multi-usage,1200,2400,318,12,0,100,0,1454,1567,0,0,0,1229,1102,0,0,0,1,0,0,1,False,False
1455, Scellage éthéréen de bronze importé,1200,2400,319,12,0,100,0,1455,1568,0,0,0,1230,1103,0,0,0,1,0,0,1,False,False
1456, Composants pour machinerie lourde,1200,2400,320,12,0,100,0,1456,1569,0,0,0,1231,1104,0,0,0,1,0,0,1,False,False
1457, Matériaux pour l'exploration urbaine,1200,2400,321,12,0,100,0,1457,1570,0,0,0,1232,1105,0,0,0,1,0,0,1,False,False
1458, Alliage multi-usage sup­plé­men­tai­re,1200,2400,318,12,0,100,0,1458,1571,0,0,0,1233,1106,0,0,0,2,0,0,1,False,False
1459, Scellage éthéréen d'argent importé,1200,2400,319,12,0,100,0,1459,1572,0,0,0,1234,1107,0,0,0,2,0,0,1,False,False
1460, Composants pour machinerie lourde (suite),1300,3000,320,12,0,100,0,1460,1573,0,0,0,1235,1108,0,0,3,2,0,0,1,False,False
1461, Livraison d'outils d'abattage,700,1500,321,12,0,100,0,1461,1574,0,0,0,1236,1109,0,0,3,2,0,0,1,False,False
1462, Alliage multi-usage amélioré,1600,2400,318,12,0,100,0,1462,1575,0,0,0,1237,1110,0,0,0,3,0,0,1,False,False
1463, Scellage éthéréen d'or importé,1600,2400,319,12,0,100,0,1463,1576,0,0,0,1238,1111,0,0,0,3,0,0,1,False,False
1464, Composants pour machinerie lourde améliorée,2700,3000,320,12,0,100,0,1464,1577,0,0,0,1239,1112,0,0,3,3,0,0,1,False,False
1465, Livraison d'outils d'abattage sup­plé­men­tai­res,1000,1500,321,12,0,100,0,1465,1578,0,0,0,1240,1113,0,0,3,3,0,0,1,False,False
1466, Matériaux pour l'exploration sup­plé­men­tai­res,1600,2100,324,12,0,100,0,1466,1579,0,0,0,1241,1114,0,0,0,3,0,0,1,False,False
1467,Alliage multi-usage sup­plé­men­tai­re,1000,1600,318,12,0,100,0,1467,1580,0,0,0,1242,1115,0,0,0,4,0,0,0,False,False
1468,Scellage éthéréen de platine importé,1000,1600,319,12,0,100,0,1468,1581,0,0,0,1243,1116,0,0,0,4,0,0,0,False,False
1469,Élaboration d'outils d'abattage avancés,1400,2000,320,12,0,100,0,1469,1582,0,0,0,1244,1117,0,0,3,4,0,0,0,False,False
1470,Matériel pour l'exploration urbaine,1400,2000,321,12,0,100,0,1470,1583,0,0,0,1245,1118,0,0,3,4,0,0,0,False,False
1471,Outils d'observation de l'éther,1000,1600,322,12,0,100,1200,1471,1584,0,0,0,1246,1119,0,0,0,4,0,0,0,False,False
1472,Composants durables pour machinerie lourde améliorée,880,1050,323,12,0,100,1200,1472,1585,0,0,0,1247,1120,0,0,0,4,0,0,0,False,False
1473,EX : Matériaux de qualité pour l'exploration,800,1000,324,12,0,100,1200,1473,1586,0,0,0,1248,1121,0,0,3,5,0,0,0,False,False
1474,EX : Livraison de câble métallique durable,800,1000,325,12,0,100,0,1474,1587,0,0,0,1249,1122,0,0,3,5,0,0,0,False,False
1475,EX : Matériel de gestion environnementale,800,1000,326,12,0,100,0,1475,1588,0,0,0,1250,1123,0,0,3,5,19,19,0,False,False
1476,EX+ : Reproduction d'artefacts des pionniers,1800,2000,327,12,0,100,0,1476,1589,0,0,0,1251,1124,0,0,3,6,0,22,0,False,False
1477,EX+ : Outils d'observation de l'éther (suite),980,1080,322,12,0,100,0,1477,1590,0,0,0,1252,1125,0,0,3,6,0,15,0,False,False
1478,EX+ : Outils d'observation de l'éther améliorés,1800,2000,328,12,0,100,540,1478,1591,0,0,0,1253,1126,0,0,3,6,20,23,0,False,False
1479,MM : Machines à souder améliorées,0,0,329,12,0,357,300,1479,1592,1593,1594,0,1254,1127,0,0,3,6,0,0,0,False,True
1480,MM : Éléments de restauration urbaine,0,0,330,12,0,289,240,1480,1595,1596,1597,0,1255,1128,0,0,3,6,0,0,0,False,True
1481,MM : Reproduction d'écrans des pionniers,0,0,331,12,0,304,420,1481,1598,1599,1600,0,1256,1129,0,0,3,6,0,0,0,False,True
1482, Livraison de cordages polyvalents,1200,2400,332,13,0,100,0,1482,1601,0,0,0,1257,1130,0,0,0,1,0,0,1,False,False
1483, Recherche sur les matériaux de con­struc­tion renforcés,1200,2400,333,13,0,100,0,1483,1602,0,0,0,1258,1131,0,0,0,1,0,0,1,False,False
1484, Matériaux pour la recon­struc­tion,1200,2400,334,13,0,100,0,1484,1603,0,0,0,1259,1132,0,0,0,1,0,0,1,False,False
1485, Matériaux pour le transport des échan­til­lons,1200,2400,339,13,0,100,0,1485,1604,0,0,0,1260,1133,0,0,0,1,0,0,1,False,False
1486, Cordages polyvalents sup­plé­men­tai­res,1200,2400,332,13,0,100,0,1486,1605,0,0,0,1261,1134,0,0,0,2,0,0,1,False,False
1487, Poursuite de la recherche sur les matériaux de con­struc­tion renforcés,1200,2400,333,13,0,100,0,1487,1606,0,0,0,1262,1135,0,0,0,2,0,0,1,False,False
1488, Approvisionnement en matériaux pour la recon­struc­tion,1300,3000,334,13,0,100,0,1488,1607,0,0,0,1263,1136,0,0,3,2,0,0,1,False,False
1489, Amélioration de matériaux pour le transport des échan­til­lons,700,1500,339,13,0,100,0,1489,1608,0,0,0,1264,1137,0,0,3,2,0,0,1,False,False
1490, Cordages innovants,1600,2400,332,13,0,100,0,1490,1609,0,0,0,1265,1138,0,0,0,3,0,0,1,False,False
1491, Traitement avancé de matériaux de con­struc­tion renforcés,1600,2400,333,13,0,100,0,1491,1610,0,0,0,1266,1139,0,0,0,3,0,0,1,False,False
1492, Approvisionnement stratégique en matériaux pour la recon­struc­tion,2700,3000,334,13,0,100,0,1492,1611,0,0,0,1267,1140,0,0,3,3,0,0,1,False,False
1493, Amélioration des matériaux pour le transport,1000,1500,339,13,0,100,0,1493,1612,0,0,0,1268,1141,0,0,3,3,0,0,1,False,False
1494, Matériaux d'exploration résistants aux intempéries,1600,2100,337,13,0,100,0,1494,1613,0,0,0,1269,1142,0,0,0,3,0,0,1,False,False
1495,Cordages innovants additionnels,1000,1600,332,13,0,100,0,1495,1614,0,0,0,1270,1143,0,0,0,4,0,0,0,False,False
1496,Reproduction et traitement de matériaux de con­struc­tion renforcés,1000,1600,333,13,0,100,0,1496,1615,0,0,0,1271,1144,0,0,0,4,0,0,0,False,False
1497,Composés alchimiques à usage localisé,1400,2000,334,13,0,100,0,1497,1616,0,0,0,1272,1145,0,0,3,4,0,0,0,False,False
1498,Matériaux pour jardinage,1400,2000,335,13,0,100,0,1498,1617,0,0,0,1273,1146,0,0,3,4,0,0,0,False,False
1499,Remplacement de mobilier,1000,1600,336,13,0,100,1200,1499,1618,0,0,0,1274,1147,0,0,0,4,0,0,0,False,False
1500,Amélioration de matériaux d'exploration résistants aux intempéries,880,1050,337,13,0,100,1200,1500,1619,0,0,0,1275,1148,0,0,0,4,0,0,0,False,False
1501,EX : Optimisation écologique des outils d'exploration,800,1000,338,13,0,100,1200,1501,1620,0,0,0,1276,1149,0,0,3,5,0,0,0,False,False
1502,EX : Matériaux pour le transport de qualité supérieure,800,1000,339,13,0,100,0,1502,1621,0,0,0,1277,1150,0,0,3,5,0,0,0,False,False
1503,EX : Combustible pour Auxesia,800,1000,340,13,0,100,0,1503,1622,0,0,0,1278,1151,0,0,3,5,19,17,0,False,False
1504,EX+ : Matériaux résistants aux intempéries portatifs,1800,2000,337,13,0,100,0,1504,1623,0,0,0,1279,1152,0,0,3,6,0,20,0,False,False
1505,EX+ : Combinaison d'opérateur,980,1080,341,13,0,100,0,1505,1624,0,0,0,1280,1153,0,0,3,6,0,23,0,False,False
1506,EX+ : Analyse des matériaux de pionnier,1800,2000,342,13,0,100,540,1506,1625,0,0,0,1281,1154,0,0,3,6,20,15,0,False,False
1507,MM : Amélioration de combinaison cosmique,0,0,343,13,0,357,300,1507,1626,1627,1628,0,1282,1155,0,0,3,6,0,0,0,False,True
1508,MM : Amélioration de combinaison de pilote,0,0,344,13,0,289,240,1508,1629,1630,1631,0,1283,1156,0,0,3,6,0,0,0,False,True
1509,MM : Amélioration de combinaison cosmo-alimentée,0,0,345,13,0,304,420,1509,1632,1633,1634,0,1284,1157,0,0,3,6,0,0,0,False,True
1510, Livraison de cordages polyvalents,1200,2400,332,14,0,100,0,1510,1635,0,0,0,1285,1158,0,0,0,1,0,0,1,False,False
1511, Recherche sur les matériaux de con­struc­tion renforcés,1200,2400,333,14,0,100,0,1511,1636,0,0,0,1286,1159,0,0,0,1,0,0,1,False,False
1512, Matériaux pour la recon­struc­tion,1200,2400,334,14,0,100,0,1512,1637,0,0,0,1287,1160,0,0,0,1,0,0,1,False,False
1513, Matériaux pour le transport des échan­til­lons,1200,2400,339,14,0,100,0,1513,1638,0,0,0,1288,1161,0,0,0,1,0,0,1,False,False
1514, Cordages polyvalents sup­plé­men­tai­res,1200,2400,332,14,0,100,0,1514,1639,0,0,0,1289,1162,0,0,0,2,0,0,1,False,False
1515, Poursuite de la recherche sur les matériaux de con­struc­tion renforcés,1200,2400,333,14,0,100,0,1515,1640,0,0,0,1290,1163,0,0,0,2,0,0,1,False,False
1516, Approvisionnement en matériaux pour la recon­struc­tion,1300,3000,334,14,0,100,0,1516,1641,0,0,0,1291,1164,0,0,3,2,0,0,1,False,False
1517, Amélioration de matériaux pour le transport des échan­til­lons,700,1500,339,14,0,100,0,1517,1642,0,0,0,1292,1165,0,0,3,2,0,0,1,False,False
1518, Cordages innovants,1600,2400,332,14,0,100,0,1518,1643,0,0,0,1293,1166,0,0,0,3,0,0,1,False,False
1519, Traitement avancé de matériaux de con­struc­tion renforcés,1600,2400,333,14,0,100,0,1519,1644,0,0,0,1294,1167,0,0,0,3,0,0,1,False,False
1520, Approvisionnement stratégique en matériaux pour la recon­struc­tion,2700,3000,334,14,0,100,0,1520,1645,0,0,0,1295,1168,0,0,3,3,0,0,1,False,False
1521, Amélioration des matériaux pour le transport,1000,1500,339,14,0,100,0,1521,1646,0,0,0,1296,1169,0,0,3,3,0,0,1,False,False
1522, Matériaux d'exploration résistants aux intempéries,1600,2100,337,14,0,100,0,1522,1647,0,0,0,1297,1170,0,0,0,3,0,0,1,False,False
1523,Cordages innovants additionnels,1000,1600,332,14,0,100,0,1523,1648,0,0,0,1298,1171,0,0,0,4,0,0,0,False,False
1524,Reproduction et traitement de matériaux de con­struc­tion renforcés,1000,1600,333,14,0,100,0,1524,1649,0,0,0,1299,1172,0,0,0,4,0,0,0,False,False
1525,Composés alchimiques à usage localisé,1400,2000,334,14,0,100,0,1525,1650,0,0,0,1300,1173,0,0,3,4,0,0,0,False,False
1526,Matériaux pour jardinage,1400,2000,335,14,0,100,0,1526,1651,0,0,0,1301,1174,0,0,3,4,0,0,0,False,False
1527,Remplacement de mobilier,1000,1600,336,14,0,100,1200,1527,1652,0,0,0,1302,1175,0,0,0,4,0,0,0,False,False
1528,Amélioration de matériaux d'exploration résistants aux intempéries,880,1050,337,14,0,100,1200,1528,1653,0,0,0,1303,1176,0,0,0,4,0,0,0,False,False
1529,EX : Optimisation écologique des outils d'exploration,800,1000,338,14,0,100,1200,1529,1654,0,0,0,1304,1177,0,0,3,5,0,0,0,False,False
1530,EX : Matériaux pour le transport de qualité supérieure,800,1000,339,14,0,100,0,1530,1655,0,0,0,1305,1178,0,0,3,5,0,0,0,False,False
1531,EX : Combustible pour Auxesia,800,1000,340,14,0,100,0,1531,1656,0,0,0,1306,1179,0,0,3,5,19,17,0,False,False
1532,EX+ : Matériaux résistants aux intempéries portatifs,1800,2000,337,14,0,100,0,1532,1657,0,0,0,1307,1180,0,0,3,6,0,20,0,False,False
1533,EX+ : Combinaison de voyageur,980,1080,341,14,0,100,0,1533,1658,0,0,0,1308,1181,0,0,3,6,0,15,0,False,False
1534,EX+ : Analyse des matériaux de pionnier,1800,2000,342,14,0,100,540,1534,1659,0,0,0,1309,1182,0,0,3,6,20,23,0,False,False
1535,MM : Amélioration d'uniforme pour l'exploration cosmique,0,0,343,14,0,357,300,1535,1660,1661,1662,0,1310,1183,0,0,3,6,0,0,0,False,True
1536,MM : Amélioration de tenue de capitaine,0,0,344,14,0,289,240,1536,1663,1664,1665,0,1311,1184,0,0,3,6,0,0,0,False,True
1537,MM : Amélioration de tenue d'amiral,0,0,345,14,0,304,420,1537,1666,1667,1668,0,1312,1185,0,0,3,6,0,0,0,False,True
1538, Ressources minérales,1200,2400,346,15,0,100,0,1538,1669,0,0,0,1313,1186,0,0,0,1,0,0,1,False,False
1539, Réserves d'eau à long terme,1200,2400,347,15,0,100,0,1539,1670,0,0,0,1314,1187,0,0,0,1,0,0,1,False,False
1540, En-cas expérimentaux pour Loporrites,1200,2400,348,15,0,100,0,1540,1671,0,0,0,1315,1188,0,0,0,1,0,0,1,False,False
1541, Élaboration de denrées transportables,1200,2400,350,15,0,100,0,1541,1672,0,0,0,1316,1189,0,0,0,1,0,0,1,False,False
1542, Ressources minérales (suite),1200,2400,346,15,0,100,0,1542,1673,0,0,0,1317,1190,0,0,0,2,0,0,1,False,False
1543, Réserves d'eau à long terme (suite),1200,2400,347,15,0,100,0,1543,1674,0,0,0,1318,1191,0,0,0,2,0,0,1,False,False
1544, En-cas expérimentaux pour Loporrites (suite),1300,3000,348,15,0,100,0,1544,1675,0,0,0,1319,1192,0,0,3,2,0,0,1,False,False
1545, Élaboration de denrées transportables (suite),700,1500,350,15,0,100,0,1545,1676,0,0,0,1320,1193,0,0,3,2,0,0,1,False,False
1546, Recherche sur les ressources minérales,1600,2400,346,15,0,100,0,1546,1677,0,0,0,1321,1194,0,0,0,3,0,0,1,False,False
1547, Eau de réserve pour machines lourdes,1600,2400,347,15,0,100,0,1547,1678,0,0,0,1322,1195,0,0,0,3,0,0,1,False,False
1548, Aide au repos des Loporrites,2700,3000,348,15,0,100,0,1548,1679,0,0,0,1323,1196,0,0,3,3,0,0,1,False,False
1549, Élaboration avancée de denrées transportables,1000,1500,350,15,0,100,0,1549,1680,0,0,0,1324,1197,0,0,3,3,0,0,1,False,False
1550, Amélioration des denrées transportables,1600,2100,351,15,0,100,0,1550,1681,0,0,0,1325,1198,0,0,0,3,0,0,1,False,False
1551,Recherche et développement de ressources minérales,1000,1600,346,15,0,100,0,1551,1682,0,0,0,1326,1199,0,0,0,4,0,0,0,False,False
1552,Liquide de refroidissement longue durée,1000,1600,347,15,0,100,0,1552,1683,0,0,0,1327,1200,0,0,0,4,0,0,0,False,False
1553,Recherche sur le repos des Loporrites,1400,2000,348,15,0,100,0,1553,1684,0,0,0,1328,1201,0,0,3,4,0,0,0,False,False
1554,Articles essentiels pour l'exploration en plein air,1400,2000,349,15,0,100,0,1554,1685,0,0,0,1329,1202,0,0,3,4,0,0,0,False,False
1555,Recherche appliquée sur la flore planétaire,1000,1600,350,15,0,100,1200,1555,1686,0,0,0,1330,1203,0,0,0,4,0,0,0,False,False
1556,Amélioration des denrées transportables (suite),880,1050,351,15,0,100,1200,1556,1687,0,0,0,1331,1204,0,0,0,4,0,0,0,False,False
1557,EX : Exploitation d'extraits végétaux locaux,800,1000,352,15,0,100,1200,1557,1688,0,0,0,1332,1205,0,0,3,5,0,0,0,False,False
1558,EX : Aide à l'élaboration de matériaux de con­struc­tion biodégradables,800,1000,353,15,0,100,0,1558,1689,0,0,0,1333,1206,0,0,3,5,0,0,0,False,False
1559,EX : Élaboration de spiritueux pour commémoration,800,1000,354,15,0,100,0,1559,1690,0,0,0,1334,1207,0,0,3,5,19,21,0,False,False
1560,EX+ : Amélioration du ra­vi­tail­le­ment des postes extérieurs,1800,2000,355,15,0,100,0,1560,1691,0,0,0,1335,1208,0,0,3,6,0,18,0,False,False
1561,EX+ : Aide à l'élaboration de ressources durables,980,1080,353,15,0,100,0,1561,1692,0,0,0,1336,1209,0,0,3,6,0,23,0,False,False
1562,EX+ : Levures universelles,1800,2000,356,15,0,100,540,1562,1693,0,0,0,1337,1210,0,0,3,6,20,15,0,False,False
1563,MM : Élaboration avancée de potion alchimique pour postérité,0,0,357,15,0,357,300,1563,1694,1695,1696,0,1338,1211,0,0,3,6,0,0,0,False,True
1564,MM : Ressources pour réparations avancées,0,0,358,15,0,289,240,1564,1697,1698,1699,0,1339,1212,0,0,3,6,0,0,0,False,True
1565,MM : Renforcement des outils cosmiques,0,0,359,15,0,304,420,1565,1700,1701,1702,0,1340,1213,0,0,3,6,0,0,0,False,True
1566, Ressources minérales,1200,2400,346,16,0,100,0,1566,1703,0,0,0,1341,1214,0,0,0,1,0,0,1,False,False
1567, Réserves d'eau à long terme,1200,2400,347,16,0,100,0,1567,1704,0,0,0,1342,1215,0,0,0,1,0,0,1,False,False
1568, En-cas expérimentaux pour Loporrites,1200,2400,348,16,0,100,0,1568,1705,0,0,0,1343,1216,0,0,0,1,0,0,1,False,False
1569, Élaboration de denrées transportables,1200,2400,350,16,0,100,0,1569,1706,0,0,0,1344,1217,0,0,0,1,0,0,1,False,False
1570, Ressources minérales (suite),1200,2400,346,16,0,100,0,1570,1707,0,0,0,1345,1218,0,0,0,2,0,0,1,False,False
1571, Réserves d'eau à long terme (suite),1200,2400,347,16,0,100,0,1571,1708,0,0,0,1346,1219,0,0,0,2,0,0,1,False,False
1572, En-cas expérimentaux pour Loporrites (suite),1300,3000,348,16,0,100,0,1572,1709,0,0,0,1347,1220,0,0,3,2,0,0,1,False,False
1573, Élaboration de denrées transportables (suite),700,1500,350,16,0,100,0,1573,1710,0,0,0,1348,1221,0,0,3,2,0,0,1,False,False
1574, Recherche sur les ressources minérales,1600,2400,346,16,0,100,0,1574,1711,0,0,0,1349,1222,0,0,0,3,0,0,1,False,False
1575, Eau de réserve pour élevage animalier,1600,2400,347,16,0,100,0,1575,1712,0,0,0,1350,1223,0,0,0,3,0,0,1,False,False
1576, Aide au repos des Loporrites,2700,3000,348,16,0,100,0,1576,1713,0,0,0,1351,1224,0,0,3,3,0,0,1,False,False
1577, Élaboration avancée de denrées transportables,1000,1500,350,16,0,100,0,1577,1714,0,0,0,1352,1225,0,0,3,3,0,0,1,False,False
1578, Amélioration des denrées transportables,1600,2100,351,16,0,100,0,1578,1715,0,0,0,1353,1226,0,0,0,3,0,0,1,False,False
1579,Recherche et développement de ressources minérales,1000,1600,346,16,0,100,0,1579,1716,0,0,0,1354,1227,0,0,0,4,0,0,0,False,False
1580,Liquide de refroidissement longue durée,1000,1600,347,16,0,100,0,1580,1717,0,0,0,1355,1228,0,0,0,4,0,0,0,False,False
1581,Recherche sur le repos des Loporrites,1400,2000,348,16,0,100,0,1581,1718,0,0,0,1356,1229,0,0,3,4,0,0,0,False,False
1582,Articles essentiels pour l'exploration en plein air,1400,2000,349,16,0,100,0,1582,1719,0,0,0,1357,1230,0,0,3,4,0,0,0,False,False
1583,Recherche appliquée sur la flore planétaire,1000,1600,350,16,0,100,1200,1583,1720,0,0,0,1358,1231,0,0,0,4,0,0,0,False,False
1584,Amélioration des denrées transportables (suite),880,1050,351,16,0,100,1200,1584,1721,0,0,0,1359,1232,0,0,0,4,0,0,0,False,False
1585,Recherche appliquée sur la flore planétaire,800,1000,352,16,0,100,1200,1585,1722,0,0,0,1360,1233,0,0,3,5,0,0,0,False,False
1586,EX : Aide à l'élaboration de matériaux de con­struc­tion biodégradables,800,1000,353,16,0,100,0,1586,1723,0,0,0,1361,1234,0,0,3,5,0,0,0,False,False
1587,EX : Élaboration de spiritueux pour commémoration,800,1000,354,16,0,100,0,1587,1724,0,0,0,1362,1235,0,0,3,5,19,21,0,False,False
1588,EX+ : Amélioration du ra­vi­tail­le­ment des postes extérieurs,1800,2000,355,16,0,100,0,1588,1725,0,0,0,1363,1236,0,0,3,6,0,18,0,False,False
1589,EX+ : Aide à l'élaboration de ressources durables,980,1080,353,16,0,100,0,1589,1726,0,0,0,1364,1237,0,0,3,6,0,15,0,False,False
1590,EX+ : Levures universelles,1800,2000,356,16,0,100,540,1590,1727,0,0,0,1365,1238,0,0,3,6,20,23,0,False,False
1591,MM : Plat instantané spatial complet,0,0,357,16,0,357,300,1591,1728,1729,1730,0,1366,1239,0,0,3,6,0,0,0,False,True
1592,MM : Recherche sur la comestibilité des plantes locales,0,0,358,16,0,289,240,1592,1731,1732,1733,0,1367,1240,0,0,3,6,0,0,0,False,True
1593,MM : Affinage des outils cosmiques,0,0,359,16,0,304,420,1593,1734,1735,1736,0,1368,1241,0,0,3,6,0,0,0,False,True
1594, Étude géologique des alentours de la base,1550,1700,360,17,0,100,600,1594,1737,0,0,0,0,0,5554,0,0,1,0,0,1,False,False
1595, Étude des infrastructures urbaines,4920,5020,361,17,0,100,600,1595,1738,0,0,0,0,0,5554,0,0,1,0,0,1,False,False
1596, Livraison de minerais communs,1550,1700,362,17,0,100,600,1596,1739,0,0,0,0,0,5554,0,0,1,0,0,1,False,False
1597, Récolte continue de mudstone végétale,750,850,363,17,0,100,600,1597,1740,0,0,0,0,0,5554,0,0,1,0,0,1,False,False
1598, Étude géologique de la cité de la Feuillaison,1550,1700,360,17,0,100,600,1598,1741,0,0,0,0,0,5564,0,0,2,0,0,1,False,False
1599, Étude de minéraux éthéréens,4920,5020,361,17,0,100,600,1599,1742,0,0,0,0,0,5564,0,0,2,0,0,1,False,False
1600, Livraison d'échan­til­lons aux valeurs anormales,1550,1700,362,17,0,100,600,1600,1743,0,0,0,0,0,5564,0,0,2,0,0,1,False,False
1601, Étude des résidus magiques,1600,2000,364,17,0,100,600,1601,1744,0,0,0,0,0,5564,0,0,2,0,0,1,False,False
1602, Étude géologique du secteur sud de Pileus Pergola,1550,1700,360,17,0,100,600,1602,1745,0,0,0,0,0,5557,0,0,3,0,0,1,False,False
1603, Étude des vestiges archéologiques,4920,5020,361,17,0,100,600,1603,1746,0,0,0,0,0,5557,0,0,3,0,0,1,False,False
1604, Livraison de matériaux pour analyse,1550,1700,362,17,0,100,600,1604,1747,0,0,0,0,0,5557,0,0,3,0,0,1,False,False
1605, Étude du réseau d'éther urbain,1600,2000,364,17,0,100,600,1605,1748,0,0,0,0,0,5557,0,0,3,0,0,1,False,False
1606, Essais de récolte continue sur Auxesia,2350,2850,365,17,0,100,600,1606,1749,0,0,0,0,0,5557,0,0,3,0,0,1,False,False
1607,Étude géologique du secteur nord-est des Jardins luxuriants,2350,2500,360,17,0,100,600,1607,1750,0,0,0,0,0,5556,0,0,4,0,0,0,False,False
1608,Livraison de morceaux d'oignons auxesiens,2600,3000,362,17,0,100,600,1608,1751,0,0,0,0,0,5556,0,0,4,0,0,0,False,False
1609,Livraison de morceaux de tri-oignons auxesiens,600,700,367,17,0,100,600,1609,1752,0,0,0,0,0,5556,0,3,4,0,0,0,False,False
1610,Livraison de minerai brut hautement réactif,1130,1370,368,17,0,100,600,1610,1753,0,0,0,0,0,5556,0,3,4,0,0,0,False,False
1611,Éthérolyse de matériaux polyvalents,3700,4100,366,17,0,100,600,1611,1754,0,0,0,0,0,5556,0,4,4,0,0,0,False,False
1612,Extraction de métaux précieux,1350,1600,369,17,0,100,600,1612,1755,0,0,0,0,0,5556,0,4,4,0,0,0,False,False
1613,EX : Livraison de matériaux des vestiges urbains,3500,4000,362,17,0,100,600,1613,1756,0,0,0,0,0,5565,0,0,5,0,0,0,False,False
1614,EX : Essais de récolte continue de pommes nickelées,9100,10800,365,17,0,100,600,1614,1757,0,0,0,0,0,5565,0,0,5,0,0,0,False,False
1615,EX : Récolte continue de matériaux d'Oizys,4200,4800,363,17,0,100,600,1615,1758,0,0,0,0,0,5555,0,0,5,19,20,0,False,False
1616,EX+ : Étude de minéraux à forte teneur en éther,1700,1800,361,17,0,100,300,1616,1759,0,0,0,0,0,5565,0,0,6,0,17,0,False,False
1617,EX+ : Livraison de matériaux alchimiques rares,6500,7500,362,17,0,100,180,1617,1760,0,0,0,0,0,5557,0,0,6,0,23,0,False,False
1618,EX+ : Extraction de matériaux à forte teneur en éther,900,1300,366,17,0,100,300,1618,1761,0,0,0,0,0,5558,0,4,6,20,15,0,False,False
1619,MM : Recherche sur l'histoire géologique de la planète,0,0,370,17,0,286,120,1619,1762,1763,1764,0,0,0,5557,0,0,6,0,0,0,False,True
1620,MM : Recherche sur l'histoire botanique de la planète,0,0,371,17,0,109,120,1620,1765,1766,1767,0,0,0,5557,0,0,6,0,0,0,False,True
1621,MM : Recherche sur l'histoire biologique de la planète,0,0,372,17,0,264,120,1621,1768,1769,1770,0,0,0,5557,0,3,6,0,0,0,False,True
1622, Étude des végétaux des alentours de la base,1550,1700,360,18,0,100,600,1622,1771,0,0,0,0,0,5554,0,0,1,0,0,1,False,False
1623, Étude des nœuds éthérés environnants,4920,5020,361,18,0,100,600,1623,1772,0,0,0,0,0,5554,0,0,1,0,0,1,False,False
1624, Livraison de plantes communes,1550,1700,362,18,0,100,600,1624,1773,0,0,0,0,0,5554,0,0,1,0,0,1,False,False
1625, Récolte continue de bois de la plage de la Feuillaison,750,850,363,18,0,100,600,1625,1774,0,0,0,0,0,5554,0,0,1,0,0,1,False,False
1626, Étude des plantes de la cité de la Feuillaison,1550,1700,360,18,0,100,600,1626,1775,0,0,0,0,0,5564,0,0,2,0,0,1,False,False
1627, Étude de l'éther végétal,4920,5020,361,18,0,100,600,1627,1776,0,0,0,0,0,5564,0,0,2,0,0,1,False,False
1628, Livraison d'échan­til­lons aux valeurs anormales,1550,1700,362,18,0,100,600,1628,1777,0,0,0,0,0,5564,0,0,2,0,0,1,False,False
1629, Étude des résidus magiques,1600,2000,364,18,0,100,600,1629,1778,0,0,0,0,0,5564,0,0,2,0,0,1,False,False
1630, Étude des plantes à Pileus Pergola,1550,1700,360,18,0,100,600,1630,1779,0,0,0,0,0,5566,0,0,3,0,0,1,False,False
1631, Étude des échan­til­lons aux valeurs anormales,4920,5020,361,18,0,100,600,1631,1780,0,0,0,0,0,5566,0,0,3,0,0,1,False,False
1632, Livraison de matériaux pour analyse,1550,1700,362,18,0,100,600,1632,1781,0,0,0,0,0,5566,0,0,3,0,0,1,False,False
1633, Étude du réseau d'éther urbain,1600,2000,364,18,0,100,600,1633,1782,0,0,0,0,0,5566,0,0,3,0,0,1,False,False
1634, Essais de récolte continue sur Auxesia,2350,2850,365,18,0,100,600,1634,1783,0,0,0,0,0,5566,0,0,3,0,0,1,False,False
1635,Étude des plantes de la Haute pépinière,2350,2500,360,18,0,100,600,1635,1784,0,0,0,0,0,5560,0,0,4,0,0,0,False,False
1636,Livraison de cubes copieurs,2600,3000,362,18,0,100,600,1636,1785,0,0,0,0,0,5560,0,0,4,0,0,0,False,False
1637,Livraison de cubes copieurs arc-en-ciel,600,700,367,18,0,100,600,1637,1786,0,0,0,0,0,5560,0,3,4,0,0,0,False,False
1638,Livraison de fibres hautement conductrices,1130,1370,368,18,0,100,600,1638,1787,0,0,0,0,0,5560,0,3,4,0,0,0,False,False
1639,Éthérolyse de matériaux polyvalents,3700,4100,366,18,0,100,600,1639,1788,0,0,0,0,0,5560,0,4,4,0,0,0,False,False
1640,Extraction de graines destinées à la recherche,1350,1600,369,18,0,100,600,1640,1789,0,0,0,0,0,5560,0,4,4,0,0,0,False,False
1641,EX : Livraison de matériaux des vestiges urbains,3500,4000,362,18,0,100,600,1641,1790,0,0,0,0,0,5565,0,0,5,0,0,0,False,False
1642,EX. : Essais de récolte continue de rameaux de printanier de bruine,9100,10800,365,18,0,100,600,1642,1791,0,0,0,0,0,5565,0,0,5,0,0,0,False,False
1643,EX : Récolte continue de bois minéralisé,4200,4800,363,18,0,100,600,1643,1792,0,0,0,0,0,5555,0,0,5,19,22,0,False,False
1644,EX : Étude des écorces à haute teneur en éther,1700,1800,361,18,0,100,300,1644,1793,0,0,0,0,0,5565,0,0,6,0,19,0,False,False
1645,EX+ : Livraison de matériaux alchimiques rares,6500,7500,362,18,0,100,180,1645,1794,0,0,0,0,0,5566,0,0,6,0,15,0,False,False
1646,EX+ : Extraction de matériaux à forte teneur en éther,900,1300,366,18,0,100,300,1646,1795,0,0,0,0,0,5558,0,4,6,20,23,0,False,False
1647,MM : Recherche sur l'histoire géologique de la planète,0,0,370,18,0,286,120,1647,1796,1797,1798,0,0,0,5557,0,0,6,0,0,0,False,True
1648,MM : Recherche sur l'histoire botanique de la planète,0,0,371,18,0,109,120,1648,1799,1800,1801,0,0,0,5557,0,0,6,0,0,0,False,True
1649,MM : Recherche sur l'histoire biologique de la planète,0,0,372,18,0,264,120,1649,1802,1803,1804,0,0,0,5557,0,3,6,0,0,0,False,True
1650, Étude de l'impact environnemental sur la pisciculture,16750,17000,373,19,0,100,1800,1650,1805,0,0,0,1369,0,5537,0,0,1,0,0,1,False,False
1651, Étude au Havre forestier,14600,15300,375,19,0,100,1800,1651,1806,0,0,0,1370,0,5538,0,0,1,0,0,1,False,False
1652, Étude corrélative de l'environnement du Havre forestier,1200,1500,376,19,0,100,1800,1652,1807,0,0,0,1371,0,5537,0,0,1,0,0,1,False,False
1653, Livraison de matériaux temporaires pour la station,15900,16200,377,19,0,100,1800,1653,1808,0,0,0,1372,0,5538,0,0,1,0,0,1,False,False
1654, Étude de grands spécimens aquatiques,2040,3690,374,19,0,100,1800,1654,1809,0,0,0,1373,0,5537,0,0,2,0,0,1,False,False
1655, Étude de la viabilité d'appâts spécifiques,3000,4000,379,19,0,100,1800,1655,1810,0,0,0,1374,0,5538,0,0,2,0,0,1,False,False
1656, Grands échan­til­lons aquatiques en urgence,20800,26000,378,19,0,100,1800,1656,1811,0,0,0,1375,0,5537,0,0,2,0,0,1,False,False
1657, Collecte d'échan­til­lons de la partie sud du centre urbain,1200,2750,380,19,0,100,1800,1657,1812,0,0,0,1376,0,5538,0,3,2,0,0,1,False,False
1658, Étude corrélative de l'environnement autour de la Pousse épanouie,2400,3000,376,19,0,100,1800,1658,1813,0,0,0,1377,0,5539,0,0,3,0,0,1,False,False
1659, Étude sur l'utilisation de tarentules cosmiques,1600,2000,382,19,0,100,1800,1659,1814,0,0,0,1378,0,5541,0,3,3,0,0,1,False,False
1660, Recherche sur les poissons-plantes,7390,12940,381,19,0,100,1800,1660,1815,0,0,0,1379,0,5539,0,0,3,0,0,1,False,False
1661, Collecte d'échan­til­lons des ruines,1500,2500,380,19,0,100,1800,1661,1816,0,0,0,1380,0,5541,0,3,3,0,0,1,False,False
1662, Étude de ressources végétales aquatiques,15100,15700,373,19,0,100,1800,1662,1817,0,0,0,1381,0,5539,0,0,3,0,0,1,False,False
1663,Étude au bassin d'Émeraude,11600,12900,375,19,0,100,1800,1663,1818,0,0,0,1382,0,5539,0,0,4,0,0,0,False,False
1664,Étude sur l'utilisation des bras universels d'eau douce,2400,3000,382,19,0,100,1800,1664,1819,0,0,0,1383,0,5541,0,3,4,0,0,0,False,False
1665,Étude opérationnelle des organismes de la cité sous-marine,14300,15000,373,19,0,100,1800,1665,1820,0,0,0,1384,0,5540,0,0,4,0,0,0,False,False
1666,Étude corrélative de l'environnement du bassin d'Émeraude,2000,2500,376,19,0,100,1800,1666,1821,0,0,0,1385,0,5539,0,0,4,0,0,0,False,False
1667,Collecte d'échan­til­lons de la partie nord du Foyer primaire,8000,10000,380,19,0,100,1800,1667,1822,0,0,0,1386,0,5541,0,3,4,0,0,0,False,False
1668,Étude de grands organismes sous-marins,4070,4720,374,19,0,100,1800,1668,1823,0,0,0,1387,0,5540,0,0,4,0,0,0,False,False
1669,EX : Étude à la partie nord du Foyer primaire,11100,12500,375,19,0,100,1800,1669,1824,0,0,0,1388,0,5541,0,0,5,0,0,0,False,False
1670,EX : Étude de grands spécimens aquatiques,8870,9610,374,19,0,100,1800,1670,1825,0,0,0,1389,0,5540,0,0,5,0,0,0,False,False
1671,EX : Grands spécimens mutants en urgence,48000,60000,378,19,0,100,1800,1671,1826,0,0,0,1390,0,5542,0,0,5,19,18,0,False,False
1672,EX+ : Étude à la fontaine luxuriante,2500,4000,375,19,0,100,650,1672,1827,0,0,0,1391,0,5541,0,0,6,0,21,0,False,False
1673,EX+ : Étude environnementale pour pisciculture à l'ouest de la Nervure routière,2500,3150,373,19,0,100,480,1673,1828,0,0,0,1392,0,5540,0,0,6,0,23,0,False,False
1674,EX+ : Étude corrélative de l'environnement de la parcelle du rivage,16200,18200,376,19,0,100,540,1674,1829,0,0,0,1393,0,5543,0,0,6,20,15,0,False,False
1675,MM : Étude de biodiversité des poissons-plantes,0,0,383,19,0,10,240,1675,1830,1831,1832,0,1394,0,5544,0,0,6,0,0,0,False,True
1676,MM : Étude d'écosystème des poissons-plantes indigènes,0,0,384,19,0,72,300,1676,1833,1834,1835,0,1395,0,5544,0,3,6,0,0,0,False,True
1677,MM : Étude des poissons-plantes légendaires,0,0,385,19,0,26,420,1677,1836,1837,1838,0,1396,0,5544,0,0,6,0,0,0,False,True
1678, Combustible pour armes à feu,0,0,388,9,0,100,1200,1678,1839,1840,0,0,1397,1242,5563,24000,0,1,0,0,1,True,False
1679, Encens dégrisant,0,0,391,9,0,100,1200,1679,1841,1842,0,0,1398,1243,5556,24500,0,1,0,0,1,True,False
1680, Armes incendiaires pour l'éradication de plantes,0,0,386,10,0,100,1200,1680,1843,1844,0,0,1399,1244,5557,24000,0,1,0,0,1,True,False
1681, Lames pour foreuses,0,0,389,10,0,100,1200,1681,1845,1846,0,0,1400,1245,5553,24500,0,1,0,0,1,True,False
1682, Plaques métalliques pour mécano cosmique,0,0,390,11,0,100,1200,1682,1847,1848,0,0,1401,1246,5557,24000,0,1,0,0,1,True,False
1683, Réservoir à spores,0,0,393,11,0,100,1200,1683,1849,1850,0,0,1402,1247,5566,24500,0,1,0,0,1,True,False
1684, Composants de rechange,0,0,390,12,0,100,1200,1684,1851,1852,0,0,1403,1248,5557,24000,0,1,0,0,1,True,False
1685, Circuits pour drone,0,0,392,12,0,100,1200,1685,1853,1854,0,0,1404,1249,5554,24000,0,1,0,0,1,True,False
1686, Gants anti-perforation pour l'éradication des plantes,0,0,386,13,0,100,1200,1686,1855,1856,0,0,1405,1250,5557,24000,0,1,0,0,1,True,False
1687, Masques de protection anti-spores,0,0,393,13,0,100,1200,1687,1857,1858,0,0,1406,1251,5566,24500,0,1,0,0,1,True,False
1688, Masques de protection contre le feu,0,0,388,14,0,100,1200,1688,1859,1860,0,0,1407,1252,5563,24000,0,1,0,0,1,True,False
1689, Ceinture porte-outils pour réparation de drones,0,0,392,14,0,100,1200,1689,1861,1862,0,0,1408,1253,5554,24000,0,1,0,0,1,True,False
1690, Allume-feu pour armes incendiaires,0,0,388,15,0,100,1200,1690,1863,1864,0,0,1409,1254,5563,24000,0,1,0,0,1,True,False
1691, Mise au point d'une boisson dégrisante,0,0,391,15,0,100,1200,1691,1865,1866,0,0,1410,1255,5556,24500,0,1,0,0,1,True,False
1692, Prélèvement d'échan­til­lons pour analyse de la qualité de l'eau,0,0,387,16,0,100,1200,1692,1867,1868,0,0,1411,1256,5557,24500,0,1,0,0,1,True,False
1693, Huile de lubrification pour foreuses,0,0,389,16,0,100,1200,1693,1869,1870,0,0,1412,1257,5553,24500,0,1,0,0,1,True,False
1694, Récolte de fruits riches en minéraux rares,0,0,389,17,0,100,1200,1694,1871,1872,0,0,0,0,5553,24500,0,1,0,0,1,True,False
1695, Matériaux de plaques métalliques pour mécano cosmique,0,0,390,17,0,100,1200,1695,1873,1874,0,0,0,0,5557,24000,0,1,0,0,1,True,False
1696, Éradication de plantes en zone interdite aux armes incendiaires,0,0,386,18,0,100,1200,1696,1875,1876,0,0,0,0,5557,24000,0,1,0,0,1,True,False
1697, Échantillons de champignons,0,0,393,18,0,100,1200,1697,1877,1878,0,0,0,0,5566,24500,0,1,0,0,1,True,False
1698, Plantes aquatiques bioluminescentes,0,0,387,19,0,100,1200,1698,1879,1880,0,0,1413,0,5540,24500,0,1,0,0,1,True,False
1699, Plantes aquatiques pour encens,0,0,391,19,0,100,1200,1699,1881,1882,0,0,1414,0,5541,24500,0,1,0,0,1,True,False
1700,,0,0,0,0,0,0,0,0,0,0,0,0,0,0,0,0,0,0,0,0,0,False,False
1701,,0,0,0,0,0,0,0,0,0,0,0,0,0,0,0,0,0,0,0,0,0,False,False
1702,,0,0,0,0,0,0,0,0,0,0,0,0,0,0,0,0,0,0,0,0,0,False,False
1703,,0,0,0,0,0,0,0,0,0,0,0,0,0,0,0,0,0,0,0,0,0,False,False
